chip,bin_start,bin_end,sector,n,erase_us_p10,erase_us_p50,erase_us_p90,program_us_p10,program_us_p50,program_us_p90,erase_us_q00,erase_us_q05,erase_us_q10,erase_us_q15,erase_us_q20,erase_us_q25,erase_us_q30,erase_us_q35,erase_us_q40,erase_us_q45,erase_us_q50,erase_us_q55,erase_us_q60,erase_us_q65,erase_us_q70,erase_us_q75,erase_us_q80,erase_us_q85,erase_us_q90,erase_us_q95,erase_us_q100
chip09,1,1000,0,1000,28734,30387,32075,6480,6500,6564,23674,28183,28734,28976,29233,29451,29698,30034,30166,30278,30387,30528,30683,31036,31221,31379,31546,31785,32075,32817,34956
chip09,1,1000,1,1000,32519,36640,39160,6479,6500,6567,27792,31644,32519,33176,33917,34401,35081,35530,35716,35967,36640,36765,36951,37518,37842,37949,38147,38868,39160,40104,41311
chip09,1,1000,2,1000,28010,29661,31457,6480,6500,6565,24269,27503,28010,28277,28628,29005,29119,29207,29303,29435,29661,29974,30095,30224,30372,30572,30785,30988,31457,32019,33860
chip09,1,1000,3,1000,29018,31905,34094,6479,6500,6566,24639,28381,29018,29592,29881,30156,30656,30957,31256,31595,31905,32238,32495,32640,32796,32922,33521,33716,34094,35032,36861
chip09,1,1000,4,1000,26525,28437,30222,6479,6500,6566,23134,26230,26525,27213,27432,27545,27663,27788,27960,28119,28437,28552,28646,28782,28982,29164,29316,29765,30222,30519,32212
chip09,1,1000,5,1000,26909,29199,31471,6481,6500,6566,23238,26312,26909,27586,27845,28047,28316,28676,28948,29082,29199,29348,29561,30015,30197,30370,30692,31001,31471,32036,33820
chip09,1,1000,6,1000,27675,29468,31824,6480,6500,6566,25040,26816,27675,27927,28138,28589,28853,29033,29206,29344,29468,29791,30060,30272,30429,30740,30910,31247,31824,32166,35116
chip09,1001,2000,0,1000,29821,31557,34143,6485,6504,6566,28228,29725,29821,29940,30641,30764,30851,30932,31210,31370,31557,32021,32267,32423,32554,32791,33547,33973,34143,35102,37906
chip09,1001,2000,1,1000,38744,40041,41271,6483,6502,6569,34564,37557,38744,38853,38944,39014,39662,39798,39895,39956,40041,40095,40148,40224,40996,41040,41109,41175,41271,42199,43364
chip09,1001,2000,2,1000,29754,31927,34829,6483,6502,6570,28130,28848,29754,30153,30410,30555,30678,31427,31503,31633,31927,32477,32800,33159,33253,33423,34175,34357,34829,35787,37253
chip09,1001,2000,3,1000,31527,33429,35899,6483,6502,6567,28872,30612,31527,31809,32050,32257,32822,33023,33250,33315,33429,33597,33825,34295,34462,34659,34860,35169,35899,36328,38586
chip09,1001,2000,4,1000,28227,29616,31214,6481,6502,6568,27157,27345,28227,28569,28646,28731,28829,28930,29014,29548,29616,29677,29776,29856,29943,30186,30328,30686,31214,31436,33072
chip09,1001,2000,5,1000,29760,31153,32846,6482,6502,6568,27330,28895,29760,30005,30197,30297,30397,30518,30606,31040,31153,31265,31354,31495,31576,31844,32024,32680,32846,33183,34591
chip09,1001,2000,6,1000,30451,31957,34327,6482,6502,6569,28787,30229,30451,30579,30932,31381,31493,31564,31739,31842,31957,32160,32570,32790,32919,33156,33296,33602,34327,34803,37183
chip09,2001,3000,0,1000,32450,34882,37275,6497,6516,6537,30680,32175,32450,33312,33526,33673,33870,34426,34598,34798,34882,35025,35205,35724,35952,36120,36264,36514,37275,37772,39575
chip09,2001,3000,1,1000,38697,40860,42160,6496,6513,6534,35477,38531,38697,39563,39781,39874,39936,39997,40672,40799,40860,40911,40977,41059,41131,41222,42015,42081,42160,43122,45467
chip09,2001,3000,2,1000,31276,32852,35106,6495,6513,6535,29562,31122,31276,31432,31528,32158,32258,32425,32623,32713,32852,32995,33161,33632,33737,33885,34047,34264,35106,35426,37111
chip09,2001,3000,3,1000,32795,34392,36776,6495,6513,6534,30877,32406,32795,33006,33131,33243,33879,34058,34177,34290,34392,34528,34848,35279,35419,35611,35790,35996,36776,37135,39761
chip09,2001,3000,4,1000,28517,30687,32304,6495,6512,6534,27072,28450,28517,29355,29440,29733,29819,29895,29983,30081,30687,30776,30843,30918,31009,31230,31392,32143,32304,32653,35375
chip09,2001,3000,5,1000,30071,31678,33784,6494,6512,6534,28390,29933,30071,30842,31015,31233,31319,31396,31460,31569,31678,32213,32278,32389,32516,32632,32852,33081,33784,34004,35624
chip09,2001,3000,6,1000,32391,34183,36546,6495,6513,6534,29910,31526,32391,32684,32839,32982,33138,33641,33796,33965,34183,34314,34457,34683,35194,35300,35531,35726,36546,36948,39756
chip09,3001,4000,0,1000,31930,34151,35896,6486,6505,6573,30356,31854,31930,32775,32854,33095,33197,33287,33375,34060,34151,34229,34283,34450,34575,34807,35475,35631,35896,36850,40257
chip09,3001,4000,1,1000,38215,40535,42092,6485,6505,6572,35958,38091,38215,39094,39499,39573,39616,39653,39728,40488,40535,40586,40647,40911,40960,41003,41874,41918,42092,43062,45336
chip09,3001,4000,2,1000,31704,33340,35003,6485,6505,6573,29506,30985,31704,31941,32242,32326,32406,32539,33141,33241,33340,33456,33568,33807,33891,34042,34748,34837,35003,35429,37814
chip09,3001,4000,3,1000,34077,36547,39367,6484,6505,6573,30954,33789,34077,34846,35017,35205,35428,35568,36238,36453,36547,36682,36838,37640,37904,38345,38434,39277,39367,39839,42216
chip09,3001,4000,4,1000,30907,32057,33904,6484,6506,6573,29491,30502,30907,30995,31044,31083,31133,31861,31944,31998,32057,32320,32477,32610,33257,33347,33479,33585,33904,34819,37769
chip09,3001,4000,5,1000,32040,33549,35165,6485,6504,6571,30565,31149,32040,32392,32517,32576,32647,33214,33419,33488,33549,33623,33886,34013,34126,34798,34903,35017,35165,36326,39422
chip09,3001,4000,6,1000,32379,33992,36445,6485,6506,6572,30794,32276,32379,32472,33223,33330,33428,33786,33850,33933,33992,34715,34796,34877,34979,35402,35526,36371,36445,36968,40828
chip09,4001,5000,0,1000,32836,34261,36479,6489,6504,6530,31231,32602,32836,32937,33033,33760,33864,33964,34115,34201,34261,34402,35090,35157,35216,35316,35527,35690,36479,36678,39010
chip09,4001,5000,1,1000,39206,40638,41935,6487,6501,6528,36219,38741,39206,39302,39385,39486,40170,40247,40345,40439,40638,40686,40737,40799,41579,41625,41667,41704,41935,42895,44142
chip09,4001,5000,2,1000,33199,34714,36520,6488,6501,6528,30725,32218,33199,33387,33482,33588,33714,34297,34417,34578,34714,34850,34955,35094,35753,35868,35962,36153,36520,37371,40492
chip09,4001,5000,3,1000,36111,38149,40473,6488,6501,6524,33495,35147,36111,36371,36478,37205,37355,37508,37957,38048,38149,38285,38917,38992,39061,39162,39482,39659,40473,40831,44178
chip09,4001,5000,4,1000,32011,33539,35914,6487,6501,6527,30602,31680,32011,32150,32236,32919,33038,33146,33219,33453,33539,33704,34368,34488,34577,34717,34975,35169,35914,36196,39155
chip09,4001,5000,5,1000,32254,34413,35968,6488,6501,6526,30699,32166,32254,33109,33199,33508,33579,33646,33728,33782,34413,34498,34551,34629,34701,34854,35068,35288,35968,36181,39032
chip09,4001,5000,6,1000,33461,36395,40399,6489,6502,6524,31629,32977,33461,33644,33751,34571,34672,35087,35899,36133,36395,37172,37847,37947,38785,38898,39408,39492,40399,40810,43034
chip09,5001,6000,0,1000,33706,35085,37077,6495,6512,6533,31427,32770,33706,33962,34029,34075,34146,34887,34957,35011,35085,35286,35380,35450,35558,36281,36358,36432,37077,37996,39797
chip09,5001,6000,1,1000,40460,41818,44001,6494,6510,6533,37351,40360,40460,40519,41333,41396,41439,41501,41740,41790,41818,41862,42713,42750,42778,42826,43036,43121,44001,45132,47338
chip09,5001,6000,2,1000,34072,35667,37751,6493,6510,6533,31829,33258,34072,34225,34506,34609,34679,34831,35510,35589,35667,35893,36025,36105,36798,36921,37016,37152,37751,38659,40396
chip09,5001,6000,3,1000,35619,38623,40344,6494,6509,6529,33099,34684,35619,36045,36178,36992,37091,37736,37794,37853,38623,38694,38740,38788,39259,39340,39436,40284,40344,40712,42997
chip09,5001,6000,4,1000,34196,36267,38810,6494,6509,6530,31790,33331,34196,34339,34652,34796,35529,35693,35897,36079,36267,36987,37137,37698,37810,37884,38664,38751,38810,39313,41700
chip09,5001,6000,5,1000,33331,34879,37193,6494,6510,6533,30496,32923,33331,33395,34228,34296,34385,34696,34775,34822,34879,35640,35719,35767,35830,36089,36228,36966,37193,37834,40462
chip09,5001,6000,6,1000,36814,39174,40753,6493,6509,6531,33001,35836,36814,37576,37630,37687,37818,38550,38602,38683,39174,39251,39297,39387,40156,40203,40246,40366,40753,41671,44099
chip09,6001,7000,0,1000,34821,36625,38425,6503,6522,6538,33436,33901,34821,35046,35120,35174,35240,36003,36064,36143,36625,36712,36780,36876,37565,37675,37760,37848,38425,39293,40989
chip09,6001,7000,1,1000,40205,41624,43801,6502,6520,6535,38632,39660,40205,40263,40315,40424,41191,41229,41314,41529,41624,41669,41717,42515,42572,42628,42696,42898,43801,43902,46209
chip09,6001,7000,2,1000,34096,35710,37617,6501,6519,6534,31631,33866,34096,34312,34373,34452,35202,35288,35347,35466,35710,35776,35837,36562,36677,36745,36801,37460,37617,38499,41481
chip09,6001,7000,3,1000,35766,37605,39982,6500,6519,6534,33050,35396,35766,35871,36644,36781,36868,37393,37474,37554,37605,37730,38400,38455,38518,38582,38987,39170,39982,40157,42823
chip09,6001,7000,4,1000,35838,38357,40074,6501,6519,6535,32874,35424,35838,36678,36894,37375,37459,37539,37596,38261,38357,38461,38531,38628,39014,39179,39913,39987,40074,40474,42705
chip09,6001,7000,5,1000,34426,36003,38540,6501,6519,6535,31608,34013,34426,34509,34591,35344,35443,35551,35817,35904,36003,36741,36813,36895,37006,37539,37634,38353,38540,38696,41553
chip09,6001,7000,6,1000,35760,38248,39951,6501,6519,6535,33019,35388,35760,35874,36671,36883,37320,37395,37487,37594,38248,38307,38375,38456,38560,38963,39062,39880,39951,40132,42729
chip09,7001,8000,0,1000,36316,37541,39426,6500,6521,6535,33625,35101,36316,36378,36455,36548,36692,37313,37379,37470,37541,37927,38016,38094,38205,38881,38971,39066,39426,40409,41148
chip09,7001,8000,1,1000,41017,42785,47161,6499,6518,6534,38537,40092,41017,41315,41449,41508,42321,42420,42461,42683,42785,43615,43709,43908,44804,44963,45963,46191,47161,47353,50463
chip09,7001,8000,2,1000,34991,37110,38747,6498,6518,6532,32678,34122,34991,35364,35442,35518,35631,36389,36469,36566,37110,37157,37228,37288,38043,38102,38152,38228,38747,39577,41285
chip09,7001,8000,3,1000,37248,38973,41202,6498,6517,6533,35375,37154,37248,37942,38092,38244,38679,38742,38807,38882,38973,39650,39702,39778,39834,39963,40267,40444,41202,41386,43847
chip09,7001,8000,4,1000,36500,38269,40247,6499,6518,6533,33813,35538,36500,37071,37185,37271,37356,38038,38138,38211,38269,38694,38753,38826,38904,39667,39731,39837,40247,41193,42634
chip09,7001,8000,5,1000,34402,36628,38400,6498,6517,6532,32911,34245,34402,35256,35475,35577,35649,35754,36456,36549,36628,36728,37219,37317,37413,38136,38213,38305,38400,39034,41296
chip09,7001,8000,6,1000,37061,38800,41216,6498,6517,6532,34953,37004,37061,37187,37927,37984,38071,38591,38690,38743,38800,38879,39617,39675,39736,39830,40239,40436,41216,41338,43853
chip09,8001,9000,0,1000,36253,37982,40263,6511,6532,6550,34645,36189,36253,37096,37171,37252,37707,37778,37822,37875,37982,38647,38722,38761,38825,39200,39363,40136,40263,40691,43260
chip09,8001,9000,1,1000,43511,45081,48194,6507,6528,6546,41002,42567,43511,43779,43833,44664,44758,44807,44968,45014,45081,45930,45976,46100,46149,47048,47122,47253,48194,48352,51386
chip09,8001,9000,2,1000,36821,38482,41012,6510,6529,6546,33875,36145,36821,36855,36927,37038,37776,37818,37897,37999,38482,38523,38602,39382,39436,39506,39642,40097,41012,41478,44950
chip09,8001,9000,3,1000,38422,39542,41112,6509,6528,6546,36776,37797,38422,38482,38529,38576,38650,39386,39445,39495,39542,39928,39996,40052,40127,40904,40985,41042,41112,41556,43639
chip09,8001,9000,4,1000,38622,41016,42831,6510,6528,6546,35168,38434,38622,39410,39619,39979,40050,40143,40882,40962,41016,41104,41349,41447,41523,42308,42433,42677,42831,43748,46127
chip09,8001,9000,5,1000,35038,37048,38747,6508,6528,6546,32646,34091,35038,35369,35436,35506,36302,36368,36456,36953,37048,37123,37236,37917,37989,38058,38109,38537,38747,39583,41137
chip09,8001,9000,6,1000,37848,39491,41485,6508,6528,6546,35230,36898,37848,38360,38430,38481,38559,39299,39367,39435,39491,39909,39995,40101,40866,40927,41012,41108,41485,42422,44025
chip09,9001,10000,0,1000,37519,39111,41457,6512,6534,6552,35928,37427,37519,37691,38381,38443,38570,38921,38994,39046,39111,39220,39892,39951,40014,40117,40484,40621,41457,41573,44271
chip09,9001,10000,1,1000,44563,47200,50325,6511,6531,6549,40970,43575,44563,44861,45771,45868,46038,46914,47010,47117,47200,48044,48144,48222,48318,49199,49276,49387,50325,51369,53610
chip09,9001,10000,2,1000,35952,37755,39820,6511,6531,6550,33750,35104,35952,36530,36609,36724,36792,37491,37598,37685,37755,38166,38238,38371,39098,39171,39254,39367,39820,40732,43536
chip09,9001,10000,3,1000,38238,40684,42599,6510,6531,6549,36517,38151,38238,38329,39141,39218,39703,39788,39821,39885,40684,40729,40767,40851,41240,41290,42172,42241,42599,43557,47329
chip09,9001,10000,4,1000,38190,39742,41325,6512,6532,6549,36004,37578,38190,38239,38288,38353,39134,39186,39236,39287,39742,39806,39863,39927,40717,40772,40822,40886,41325,42244,44882
chip09,9001,10000,5,1000,36839,38441,40794,6512,6532,6549,34800,36768,36839,36902,36963,37735,37788,37856,37920,38337,38441,38501,39216,39338,39399,39450,39804,39904,40794,40959,44809
chip09,9001,10000,6,1000,38141,39685,41283,6511,6531,6549,36453,38057,38141,38191,38249,38368,39077,39138,39174,39250,39685,39761,39818,39883,40645,40719,40775,40844,41283,42241,46028
chip09,10001,11000,0,1000,37348,38922,41259,6492,6510,6573,35822,37295,37348,38169,38250,38292,38353,38798,38840,38866,38922,39702,39758,39797,39840,39899,40311,40396,41259,41394,44137
chip09,10001,11000,1,1000,46811,49287,52509,6491,6509,6574,42990,45847,46811,47035,47946,48015,48181,49070,49130,49208,49287,50186,50253,50365,50456,51330,51433,52375,52509,53546,56708
chip09,10001,11000,2,1000,37394,39013,40631,6491,6509,6574,36312,36486,37394,37922,38012,38050,38095,38180,38921,38978,39013,39062,39452,39530,39612,39679,40456,40526,40631,41876,44606
chip09,10001,11000,3,1000,38969,40631,43348,6491,6509,6574,36361,38087,38969,39462,39595,39643,40346,40506,40553,40582,40631,40977,41083,41173,41975,42062,42331,42468,43348,43707,47041
chip09,10001,11000,4,1000,37996,39573,41113,6492,6510,6573,36331,37412,37996,38054,38094,38822,38964,39016,39058,39504,39573,39633,39679,40446,40506,40554,40600,40975,41113,42017,44624
chip09,10001,11000,5,1000,38138,39720,42052,6492,6511,6573,36423,38081,38138,38175,38235,39054,39108,39155,39640,39692,39720,39746,39834,40613,40653,40682,40722,41159,42052,42147,44956
chip09,10001,11000,6,1000,37944,39040,40627,6492,6509,6571,36295,37869,37944,37983,38021,38084,38868,38913,38940,38973,39040,39534,39581,39618,39735,40489,40531,40574,40627,41150,43432
chip09,11001,12000,0,1000,38645,40183,42435,6501,6519,6542,37041,38537,38645,38718,39498,39593,39654,39965,40059,40124,40183,40255,40952,41027,41089,41150,41434,41578,42435,42582,45292
chip09,11001,12000,1,1000,44541,47030,50300,6499,6516,6542,41825,44185,44541,45456,45659,45780,45821,46717,46841,46961,47030,47907,48043,48118,49024,49081,49234,50162,50300,51299,55497
chip09,11001,12000,2,1000,37232,38773,40393,6499,6517,6541,34736,36355,37232,37717,37781,37840,37883,37922,37993,38714,38773,38825,38865,38937,39368,39435,39540,40294,40393,40778,42294
chip09,11001,12000,3,1000,39381,40955,43245,6500,6516,6540,37669,39215,39381,39479,40223,40343,40424,40757,40811,40870,40955,41690,41757,41804,41878,42182,42262,43159,43245,43621,47186
chip09,11001,12000,4,1000,39254,40772,42289,6499,6517,6539,37635,38682,39254,39321,39388,39522,40230,40282,40326,40391,40772,40822,40867,40920,41679,41762,41837,41915,42289,43224,44786
chip09,11001,12000,5,1000,37905,39503,41051,6499,6517,6539,36237,37845,37905,37967,38013,38781,38885,38954,39042,39443,39503,39552,39619,40360,40428,40485,40539,40911,41051,41901,44652
chip09,11001,12000,6,1000,37870,40242,41829,6499,6516,6538,36104,37723,37870,38725,39233,39281,39322,39384,39460,40184,40242,40287,40335,40427,40781,40845,41023,41770,41829,42250,44522
chip09,12001,13000,0,1000,38438,39965,42211,6505,6528,6549,36904,38382,38438,38528,39312,39384,39466,39831,39881,39918,39965,40035,40781,40837,40887,40926,41018,41371,42211,42349,44172
chip09,12001,13000,1,1000,46629,49184,52316,6503,6526,6546,41729,45593,46629,46830,47746,47943,48002,48902,48996,49117,49184,50072,50117,50238,50287,51194,51262,51367,52316,53354,56571
chip09,12001,13000,2,1000,37643,39223,41557,6505,6525,6546,36043,37565,37643,37700,37789,38534,38621,38709,39058,39140,39223,39309,40011,40070,40152,40246,40600,40841,41557,42006,44661
chip09,12001,13000,3,1000,39144,40701,43000,6505,6525,6547,37501,38977,39144,39214,39959,40085,40150,40239,40594,40649,40701,40770,41529,41576,41622,41694,42046,42132,43000,43096,45696
chip09,12001,13000,4,1000,40120,42002,44269,6505,6526,6548,37565,39217,40120,40547,40596,40705,41496,41552,41627,41966,42002,42046,42137,42920,42966,43009,43297,43388,44269,44372,46887
chip09,12001,13000,5,1000,37684,39298,40789,6505,6525,6546,36113,37634,37684,37743,37840,38611,38663,38720,39139,39250,39298,39343,39406,40166,40208,40250,40288,40354,40789,41711,43212
chip09,12001,13000,6,1000,38429,40042,41661,6506,6525,6546,35996,37575,38429,38551,39011,39073,39114,39175,39237,39979,40042,40085,40140,40199,40587,40699,41497,41587,41661,42093,44372
chip09,13001,14000,0,1000,39252,40731,42262,6513,6533,6548,36887,38357,39252,39616,39678,39728,39777,39929,40597,40666,40731,41010,41109,41160,41230,42006,42071,42130,42262,43398,46158
chip09,13001,14000,1,1000,47729,51063,54356,6512,6532,6546,44115,46678,47729,47905,48829,48996,49083,49961,50034,50159,51063,51128,51227,51295,52204,52308,52435,53323,54356,55404,58651
chip09,13001,14000,2,1000,38917,40542,42847,6512,6532,6546,37311,38825,38917,39030,39773,39862,39960,40327,40387,40465,40542,41273,41333,41383,41472,41835,41907,42772,42847,43330,46758
chip09,13001,14000,3,1000,39028,41357,42939,6512,6531,6546,37328,38904,39028,39850,40036,40374,40428,40477,40520,41288,41357,41413,41467,41812,41891,41970,42787,42872,42939,44133,47952
chip09,13001,14000,4,1000,38980,41297,42905,6512,6531,6546,37346,38921,38980,39795,39913,40342,40407,40446,40479,40517,41297,41366,41407,41452,41552,41899,41973,42827,42905,43284,46778
chip09,13001,14000,5,1000,38968,40529,42095,6510,6530,6544,36030,38452,38968,39052,39125,39211,39961,40047,40128,40486,40529,40589,40680,41415,41490,41546,41621,41957,42095,42953,45934
chip09,13001,14000,6,1000,38464,40015,41922,6510,6531,6544,37334,37544,38464,38873,38930,39008,39120,39796,39867,39931,40015,40350,40413,40498,41260,41326,41399,41539,41922,42844,45442
chip09,14001,15000,0,1000,39514,40993,43273,6506,6535,6554,36754,39139,39514,39583,39670,40461,40529,40596,40856,40926,40993,41058,41761,41866,41937,42001,42253,42399,43273,43449,46016
chip09,14001,15000,1,1000,47614,51151,55443,6507,6533,6551,42738,46596,47614,48665,48833,48974,49877,50027,50120,51012,51151,51239,52131,52272,53214,53342,54291,54460,55443,56499,58628
chip09,14001,15000,2,1000,38670,39836,41777,6507,6532,6551,37179,38129,38670,38753,38789,38826,38918,39692,39732,39784,39836,40238,40298,40337,41123,41211,41256,41340,41777,42688,45408
chip09,14001,15000,3,1000,40137,41680,43154,6507,6532,6552,38115,39704,40137,40235,40295,40417,41154,41220,41279,41601,41680,41721,41795,42527,42621,42667,42725,42788,43154,44105,49044
chip09,14001,15000,4,1000,38795,40362,42634,6507,6533,6552,37183,38684,38795,38855,39559,39709,39781,39874,40240,40307,40362,40413,41115,41220,41287,41336,41632,41814,42634,42780,45407
chip09,14001,15000,5,1000,38978,41322,43128,6506,6532,6551,37306,38881,38978,39802,39934,40313,40399,40455,40514,41263,41322,41385,41438,41735,41824,41945,42724,42831,43128,44087,46678
chip09,14001,15000,6,1000,40148,41668,43169,6508,6533,6552,37249,39674,40148,40233,40301,41067,41151,41211,41280,41609,41668,41711,41762,42525,42592,42640,42717,43064,43169,44052,46601
chip09,15001,16000,0,1000,40317,41985,44373,6519,6544,6561,37998,39386,40317,40684,40771,40817,40887,41667,41733,41782,41985,42155,42218,42264,43043,43126,43197,43509,44373,44630,48400
chip09,15001,16000,1,1000,48872,52257,56466,6518,6542,6558,44774,48582,48872,49855,50035,50958,51100,51166,52070,52178,52257,53159,53220,53335,54262,54393,55371,55516,56466,57519,60702
chip09,15001,16000,2,1000,38721,40968,42609,6519,6542,6559,37048,38542,38721,39499,39649,39984,40042,40102,40160,40877,40968,41042,41141,41418,41521,41614,42428,42489,42609,42986,45195
chip09,15001,16000,3,1000,40919,42573,45107,6519,6543,6559,38536,40047,40919,41048,41411,41511,41635,42326,42401,42461,42573,42770,42881,42984,43748,43851,43985,44238,45107,45409,49093
chip09,15001,16000,4,1000,40005,41546,43934,6519,6542,6557,37157,39465,40005,40080,40151,40914,41016,41081,41189,41498,41546,41617,42412,42482,42553,42872,42978,43812,43934,44313,46790
chip09,15001,16000,5,1000,39556,41209,44054,6518,6542,6557,37101,38696,39556,39764,40140,40187,40236,40994,41111,41151,41209,41622,41674,42475,42590,42645,43033,43927,44054,45340,49023
chip09,15001,16000,6,1000,41498,43788,46375,6517,6542,6557,39951,41407,41498,41582,42402,42497,42784,42862,42940,43033,43788,43873,43981,44195,44264,45110,45197,45430,46375,46586,52240
chip09,16001,17000,0,1000,40633,42866,44598,6516,6545,6562,39184,40554,40633,40733,41503,41581,41706,41975,42036,42110,42866,42932,43001,43080,43352,43426,44253,44363,44598,45655,49455
chip09,16001,17000,1,1000,52114,55475,57541,6513,6544,6559,47187,51007,52114,53076,53246,54180,54314,54374,55290,55454,55475,55496,56399,56421,56446,56563,56593,57508,57541,57671,60706
chip09,16001,17000,2,1000,38491,40027,42362,6514,6543,6559,36984,38438,38491,38544,39351,39436,39491,39848,39933,39977,40027,40145,40874,40915,40958,41032,41413,41529,42362,42459,45151
chip09,16001,17000,3,1000,41343,43659,46284,6513,6543,6559,39796,41177,41343,42169,42306,42607,42696,42751,43493,43615,43659,43739,44011,44077,44210,44986,45050,45348,46284,46612,49946
chip09,16001,17000,4,1000,42674,45105,47883,6513,6542,6559,39748,42183,42674,42797,43650,43750,44030,44120,44918,45041,45105,45361,45434,46303,46387,46600,46762,47602,47883,48979,52179
chip09,16001,17000,5,1000,39450,40987,42560,6513,6543,6559,37049,38557,39450,39578,39974,40024,40068,40114,40188,40937,40987,41030,41082,41438,41500,41566,42407,42467,42560,43764,46439
chip09,16001,17000,6,1000,42332,44843,46660,6511,6542,6558,39944,41383,42332,42708,42776,43632,43699,43888,44028,44104,44843,44979,45052,45141,45333,45451,46270,46413,46660,47574,51128
chip09,17001,18000,0,1000,40512,42727,44246,6522,6544,6556,38987,40424,40512,41350,41423,41730,41817,41869,41919,42004,42727,42788,42843,42907,43156,43234,43353,44146,44246,44622,46947
chip09,17001,18000,1,1000,53118,56391,58580,6520,6541,6554,47311,51989,53118,54065,54248,55186,55385,55422,55459,56356,56391,56516,56543,56578,57478,57510,57612,58512,58580,58706,60738
chip09,17001,18000,2,1000,39269,40780,42330,6520,6541,6555,36886,38360,39269,39662,39762,39795,39833,39880,40675,40740,40780,40833,41171,41246,41310,42109,42164,42228,42330,43538,46256
chip09,17001,18000,3,1000,42503,44814,46564,6519,6541,6553,39626,42114,42503,42633,43413,43549,43805,43894,43969,44697,44814,44896,45010,45198,45290,46072,46179,46310,46564,47498,50939
chip09,17001,18000,4,1000,42076,44854,48657,6518,6540,6553,39640,41124,42076,42496,42596,43475,43555,43890,43951,44765,44854,44954,45229,45325,46195,46477,47404,47701,48657,48948,52292
chip09,17001,18000,5,1000,39773,40986,42768,6519,6540,6553,36959,39296,39773,39866,39911,39966,40687,40793,40850,40894,40986,41288,41349,41408,42170,42246,42311,42367,42768,43686,45136
chip09,17001,18000,6,1000,42612,45114,47431,6519,6540,6553,39577,42443,42612,43456,43793,43858,43924,44746,44811,44879,45114,45209,45283,46102,46161,46225,46417,46548,47431,47709,51008
chip09,18001,19000,0,1000,40349,41801,44092,6503,6542,6556,38890,40280,40349,40418,41241,41290,41344,41614,41698,41750,41801,41871,42630,42683,42729,42804,43120,43974,44092,44214,46776
chip09,18001,19000,1,1000,49715,54069,57434,6500,6539,6553,44780,48523,49715,50787,50927,51840,51983,52920,53081,53991,54069,54210,55138,55319,55378,55434,56337,56496,57434,57586,60725
chip09,18001,19000,2,1000,39663,41912,43451,6500,6539,6553,38157,39599,39663,40470,40559,40630,40974,41030,41076,41125,41912,41968,42010,42057,42333,42451,42522,43364,43451,43892,46161
chip09,18001,19000,3,1000,42472,44692,47243,6499,6539,6553,40843,42301,42472,43256,43379,43630,43706,43791,43903,44625,44692,44770,44972,45076,45176,45980,46059,46364,47243,47437,49992
chip09,18001,19000,4,1000,41006,43373,45190,6498,6539,6553,38193,40914,41006,41125,41938,42015,42387,42433,42511,43310,43373,43412,43501,43782,43837,44679,44758,44840,45190,46112,49804
chip09,18001,19000,5,1000,40663,42144,43969,6499,6539,6553,38237,39723,40663,41074,41114,41144,41192,41281,42042,42085,42144,42450,42539,42602,43403,43478,43528,43654,43969,44933,47454
chip09,18001,19000,6,1000,43670,45921,47540,6498,6539,6553,42209,43249,43670,43746,44584,44660,44741,45008,45054,45092,45921,45976,46013,46052,46314,46378,47238,47313,47540,48497,50859
chip09,19001,20000,0,1000,41118,42559,44152,6529,6555,6574,38870,40240,41118,41204,41490,41575,41625,41671,42438,42498,42559,42605,42655,42916,42992,43084,43880,43958,44152,45218,47911
chip09,19001,20000,1,1000,52778,56254,58546,6524,6553,6572,46858,51640,52778,53008,53966,54133,55051,55286,55317,55384,56254,56300,56444,56485,57391,57431,57559,58484,58546,59574,63743
chip09,19001,20000,2,1000,40800,42312,44684,6526,6552,6571,39016,40401,40800,40879,40915,41013,41800,41873,41985,42261,42312,42408,43207,43259,43320,43633,43711,44579,44684,45900,47267
chip09,19001,20000,3,1000,42277,44539,47112,6526,6553,6571,40710,42158,42277,43089,43202,43437,43567,43620,43684,44478,44539,44650,44868,44938,45027,45837,45930,46187,47112,47378,50833
chip09,19001,20000,4,1000,42198,44527,46281,6526,6552,6571,39386,41753,42198,42269,43027,43178,43257,43581,43647,43732,44527,44578,44623,44890,44980,45064,45902,45978,46281,47252,49920
chip09,19001,20000,5,1000,40932,42352,43822,6526,6552,6572,39452,40529,40932,40982,41035,41841,41906,41949,42019,42301,42352,42398,42464,43236,43296,43349,43403,43648,43822,44731,46360
chip09,19001,20000,6,1000,43615,45911,48340,6527,6553,6572,40733,43542,43615,44485,44571,44854,44918,44958,45761,45839,45911,46079,46175,46241,47069,47143,47220,47450,48340,48483,52032
chip09,20001,21000,0,1000,41422,42912,45126,6493,6515,6575,40015,41320,41422,41473,42322,42384,42439,42681,42764,42813,42912,43695,43738,43786,43882,44098,44195,45011,45126,45504,48973
chip09,20001,21000,1,1000,51508,55002,57506,6491,6513,6576,46932,50316,51508,51736,52697,52838,52947,53856,53997,54075,55002,55229,55272,56177,56212,56391,56441,57354,57506,58488,62641
chip09,20001,21000,2,1000,41591,43420,46013,6491,6513,6576,39168,40705,41591,41749,42045,42113,42251,43009,43065,43249,43420,43505,44253,44359,44431,44649,44789,45695,46013,47015,50676
chip09,20001,21000,3,1000,43102,44857,47161,6491,6514,6576,40603,42096,43102,43399,43495,44287,44368,44471,44694,44770,44857,45647,45714,45785,45988,46102,46929,47043,47161,48273,51906
chip09,20001,21000,4,1000,42147,44473,47050,6491,6514,6576,39286,41984,42147,43009,43125,43408,43473,43532,44321,44406,44473,44628,44804,44903,45733,45800,45870,46129,47050,47385,50916
chip09,20001,21000,5,1000,40868,42344,44583,6490,6514,6575,39313,40797,40868,41701,41767,41812,42146,42218,42249,42285,42344,43125,43172,43225,43265,43586,43645,44496,44583,44695,47216
chip09,20001,21000,6,1000,44677,46909,48593,6490,6512,6576,41973,44260,44677,44746,44798,45655,45714,45998,46045,46078,46909,46990,47019,47075,47331,47406,48273,48352,48593,49520,54289
chip09,21001,22000,0,1000,41340,43547,45034,6494,6510,6544,38774,41279,41340,41506,42279,42379,42635,42678,42715,42759,43547,43596,43643,43682,43933,44036,44114,44967,45034,45424,48895
chip09,21001,22000,1,1000,50495,53997,57316,6494,6507,6541,45607,49345,50495,51442,51651,51765,52685,52882,53713,53835,53997,54893,54990,55201,55240,56143,56191,56386,57316,57504,60565
chip09,21001,22000,2,1000,41965,44500,47292,6493,6507,6539,39150,41870,41965,42834,42934,43227,43299,43398,44221,44296,44500,44625,44718,45552,45618,45888,45990,46915,47292,49470,55211
chip09,21001,22000,3,1000,43500,46876,50753,6493,6506,6536,40742,43284,43500,44503,44648,44808,45566,45679,45894,46056,46876,47037,47195,48097,48357,49265,49541,50490,50753,52867,57358
chip09,21001,22000,4,1000,42880,44707,47048,6493,6507,6538,40180,41983,42880,43249,43356,43400,44222,44301,44350,44609,44707,44754,45599,45663,45726,46003,46071,46942,47048,48198,50736
chip09,21001,22000,5,1000,42055,43495,45758,6493,6507,6534,39261,41717,42055,42107,42170,42985,43028,43101,43419,43460,43495,43545,44348,44396,44448,44509,44805,44885,45758,46071,49555
chip09,21001,22000,6,1000,43380,45614,48068,6493,6506,6534,40501,43261,43380,44256,44328,44612,44654,44697,45471,45568,45614,45671,45910,45981,46813,46907,46975,47202,48068,48419,51776
chip09,22001,23000,0,1000,42328,43910,46136,6499,6520,6539,39918,41263,42328,42541,42607,43383,43475,43551,43660,43855,43910,43970,44765,44831,44876,44922,45144,45288,46136,46273,49913
chip09,22001,23000,1,1000,50376,53994,58329,6498,6516,6536,45462,49172,50376,51356,51579,52484,52640,52803,53744,53920,53994,54916,55164,56035,56118,56303,57215,57293,58329,58528,61731
chip09,22001,23000,2,1000,41835,44196,47967,6497,6516,6537,40380,41419,41835,41899,42760,42832,43139,43230,43311,44123,44196,44254,44534,44635,45453,45566,45838,46800,47967,49244,53012
chip09,22001,23000,3,1000,45633,49153,52826,6498,6516,6537,42810,44517,45633,45819,46733,46990,47119,47976,48140,48280,49153,49269,49469,49580,50444,50630,50800,51700,52826,53937,56425
chip09,22001,23000,4,1000,43129,44662,47145,6498,6516,6537,40467,41947,43129,43230,43295,44121,44188,44253,44555,44611,44662,45492,45539,45587,45848,45909,46797,46872,47145,48134,50794
chip09,22001,23000,5,1000,42133,44290,45910,6497,6516,6536,40451,41959,42133,42924,43232,43295,43343,43398,43459,44225,44290,44335,44402,44621,44742,44849,45592,45676,45910,46930,48474
chip09,22001,23000,6,1000,44304,45858,48139,6498,6516,6535,41748,44029,44304,44499,44539,44612,45433,45487,45586,45815,45858,45902,46724,46787,46845,47080,47171,48043,48139,49271,50768
chip09,23001,24000,0,1000,42496,44738,47247,6501,6522,6538,41075,42415,42496,43360,43422,43687,43765,43810,43880,44669,44738,44796,44934,45068,45155,45986,46078,46196,47247,47570,51298
chip09,23001,24000,1,1000,54995,57389,60519,6500,6520,6535,46665,53586,54995,55112,56028,56218,56258,57152,57198,57256,57389,57437,58315,58356,58495,59398,59458,59582,60519,60688,64748
chip09,23001,24000,2,1000,42982,45400,49141,6499,6519,6535,40336,42565,42982,43098,43162,44027,44121,44407,44491,45321,45400,45512,45748,45873,46687,46907,47112,48010,49141,49507,55055
chip09,23001,24000,3,1000,45304,47917,51539,6499,6519,6535,42658,44382,45304,45615,45726,46578,46720,46912,47013,47850,47917,48140,48243,49101,49201,49415,50312,50595,51539,51812,57366
chip09,23001,24000,4,1000,43182,45468,48028,6498,6519,6535,41667,43064,43182,44025,44171,44423,44479,44534,45341,45407,45468,45718,45808,45856,46692,46762,46811,47118,48028,48170,51888
chip09,23001,24000,5,1000,43230,45497,48017,6499,6519,6535,40516,43134,43230,44078,44154,44374,44512,44584,44748,45454,45497,45550,45788,45844,45923,46760,46827,47091,48017,48165,51707
chip09,23001,24000,6,1000,44368,46734,49480,6499,6519,6535,41693,44008,44368,44474,45335,45567,45691,45744,46578,46659,46734,46969,47025,47870,47957,48042,48293,49227,49480,50654,55089
chip09,24001,25000,0,1000,43598,45814,47592,6503,6529,6550,40991,43269,43598,43692,44506,44585,44651,44873,44950,45028,45814,45879,45931,46008,46198,46381,47171,47284,47592,48506,53557
chip09,24001,25000,1,1000,56135,58495,61617,6503,6527,6548,51325,54992,56135,57046,57169,57324,58232,58279,58401,58451,58495,59387,59416,59527,59560,60474,60527,60663,61617,62664,65918
chip09,24001,25000,2,1000,43957,46939,50590,6502,6527,6548,41608,43006,43957,44321,44424,45299,45575,45704,46547,46801,46939,47770,47914,48117,48951,49107,49350,50319,50590,51731,56394
chip09,24001,25000,3,1000,45228,49049,53878,6502,6527,6547,41556,44247,45228,45576,46461,46766,46909,47752,48022,48136,49049,49279,50171,50332,50560,51465,51718,52732,53878,55243,61637
chip09,24001,25000,4,1000,43055,45297,47041,6503,6526,6549,41600,42938,43055,43909,43988,44256,44348,44382,44452,45247,45297,45349,45587,45689,45753,46591,46655,46718,47041,47986,51691
chip09,24001,25000,5,1000,42953,44414,46647,6503,6526,6546,40352,41766,42953,43051,43114,43216,43980,44043,44102,44347,44414,44463,44591,45318,45384,45452,45687,45790,46647,46804,50706
chip09,24001,25000,6,1000,45270,46941,49169,6503,6527,6548,42834,44358,45270,45589,45656,46477,46563,46620,46830,46889,46941,47760,47843,47879,47946,48155,48235,49103,49169,50308,56167
chip09,25001,26000,0,1000,44898,48207,52169,6510,6534,6551,42207,44696,44898,45741,45920,46157,46914,47111,47231,47404,48207,48448,48544,49432,49567,49783,50734,51010,52169,53453,58107
chip09,25001,26000,1,1000,54919,57352,60537,6509,6531,6549,49959,54633,54919,56051,56109,56152,57035,57077,57258,57294,57352,58235,58286,58430,59338,59383,59498,60458,60537,61558,64729
chip09,25001,26000,2,1000,43812,46438,49375,6509,6531,6549,41141,42860,43812,44153,44213,44272,45143,45213,45506,45566,46438,46507,46767,46843,47728,47847,48136,49079,49375,50448,53930
chip09,25001,26000,3,1000,46500,50161,54854,6508,6531,6549,42773,45412,46500,46759,47644,47845,48008,48923,49143,49317,50161,50389,51254,51421,51645,52542,52780,53848,54854,56126,59597
chip09,25001,26000,4,1000,45419,48105,51644,6508,6531,6550,42823,44392,45419,45582,46469,46616,46801,46926,47783,47991,48105,48973,49100,49284,50120,50267,50506,51420,51644,52776,57249
chip09,25001,26000,5,1000,43017,45215,46891,6507,6530,6549,40291,42900,43017,43115,43927,44013,44232,44314,44360,44424,45215,45297,45339,45432,45642,45731,46572,46650,46891,47865,51513
chip09,25001,26000,6,1000,46769,49029,51482,6507,6531,6549,44140,46455,46769,47667,47737,47980,48043,48084,48951,48991,49029,49245,49302,50162,50226,50272,50501,51404,51482,52607,54972
chip09,26001,27000,0,1000,45639,48231,51804,6513,6533,6548,43347,44705,45639,45908,46068,46867,47020,47195,47310,48147,48231,48428,48520,49384,49504,49720,50628,50809,51804,52204,56783
chip09,26001,27000,1,1000,52415,56047,58400,6509,6530,6545,48702,52080,52415,53508,54448,54769,54844,55727,55786,55828,56047,56088,56974,57022,57076,57247,58143,58215,58400,59350,61550
chip09,26001,27000,2,1000,44024,46341,49229,6508,6530,6545,41333,43630,44024,44087,44966,45018,45116,45371,45412,46292,46341,46620,46695,47568,47650,47920,48019,48928,49229,50481,55138
chip09,26001,27000,3,1000,47796,52359,56251,6507,6530,6545,43581,46570,47796,48779,49058,49999,50243,51079,51255,51468,52359,52497,52676,53599,53808,54762,55073,56008,56251,57382,61702
chip09,26001,27000,4,1000,44154,46670,50193,6508,6530,6545,42283,44026,44154,45022,45333,45402,45456,46288,46356,46426,46670,46741,47577,47657,47768,47986,48873,49201,50193,51441,57240
chip09,26001,27000,5,1000,42894,45151,46813,6508,6529,6546,41403,42810,42894,43778,43887,44154,44187,44222,44307,45112,45151,45187,45421,45507,45558,46419,46471,46534,46813,47782,50335
chip09,26001,27000,6,1000,46621,48887,51384,6506,6530,6545,43930,46253,46621,46682,46755,47609,47682,47927,47979,48805,48887,48934,49074,49174,49258,50116,50211,50454,51384,52466,57391
chip09,27001,28000,0,1000,45926,49213,52134,6502,6530,6547,44142,45756,45926,46821,47061,47186,48018,48117,48331,48422,49213,49321,49461,49623,50504,50635,50885,51801,52134,53243,59103
chip09,27001,28000,1,1000,53250,56863,59303,6500,6527,6544,49599,52052,53250,54340,54687,54786,55688,55738,55974,56017,56863,56947,57000,57190,57245,58141,58192,58369,59303,60375,63653
chip09,27001,28000,2,1000,44889,47898,52571,6500,6526,6544,42237,43965,44889,45213,45311,46201,46516,46720,47510,47783,47898,48768,49031,49924,50019,50281,51240,51527,52571,53848,57353
chip09,27001,28000,3,1000,54595,57321,60533,6500,6526,6544,44777,52623,54595,54927,55838,56024,56172,57033,57109,57262,57321,58186,58264,58324,58450,59377,59492,60432,60533,61599,64707
chip09,27001,28000,4,1000,44025,46572,48871,6499,6527,6544,42288,43896,44025,44908,45007,45290,45349,45434,46269,46339,46572,46626,46680,47531,47588,47646,47910,48811,48871,49162,52494
chip09,27001,28000,5,1000,44103,46420,48946,6498,6527,6545,41393,43795,44103,44942,45085,45357,45415,45488,46317,46361,46420,46667,46737,47608,47655,47726,47974,48870,48946,49258,53712
chip09,27001,28000,6,1000,46520,48813,51480,6497,6526,6544,42538,46381,46520,46637,47495,47764,47812,47851,48702,48760,48813,49037,49088,49950,50014,50051,50299,51231,51480,52474,57270
chip09,28001,29000,0,1000,46939,49444,52816,6511,6542,6560,44392,46706,46939,47063,47956,48159,48250,49046,49169,49282,49444,49531,50340,50449,50613,50753,51646,51871,52816,53197,56755
chip09,28001,29000,1,1000,54264,56805,59237,6508,6539,6558,49647,53065,54264,54616,54677,54739,55595,55676,55898,55942,56805,56858,56905,57109,57194,58077,58141,58305,59237,59456,63680
chip09,28001,29000,2,1000,44803,47389,50206,6509,6539,6558,42169,43863,44803,45112,45200,46054,46131,46389,46467,47329,47389,47619,47689,47785,48640,48887,48980,49893,50206,51394,55941
chip09,28001,29000,3,1000,53496,57109,59512,6509,6539,6556,46372,52148,53496,54538,54826,55726,55828,56066,56966,57014,57109,57238,57280,58189,58224,58388,59303,59358,59512,60567,63676
chip09,28001,29000,4,1000,45152,47468,50296,6509,6539,6557,42605,44803,45152,45243,46087,46180,46427,46493,46573,47395,47468,47604,47769,47858,48728,48896,49109,50023,50296,51387,55956
chip09,28001,29000,5,1000,46582,49042,51498,6510,6539,6557,43869,46275,46582,47448,47697,47807,47866,48705,48774,48844,49042,49102,49867,50028,50123,50303,51173,51255,51498,52466,55995
chip09,28001,29000,6,1000,47267,48708,51111,6511,6539,6556,43782,46373,47267,47401,47616,47678,47715,48522,48596,48655,48708,48901,48959,49022,49847,49909,49993,50205,51111,51338,54772
chip09,29001,30000,0,1000,45636,47819,49406,6525,6548,6565,43081,45541,45636,45716,46552,46672,46844,46914,46959,47713,47819,47886,47937,48125,48200,48276,49111,49165,49406,50383,52845
chip09,29001,30000,1,1000,54610,57113,60301,6523,6545,6562,49631,54249,54610,55747,55838,55898,56773,56816,57033,57070,57113,57986,58015,58164,58241,59141,59193,59352,60301,60457,63613
chip09,29001,30000,2,1000,46014,48747,52209,6522,6544,6560,43389,45045,46014,46271,47090,47255,47512,47597,48458,48531,48747,48824,48957,49763,49829,50063,50981,51235,52209,53389,57094
chip09,29001,30000,3,1000,53193,57012,60402,6523,6543,6561,46114,51091,53193,54354,54756,55673,55744,56004,56082,56952,57012,57196,57238,58141,58191,58350,59290,59434,60402,60587,64738
chip09,29001,30000,4,1000,46328,48881,52317,6521,6544,6561,42404,45975,46328,46463,47330,47576,47660,47717,48559,48654,48881,49001,49842,49927,50109,50983,51140,51343,52317,53472,57344
chip09,29001,30000,5,1000,46395,48702,51471,6522,6543,6561,43794,46061,46395,46469,47322,47419,47503,47720,47775,48614,48702,48760,48987,49861,49946,50159,50316,51180,51471,52598,58475
chip09,29001,30000,6,1000,47552,49972,52479,6521,6544,6561,44976,47245,47552,47652,48539,48736,48831,48887,49746,49813,49972,50074,50130,50990,51052,51254,51366,52244,52479,53460,57305
chip09,30001,31000,0,1000,46402,47866,50259,6491,6512,6574,42968,45492,46402,46522,46761,46820,46873,47681,47737,47789,47866,48050,48095,48165,49011,49053,49229,49377,50259,50543,53992
chip09,30001,31000,1,1000,54421,56999,59392,6490,6513,6575,50527,53166,54421,54517,55451,55743,55788,56666,56727,56954,56999,57036,57922,57962,58165,58213,59127,59181,59392,60432,63600
chip09,30001,31000,2,1000,44868,47159,50850,6490,6516,6575,42313,44517,44868,44963,45819,45881,46118,46207,46259,47102,47159,47217,47479,47563,48417,48487,48786,49727,50850,52110,56995
chip09,30001,31000,3,1000,51972,55935,59274,6490,6516,6575,46152,50707,51972,53108,53372,54276,54641,54714,55605,55660,55935,55981,56886,56935,57151,57214,58122,58332,59274,60398,63695
chip09,30001,31000,4,1000,46239,48811,52272,6490,6516,6575,43634,45878,46239,47159,47263,47497,47570,48443,48510,48747,48811,49679,49747,49956,50049,50949,51188,52108,52272,53375,57228
chip09,30001,31000,5,1000,47230,48931,52116,6491,6518,6576,43665,46297,47230,47503,47582,47655,48501,48576,48784,48866,48931,49737,49813,49882,50077,50905,51036,51225,52116,52429,57094
chip09,30001,31000,6,1000,48361,50049,52468,6490,6516,6576,44895,47456,48361,48498,48742,49515,49685,49725,49953,49999,50049,50902,50945,51006,51202,51267,52149,52203,52468,53559,55860
chip09,31001,32000,0,1000,46670,48063,50439,6493,6507,6534,44174,46351,46670,46728,46810,47630,47703,47897,47962,48007,48063,48881,48947,49000,49187,49272,50119,50216,50439,51413,56539
chip09,31001,32000,1,1000,56911,59297,62493,6492,6504,6533,53987,55762,56911,57819,57916,58108,58165,59061,59109,59265,59297,60198,60237,60386,60429,61350,61483,62395,62493,63604,68874
chip09,31001,32000,2,1000,46200,49721,54363,6491,6504,6535,43534,45888,46200,47102,47386,48225,48385,48597,48734,49569,49721,49898,50751,50923,51141,52043,52283,53243,54363,55665,59246
chip09,31001,32000,3,1000,49833,54640,58069,6492,6504,6535,44724,49393,49833,50884,51831,52129,53042,53201,53426,54291,54640,54694,55584,55643,55894,55962,56876,57064,58069,58284,63593
chip09,31001,32000,4,1000,46204,48680,52111,6491,6503,6534,43544,45944,46204,47076,47165,47428,47498,47559,48402,48462,48680,48740,48824,49674,49727,49967,50861,50984,52111,52414,57033
chip09,31001,32000,5,1000,47188,49726,52435,6491,6504,6529,44620,46238,47188,47471,47554,47654,48494,48672,48794,48860,49726,49780,49963,50056,50929,51013,51218,52141,52435,53414,57048
chip09,31001,32000,6,1000,49800,52291,55699,6491,6504,6533,46007,48663,49800,49907,50811,50907,51099,51166,52034,52095,52291,52337,53232,53280,53472,53594,54456,54776,55699,55791,60401
chip09,32001,33000,0,1000,47753,50209,53681,6499,6519,6536,45070,46615,47753,47889,48754,48918,49075,49158,49965,50036,50209,50351,51212,51307,51468,51585,52476,52647,53681,55023,57724
chip09,32001,33000,1,1000,56891,59264,62456,6498,6516,6532,52958,56600,56891,57789,57874,58064,58114,59011,59053,59228,59264,60156,60202,60332,60400,61304,61351,61498,62456,63524,67825
chip09,32001,33000,2,1000,46856,49619,54321,6498,6516,6532,43348,46020,46856,47073,47327,48198,48330,48550,48643,49499,49619,49797,50699,50795,51034,51966,52221,53173,54321,55589,58122
chip09,32001,33000,3,1000,50595,55494,58298,6498,6516,6533,44630,49430,50595,50932,52023,52981,53207,54165,54375,54595,55494,55548,55823,55886,56784,56863,57111,58046,58298,59365,61592
chip09,32001,33000,4,1000,46077,47464,49729,6498,6515,6531,43477,45759,46077,46137,46181,47019,47087,47158,47362,47417,47464,48241,48332,48387,48456,48678,49495,49633,49729,50857,58171
chip09,32001,33000,5,1000,48246,49989,53312,6497,6515,6531,46079,47418,48246,48417,48688,48726,49607,49661,49862,49942,49989,50851,50908,50988,51189,52075,52156,52376,53312,53618,57012
chip09,32001,33000,6,1000,49888,52267,54777,6498,6515,6531,48166,49761,49888,50777,50988,51028,51908,51964,52078,52209,52267,53137,53173,53222,53385,53460,54362,54693,54777,55702,58073
chip09,33001,34000,0,1000,47701,49968,52517,6498,6519,6543,45286,47412,47701,47773,47897,48726,48966,49028,49086,49913,49968,50032,50219,50290,51144,51253,51442,51623,52517,53630,56281
chip09,33001,34000,1,1000,56806,60203,63521,6498,6517,6540,51674,56490,56806,57751,57991,58054,58961,59159,59203,60125,60203,60335,61251,61291,61451,62374,62425,62557,63521,64586,69797
chip09,33001,34000,2,1000,48565,51925,55598,6498,6518,6540,45787,48321,48565,49555,49684,50553,50626,50839,51016,51827,51925,52082,52887,53046,53258,54175,54292,54662,55598,56815,59189
chip09,33001,34000,3,1000,50792,55717,59157,6497,6517,6539,47015,49598,50792,51804,52092,53112,54089,54471,54551,55448,55717,55795,56709,56766,57006,57071,57973,58189,59157,60284,62676
chip09,33001,34000,4,1000,48218,50991,55572,6497,6518,6540,45577,47291,48218,48487,49331,49496,49706,50588,50696,50894,50991,51862,51963,52156,53051,53307,54231,54411,55572,55893,59229
chip09,33001,34000,5,1000,47423,49856,52335,6497,6517,6540,44733,47310,47423,48316,48578,48641,49457,49555,49606,49804,49856,49906,50752,50813,50873,51080,51988,52095,52335,53312,56054
chip09,33001,34000,6,1000,49685,52134,55550,6497,6518,6541,47082,49410,49685,50585,50837,50916,50983,51841,51897,52071,52134,52226,53071,53126,53302,53377,54276,54620,55550,55871,58265
chip09,34001,35000,0,1000,48888,51434,55288,6508,6528,6546,46406,48591,48888,49775,49926,50113,50224,51057,51138,51308,51434,52263,52364,52554,53485,53641,53987,54895,55288,56238,58727
chip09,34001,35000,1,1000,57680,60323,64553,6507,6525,6542,54110,56711,57680,57949,58875,58965,59152,60062,60109,60277,60323,61232,61382,61439,62372,62511,63452,63582,64553,65624,70811
chip09,34001,35000,2,1000,48236,51753,55835,6504,6525,6541,44563,47105,48236,48402,49290,49548,50446,50560,50780,51672,51753,52000,52933,53160,53306,54200,54582,55515,55835,56821,60351
chip09,34001,35000,3,1000,52873,56644,59277,6504,6524,6542,48122,51855,52873,53191,54192,54465,55313,55434,55686,55774,56644,56698,56934,57000,57881,57939,58172,59092,59277,60266,64603
chip09,34001,35000,4,1000,49288,51862,55563,6506,6525,6541,45505,48353,49288,49434,49645,49705,50593,50794,50886,51778,51862,52049,52129,53016,53144,53336,54279,54623,55563,56777,58277
chip09,34001,35000,5,1000,48201,50722,54314,6504,6525,6542,44585,47289,48201,48468,48567,49458,49513,49594,49793,49861,50722,50782,50990,51791,51980,52138,53089,53320,54314,55591,58039
chip09,34001,35000,6,1000,50815,53241,55891,6506,6524,6541,47041,50525,50815,51709,51854,52009,52064,52936,52995,53168,53241,54073,54164,54275,54569,54648,55516,55578,55891,56833,60338
chip09,35001,36000,0,1000,48807,51237,54758,6508,6531,6547,46245,48483,48807,49702,49796,50009,50076,50908,50993,51082,51237,51326,52178,52260,52410,52551,53419,53824,54758,55176,58939
chip09,35001,36000,1,1000,58804,61365,64610,6505,6527,6544,54094,57857,58804,59052,59934,60047,60217,60258,61172,61294,61365,62252,62308,62411,62508,63411,63519,63603,64610,65624,69775
chip09,35001,36000,2,1000,49326,52857,55793,6504,6527,6544,45386,48254,49326,49532,50493,50690,51566,51686,51882,52731,52857,53012,53139,54035,54419,54482,55382,55487,55793,56728,60404
chip09,35001,36000,3,1000,52884,55698,59063,6505,6527,6544,47062,51701,52884,53102,53993,54339,54418,55262,55372,55637,55698,56568,56623,56693,56914,57809,57870,58109,59063,59303,63645
chip09,35001,36000,4,1000,49235,51775,55465,6503,6527,6544,45749,48313,49235,49507,49605,50485,50570,50791,50854,51710,51775,51964,52051,52912,53007,53194,54112,54494,55465,55821,58182
chip09,35001,36000,5,1000,49285,51831,55472,6504,6527,6543,45903,48358,49285,49547,49659,50472,50590,50784,50883,51740,51831,51971,52088,52920,53017,53191,54131,54302,55472,55848,58073
chip09,35001,36000,6,1000,50468,53004,55804,6503,6527,6544,47000,49528,50468,50662,50779,51646,51731,51910,52037,52893,53004,53140,54017,54098,54418,54547,55399,55496,55804,56749,59319
chip09,36001,37000,0,1000,48750,51014,53753,6508,6530,6552,44996,48503,48750,49618,49726,49917,49984,50058,50878,50946,51014,51178,51247,52074,52173,52320,52468,53352,53753,54752,57741
chip09,36001,37000,1,1000,59878,62275,65536,6504,6527,6550,54961,58763,59878,60091,60180,61097,61144,61275,61320,62220,62275,62394,62436,63335,63383,63505,64443,64586,65536,66615,70845
chip09,36001,37000,2,1000,49141,52812,56642,6505,6527,6550,44353,48083,49141,49432,50340,50575,50666,51562,51819,52731,52812,53034,53953,54308,54400,55295,55361,55700,56642,56933,60209
chip09,36001,37000,3,1000,51734,55242,57801,6505,6527,6549,46798,50508,51734,52685,52921,53066,53878,54233,54313,54446,55242,55326,55585,55632,55768,56563,56632,56889,57801,58074,62445
chip09,36001,37000,4,1000,49487,51975,55436,6505,6527,6550,45670,49152,49487,50387,50603,50717,50818,51652,51829,51919,51975,52843,52914,53085,53929,54081,54449,54557,55436,55774,57986
chip09,36001,37000,5,1000,50498,54417,57954,6505,6528,6549,46648,49458,50498,50821,51730,51938,52835,53011,53143,54063,54417,54510,55400,55497,55755,56669,56747,57026,57954,59087,63517
chip09,36001,37000,6,1000,51823,55290,57859,6504,6527,6548,49167,51517,51823,52783,52987,53873,54015,54347,54404,54477,55290,55350,55598,55680,56516,56610,56683,56935,57859,58110,61388
chip09,37001,38000,0,1000,48561,50115,52272,6506,6537,6564,46181,48342,48561,48672,48776,49590,49674,49748,49895,49966,50115,50840,50910,50954,51100,51204,52021,52138,52272,53350,56094
chip09,37001,38000,1,1000,59850,63325,66655,6503,6535,6562,54753,58686,59850,60115,61071,61249,61301,62213,62367,62414,63325,63458,63514,64428,64568,65489,65547,65656,66655,67781,72857
chip09,37001,38000,2,1000,49282,52704,56574,6501,6534,6561,45541,48101,49282,50154,50317,50550,50663,51498,51720,51806,52704,52823,53022,53925,54282,54377,55288,55614,56574,57767,61329
chip09,37001,38000,3,1000,52839,55558,58019,6502,6534,6561,49151,51668,52839,53810,54175,54264,55085,55181,55268,55506,55558,55670,56462,56527,56728,56822,57715,57782,58019,58970,62415
chip09,37001,38000,4,1000,49069,51555,54412,6504,6533,6561,45558,48158,49069,49349,49429,50302,50361,50528,50634,50708,51555,51623,51825,51918,52790,52874,53110,54032,54412,55446,59117
chip09,37001,38000,5,1000,50242,53039,55786,6503,6533,6560,45667,49192,50242,50511,50726,51649,51842,51949,52790,52869,53039,53138,53995,54070,54419,54521,55356,55481,55786,56714,59255
chip09,37001,38000,6,1000,54170,56580,58976,6502,6533,6560,50443,52966,54170,54325,55122,55279,55514,55610,55674,56494,56580,56643,56822,56897,57724,57792,57861,58054,58976,59211,63457
chip09,38001,39000,0,1000,49599,51151,54540,6523,6543,6558,47301,48604,49599,49758,49822,50675,50724,50823,50975,51045,51151,51941,52008,52207,52283,53140,53224,53599,54540,54644,58552
chip09,38001,39000,1,1000,61165,64513,68670,6520,6540,6556,54663,60056,61165,62128,62282,62360,63284,63417,63487,64398,64513,64575,65488,65599,66505,66578,66692,67633,68670,69730,73923
chip09,38001,39000,2,1000,49212,52849,56512,6520,6540,6554,46451,48039,49212,50171,50434,51319,51426,51651,51773,52641,52849,53770,53898,54246,55110,55183,55269,55595,56512,56849,61314
chip09,38001,39000,3,1000,53620,56286,58041,6518,6540,6555,49049,52487,53620,54056,54154,54975,55091,55326,55436,55497,56286,56385,56447,56650,56739,57568,57691,57781,58041,58944,61244
chip09,38001,39000,4,1000,49368,52774,56498,6519,6539,6554,47720,49227,49368,50326,50554,51409,51525,51721,51798,52689,52774,52953,53848,54008,54275,55127,55272,55567,56498,56832,60326
chip09,38001,39000,5,1000,51821,55312,57869,6519,6540,6555,48223,51518,51821,52742,52970,53882,54022,54337,54387,55253,55312,55558,55659,55716,56589,56635,56878,56984,57869,59039,62549
chip09,38001,39000,6,1000,54079,56419,58925,6518,6539,6555,49198,52835,54079,54192,55027,55134,55205,55484,55528,55574,56419,56466,56519,56763,56806,57691,57754,57999,58925,59120,62435
chip09,39001,40000,0,1000,49723,51934,54512,6525,6545,6562,47261,49563,49723,50587,50670,50794,50908,50969,51759,51862,51934,52106,52189,52974,53079,53141,53504,53658,54512,55755,58469
chip09,39001,40000,1,1000,60012,64290,67707,6523,6542,6559,55932,58862,60012,60963,61166,62094,62264,62344,63246,63404,64290,64357,64485,64540,65459,65583,66537,66684,67707,68700,72837
chip09,39001,40000,2,1000,48034,51346,55170,6522,6542,6557,45590,47879,48034,48931,49174,49270,50120,50204,50404,50493,51346,51444,51633,52526,52632,52863,53808,54228,55170,56411,60110
chip09,39001,40000,3,1000,52730,55450,57925,6520,6542,6558,49986,52371,52730,53679,54023,54100,54934,55053,55286,55387,55450,56265,56344,56432,56648,56720,57566,57673,57925,58880,61390
chip09,39001,40000,4,1000,50501,54270,57705,6521,6542,6558,47933,50198,50501,51464,51718,52610,52785,52953,53837,54166,54270,55128,55212,55484,55554,56427,56526,56783,57705,57984,60140
chip09,39001,40000,5,1000,51473,53926,56590,6521,6541,6558,48068,50506,51473,51710,51789,52658,52725,52920,52995,53857,53926,54237,54329,55168,55263,55485,55623,56469,56590,56863,60140
chip09,39001,40000,6,1000,54099,56396,58845,6519,6542,6558,51201,53631,54099,54182,55036,55136,55378,55441,55514,56343,56396,56458,56681,56746,57588,57652,57715,57928,58845,59052,62314
chip09,40001,41000,0,1000,50724,53064,55748,6490,6509,6572,47207,49686,50724,50858,51704,51813,51953,52057,52853,52964,53064,53357,53440,53515,54317,54400,54718,54875,55748,56172,58709
chip09,40001,41000,1,1000,62090,65432,68707,6489,6507,6574,57385,61038,62090,62266,63195,63351,64241,64318,64473,65391,65432,65549,66461,66507,66616,67538,67588,67707,68707,69694,71901
chip09,40001,41000,2,1000,48824,51264,53813,6489,6506,6574,45465,47879,48824,49051,49125,49994,50087,50280,50347,51190,51264,51360,51509,51593,52442,52517,52718,53672,53813,55056,57651
chip09,40001,41000,3,1000,52499,55306,57919,6488,6506,6574,48835,51438,52499,52733,53607,53918,54055,54849,54977,55233,55306,55397,56197,56293,56504,56613,57489,57587,57919,58841,62373
chip09,40001,41000,4,1000,52477,55423,57924,6488,6508,6575,47756,51516,52477,52761,53684,54080,54133,55009,55085,55383,55423,55467,56342,56383,56595,56704,57617,57667,57924,58873,61347
chip09,40001,41000,5,1000,52644,55480,57924,6488,6507,6575,50157,51654,52644,53613,53837,54176,54240,55077,55142,55222,55480,55533,56282,56427,56490,56694,56807,57702,57924,58922,63412
chip09,40001,41000,6,1000,52689,55349,57628,6488,6506,6574,50197,52442,52689,53595,53952,54009,54082,54940,55001,55296,55349,55399,56240,56305,56363,56617,56691,57561,57628,58755,61179
chip09,41001,42000,0,1000,50821,53373,55707,6493,6508,6529,48268,50590,50821,51713,51902,51995,52080,52884,52966,53289,53373,53431,54220,54302,54364,54412,54726,54877,55707,56039,59545
chip09,41001,42000,1,1000,58671,63140,66596,6492,6504,6526,53490,57497,58671,59658,59911,60874,61072,61147,62057,62228,63140,63202,63347,64281,64399,64517,65423,65564,66596,67594,71832
chip09,41001,42000,2,1000,49921,52314,54979,6492,6505,6525,47706,48992,49921,50131,50222,50308,51155,51229,51420,51495,52314,52405,52487,52672,52779,53610,53689,54073,54979,55378,59043
chip09,41001,42000,3,1000,53432,56156,58791,6492,6506,6526,48568,52385,53432,53859,53999,54806,54991,55191,55276,56055,56156,56236,56476,56533,57395,57478,57672,57808,58791,59927,64568
chip09,41001,42000,4,1000,51445,54094,56641,6492,6504,6525,47695,51180,51445,52332,52466,52652,52734,53591,53689,54028,54094,54190,54979,55049,55342,55409,56255,56345,56641,57612,60037
chip09,41001,42000,5,1000,52407,55050,57600,6492,6505,6524,47706,51470,52407,52666,52790,53673,54017,54107,54160,54993,55050,55096,55378,55426,55485,56351,56407,56693,57600,57718,61237
chip09,41001,42000,6,1000,52430,54969,57598,6491,6505,6527,50151,51455,52430,52646,53531,53625,53956,54015,54083,54921,54969,55261,55328,55397,56220,56293,56506,57435,57598,58762,63474
chip09,42001,43000,0,1000,51878,54253,56917,6500,6521,6536,49433,51614,51878,52757,52907,53216,53270,53326,54122,54192,54253,54361,54622,54683,55509,55584,55649,55997,56917,57226,62978
chip09,42001,43000,1,1000,60791,64230,67645,6499,6517,6533,57053,59829,60791,61047,61987,62170,62219,63124,63260,63317,64230,64297,64418,65351,65410,65548,66466,66609,67645,68748,74956
chip09,42001,43000,2,1000,51045,54758,57568,6498,6517,6532,47510,50051,51045,51363,51497,52395,52565,53462,53627,53935,54758,54894,55221,55310,56180,56253,56531,57463,57568,58769,61147
chip09,42001,43000,3,1000,55100,58558,61231,6498,6517,6533,51134,54664,55100,56000,56299,56407,56531,57347,57434,57675,58558,58621,58673,58875,59010,59840,60060,60997,61231,62333,67742
chip09,42001,43000,4,1000,52367,54956,57559,6498,6517,6533,48936,51398,52367,52607,53485,53565,53927,53999,54097,54906,54956,55060,55304,55357,56219,56276,56408,56627,57559,57873,61125
chip09,42001,43000,5,1000,52309,54989,57562,6498,6517,6533,48935,51365,52309,52591,52710,53586,53970,54037,54118,54926,54989,55062,55348,55414,56262,56324,56377,56640,57562,57700,60240
chip09,42001,43000,6,1000,53966,56242,58709,6499,6517,6532,50156,53843,53966,54859,55092,55211,55253,55297,56120,56183,56242,56462,56526,56578,57436,57491,57540,57769,58709,58909,62237
chip09,43001,44000,0,1000,51815,54209,56041,6499,6521,6537,48228,51568,51815,51918,52820,53135,53220,53264,54076,54162,54209,54474,54568,54621,55381,55509,55576,55868,56041,56899,59299
chip09,43001,44000,1,1000,57367,59908,64237,6498,6518,6535,50821,56156,57367,58270,58366,58617,58708,59564,59629,59830,59908,60784,60968,61023,61949,62134,63075,63152,64237,65355,71761
chip09,43001,44000,2,1000,53273,55225,57748,6498,6518,6535,49761,52399,53273,53791,53839,53949,54764,54817,55133,55180,55225,56078,56138,56184,56444,56497,57405,57453,57748,58743,63352
chip09,43001,44000,3,1000,53693,56500,59987,6498,6518,6534,50028,52490,53693,54602,54937,55053,55147,55994,56193,56354,56500,57309,57521,57642,58514,58608,58836,59762,59987,61015,64344
chip09,43001,44000,4,1000,55129,57450,60136,6497,6518,6535,52140,53934,55129,55236,56075,56148,56409,56474,56558,57396,57450,57541,57735,57822,58669,58772,58960,59880,60136,61116,65496
chip09,43001,44000,5,1000,52500,54982,57535,6498,6518,6535,48855,51404,52500,52625,53509,53887,53945,54013,54849,54909,54982,55246,55300,55353,56198,56252,56365,56627,57535,57831,61084
chip09,43001,44000,6,1000,56387,58689,61223,6497,6518,6535,53637,56060,56387,56513,57354,57505,57643,57720,58532,58603,58689,58842,58910,59790,59858,60018,60918,61018,61223,62309,67660
chip09,44001,45000,0,1000,53064,55405,57122,6510,6531,6549,50263,51895,53064,53173,54040,54136,54409,54475,54527,55315,55405,55450,55532,55789,55834,55988,56753,56809,57122,58058,60500
chip09,44001,45000,1,1000,57283,59764,63270,6507,6527,6546,54604,56948,57283,57333,58226,58274,58536,58590,59494,59538,59764,59825,60738,60955,61870,61932,62126,63085,63270,65261,68669
chip09,44001,45000,2,1000,53257,55955,58622,6506,6528,6546,48654,52157,53257,53697,53765,54629,54707,55024,55098,55141,55955,56048,56089,56391,56449,57333,57392,57665,58622,58900,63302
chip09,44001,45000,3,1000,53224,55992,59829,6506,6528,6546,49864,52223,53224,53602,53709,54533,54641,54906,55044,55866,55992,56240,56378,57231,57375,57669,58538,58837,59829,61155,68755
chip09,44001,45000,4,1000,55070,57361,59860,6508,6528,6546,52261,54735,55070,55157,56002,56066,56340,56393,56454,57311,57361,57454,57651,57703,58569,58635,58683,58932,59860,61003,63411
chip09,44001,45000,5,1000,52582,55156,57483,6507,6528,6546,49731,52371,52582,53462,53816,53870,53943,54726,54801,54886,55156,55215,55267,56084,56158,56240,56498,56589,57483,57807,61045
chip09,44001,45000,6,1000,57606,59978,62312,6506,6528,6546,54934,57293,57606,58492,58595,58808,58852,59711,59765,59808,59978,60045,60899,60960,61061,61181,62077,62133,62312,63258,67574
chip09,45001,46000,0,1000,52984,54470,56754,6509,6532,6548,50457,52601,52984,53060,53120,53981,54037,54334,54399,54431,54470,55262,55339,55384,55420,55755,55819,56702,56754,57122,60550
chip09,45001,46000,1,1000,58424,61755,65389,6505,6528,6545,54672,57300,58424,58551,59465,59639,59749,60627,60732,60898,61755,61871,62045,62131,63038,63215,64143,64316,65389,66500,72757
chip09,45001,46000,2,1000,54583,57162,59790,6504,6528,6544,50978,53649,54583,54945,55026,55900,55962,56174,56297,56341,57162,57262,57312,57582,57667,58532,58624,58876,59790,60960,65580
chip09,45001,46000,3,1000,53502,55910,58550,6506,6528,6544,49776,52308,53502,53621,53733,54555,54695,54953,55049,55809,55910,55991,56213,56317,57054,57232,57441,57673,58550,59666,63256
chip09,45001,46000,4,1000,54584,56317,58590,6504,6528,6544,49838,53688,54584,54713,55029,55079,55137,55958,56005,56041,56317,56367,56409,57264,57311,57354,57426,57671,58590,58829,61203
chip09,45001,46000,5,1000,53719,56126,58666,6503,6528,6544,49884,52514,53719,53852,54701,54851,55104,55183,55979,56064,56126,56369,56439,56503,57352,57422,57651,57737,58666,59861,65433
chip09,45001,46000,6,1000,58622,60906,63339,6504,6528,6544,54861,57532,58622,58748,59631,59706,59901,59953,59994,60854,60906,61019,61098,61164,62051,62140,62268,63195,63339,64416,69766
chip09,46001,47000,0,1000,53783,55304,57899,6504,6530,6551,49233,52910,53783,53936,54274,54306,54347,55160,55237,55272,55304,55618,55670,55708,56566,56616,56660,56990,57899,57979,61625
chip09,46001,47000,1,1000,57178,60622,64301,6501,6527,6547,54453,56793,57178,58100,58357,58455,59360,59412,59653,60553,60622,60841,61765,61827,62030,62964,63156,64102,64301,65409,68546
chip09,46001,47000,2,1000,54915,57460,59914,6502,6527,6548,52051,54774,54915,55817,56109,56198,56258,57087,57155,57207,57460,57533,58366,58451,58507,58713,58800,59685,59914,60926,64315
chip09,46001,47000,3,1000,54813,57092,58730,6500,6527,6547,50957,54413,54813,54909,55734,55798,55973,56158,56217,56282,57092,57133,57215,57382,57483,57630,58414,58518,58730,59692,64294
chip09,46001,47000,4,1000,53303,55067,57603,6501,6527,6547,49556,52247,53303,53595,53676,54500,54577,54675,54961,55006,55067,55876,55929,56010,56309,56359,57226,57303,57603,58580,61227
chip09,46001,47000,5,1000,54597,57363,60939,6501,6526,6547,49662,53378,54597,54729,55068,55937,56053,56318,56430,57279,57363,57582,57695,58552,58669,58858,59760,59844,60939,62086,65564
chip09,46001,47000,6,1000,58685,61967,64419,6500,6527,6548,55731,58391,58685,59618,59823,59925,60801,60891,61021,61093,61967,62018,62155,62210,63104,63200,63325,64233,64419,65471,70733
chip09,47001,48000,0,1000,54176,55624,57903,6513,6543,6566,50400,53773,54176,54265,54310,55163,55204,55264,55556,55594,55624,55683,56503,56553,56598,56870,56948,57847,57903,59020,61605
chip09,47001,48000,1,1000,57110,59571,62939,6511,6540,6563,54489,56684,57110,57183,58062,58174,58378,58428,59306,59362,59571,59635,60512,60578,60765,60850,61777,61984,62939,64063,68593
chip09,47001,48000,2,1000,57003,59667,63150,6511,6540,6562,53359,56022,57003,57312,57441,58305,58405,58613,58730,59558,59667,59843,60738,60813,60963,61057,61977,62174,63150,64223,69693
chip09,47001,48000,3,1000,54436,57005,58781,6510,6539,6562,50839,53496,54436,54769,54932,55695,55843,56055,56127,56221,57005,57104,57233,57404,57491,58323,58395,58597,58781,59720,63211
chip09,47001,48000,4,1000,53549,55844,57549,6510,6540,6563,50756,53475,53549,54408,54481,54566,54879,54924,54975,55791,55844,55884,55951,56223,56274,57118,57197,57258,57549,58521,62255
chip09,47001,48000,5,1000,55793,58520,62053,6510,6540,6563,51081,54893,55793,56204,56301,57168,57288,57519,57572,58444,58520,58725,58813,59688,59762,59969,60902,61097,62053,63181,66602
chip09,47001,48000,6,1000,58614,61071,65313,6510,6539,6562,54724,58311,58614,59497,59730,59802,60644,60742,60814,60972,61071,61924,62029,62131,63047,63125,64160,64319,65313,66415,71854
chip09,48001,49000,0,1000,54093,55541,57793,6522,6545,6561,51337,52889,54093,54189,54228,55032,55131,55168,55214,55500,55541,55570,55617,56452,56482,56518,56795,56873,57793,57881,60377
chip09,48001,49000,1,1000,58278,60747,64059,6520,6542,6557,55667,57122,58278,58346,59237,59300,59548,59594,60501,60541,60747,60797,61691,61743,61930,62011,62921,63117,64059,65183,68578
chip09,48001,49000,2,1000,57027,59509,61968,6521,6542,6556,54617,56046,57027,57295,57363,58218,58297,58513,58576,58649,59509,59603,59776,59845,60721,60777,60965,61878,61968,63101,66446
chip09,48001,49000,3,1000,55587,57454,59870,6520,6541,6556,52028,54685,55587,55965,56054,56167,56963,57060,57279,57357,57454,58239,58287,58374,58526,58641,59497,59623,59870,60927,64380
chip09,48001,49000,4,1000,54375,55860,57565,6520,6541,6555,50976,53481,54375,54476,54805,54855,54896,55707,55771,55817,55860,56157,56206,56239,57077,57127,57168,57314,57565,58454,60845
chip09,48001,49000,5,1000,56101,58759,62056,6519,6541,6556,52021,54887,56101,56272,57160,57433,57516,58412,58496,58686,58759,59613,59675,59865,59933,60845,61026,61963,62056,63158,66602
chip09,48001,49000,6,1000,58199,60812,64225,6518,6541,6556,54747,57261,58199,58467,58564,59455,59624,59750,59840,60699,60812,60944,61043,61896,62057,62948,63067,63273,64225,65402,71683
chip09,49001,50000,0,1000,55049,56769,59022,6518,6544,6560,51478,54104,55049,55374,55431,55488,56352,56403,56593,56726,56769,56815,57663,57702,57732,57999,58076,58962,59022,59337,62628
chip09,49001,50000,1,1000,57020,59508,61921,6515,6542,6558,54325,56968,57020,57942,58237,58278,58307,59200,59229,59269,59508,59535,60431,60465,60495,60722,60779,61687,61921,62954,67345
chip09,49001,50000,2,1000,57214,59744,63062,6512,6541,6556,53246,56877,57214,58119,58262,58479,59354,59427,59495,59692,59744,60613,60672,60870,60935,61839,61934,62127,63062,64201,66414
chip09,49001,50000,3,1000,55947,58457,60874,6511,6541,6557,53255,55858,55947,56854,57007,57205,57274,58119,58177,58294,58457,58517,58615,59418,59482,59688,59800,60675,60874,61997,66396
chip09,49001,50000,4,1000,54842,57054,59546,6512,6541,6556,53330,54723,54842,55700,55777,56066,56108,56147,56200,57019,57054,57098,57364,57422,58227,58333,58387,58597,59546,59650,62171
chip09,49001,50000,5,1000,57389,59882,64231,6514,6541,6557,54637,56996,57389,58262,58384,58611,58687,59541,59611,59769,59882,60756,60835,61015,61912,62004,62191,63158,64231,65355,69737
chip09,49001,50000,6,1000,59657,62958,66450,6513,6541,6556,55870,58478,59657,60583,60695,60872,61760,61830,61998,62059,62958,63029,63165,64068,64136,64291,65235,65397,66450,68471,75982
chip09,50001,51000,0,1000,55294,56710,58932,6490,6510,6567,52536,54926,55294,55349,55415,56269,56319,56582,56650,56675,56710,57541,57610,57640,57888,57971,58038,58881,58932,59231,61449
chip09,50001,51000,1,1000,58219,61550,65140,6488,6507,6565,55527,57895,58219,59140,59199,59447,59519,60401,60506,60672,61550,61633,61831,61882,62811,63007,63937,64122,65140,66372,70695
chip09,50001,51000,2,1000,55869,58197,61793,6487,6507,6567,53187,55454,55869,55945,56798,56902,57153,57232,57994,58125,58197,58405,58507,59370,59474,59668,60592,60752,61793,62908,68546
chip09,50001,51000,3,1000,56809,58527,61766,6487,6506,6565,54435,55909,56809,57132,57190,58040,58120,58234,58399,58435,58527,59343,59397,59499,59654,59752,60601,60710,61766,62036,69637
chip09,50001,51000,4,1000,54641,56924,58668,6488,6507,6566,50734,54202,54641,54706,55572,55640,55736,55998,56057,56115,56924,56967,57013,57114,57325,58199,58287,58498,58668,59637,65249
chip09,50001,51000,5,1000,57302,60730,64202,6487,6508,6567,53304,56930,57302,58232,58507,58582,59484,59698,59774,60662,60730,60932,61844,61909,62091,63000,63069,63248,64202,65340,70569
chip09,50001,51000,6,1000,61983,65246,68645,6488,6506,6565,58361,61717,61983,62925,63098,63162,64070,64176,64276,65192,65246,65366,66301,66342,66461,67369,67477,68464,68645,70624,75972
chip09,51001,52000,0,1000,55264,57496,59147,6502,6522,6541,53572,55086,55264,55344,56204,56269,56530,56583,56635,57333,57496,57548,57592,57832,57902,58644,58820,58881,59147,60136,62805
chip09,51001,52000,1,1000,59107,61567,65042,6500,6520,6540,55492,58134,59107,59371,59440,60308,60363,60591,60635,61530,61567,61771,61820,62728,62778,62967,63865,63941,65042,66179,72801
chip09,51001,52000,2,1000,55802,58161,60702,6499,6520,6539,53132,55389,55802,55919,56750,56850,57108,57179,57314,58077,58161,58363,58419,58539,59353,59422,59665,60567,60702,61795,65229
chip09,51001,52000,3,1000,57088,59385,61794,6500,6519,6540,54084,56704,57088,57232,58054,58160,58363,58429,59252,59316,59385,59535,59636,59702,60566,60626,60798,60908,61794,62860,67419
chip09,51001,52000,4,1000,54688,56995,59517,6499,6519,6539,53141,54563,54688,55536,55631,55926,55980,56085,56887,56933,56995,57257,57301,58141,58215,58250,58483,58586,59517,59863,64182
chip09,51001,52000,5,1000,58109,60692,64160,6500,6519,6540,53190,57188,58109,58442,58515,59392,59466,59704,59758,60642,60692,60880,60935,61831,61892,62087,63016,63195,64160,65282,69687
chip09,51001,52000,6,1000,61760,65116,68595,6500,6519,6541,57110,60793,61760,61955,62873,62998,63107,64016,64090,64225,65116,65190,65312,66245,66363,66486,67425,68419,68595,70594,75853
chip09,52001,53000,0,1000,55202,57482,59139,6509,6533,6549,52427,55111,55202,56074,56179,56476,56518,56548,57351,57448,57482,57517,57776,57830,57877,58744,58799,58854,59139,60064,62734
chip09,52001,53000,1,1000,58066,60335,62935,6507,6530,6546,55411,57698,58066,58141,59019,59089,59335,59368,60249,60295,60335,60563,60595,61495,61531,61704,61792,62728,62935,63924,69418
chip09,52001,53000,2,1000,56621,58401,60842,6507,6530,6547,54304,55738,56621,56788,57062,57120,57926,58028,58114,58336,58401,59236,59310,59370,59574,59647,60520,60590,60842,61809,66472
chip09,52001,53000,3,1000,58134,60542,62930,6505,6529,6546,55690,57108,58134,58304,58421,59274,59388,59556,59639,60457,60542,60618,60743,60833,61679,61748,61883,62017,62930,63196,67513
chip09,52001,53000,4,1000,55470,57218,59481,6505,6529,6545,51803,54544,55470,55833,55908,56027,56807,56851,56926,57173,57218,57269,58107,58149,58220,58442,58540,59410,59481,60620,63184
chip09,52001,53000,5,1000,56882,59430,62976,6505,6529,6545,54214,55914,56882,57182,57286,58148,58386,58458,58523,59366,59430,59623,59712,60603,60671,60877,61801,61877,62976,64116,68618
chip09,52001,53000,6,1000,60634,64156,69520,6503,6529,6545,57053,59552,60634,61559,61805,61933,62816,62999,63133,63990,64156,65029,65147,65302,66243,66416,67372,68419,69520,70600,80035
chip09,53001,54000,0,1000,56059,57726,59988,6506,6536,6556,53312,55126,56059,56400,56438,56472,57321,57387,57422,57491,57726,57752,57798,58664,58702,58752,59023,59097,59988,60272,64816
chip09,53001,54000,1,1000,58002,60224,62706,6501,6535,6553,55413,56830,58002,58053,58105,58982,59017,59255,59317,59356,60224,60265,60352,60543,60608,61479,61543,61774,62706,63836,66185
chip09,53001,54000,2,1000,57926,60390,62826,6504,6534,6553,54327,57000,57926,58240,58297,59136,59236,59444,59528,59565,60390,60477,60525,60691,60776,61616,61718,61890,62826,63081,67524
chip09,53001,54000,3,1000,56967,59321,61895,6504,6535,6552,52961,56581,56967,57094,57924,58053,58256,58341,59138,59231,59321,59486,59557,60394,60473,60581,60787,61660,61895,63071,69486
chip09,53001,54000,4,1000,55798,58038,59693,6503,6534,6553,53116,55435,55798,55908,56724,56781,57039,57111,57159,57241,58038,58076,58114,58336,58404,58482,59340,59406,59693,60642,65205
chip09,53001,54000,5,1000,58068,60568,63184,6506,6534,6553,54483,57104,58068,58349,58436,59314,59375,59589,59653,59702,60568,60615,60782,60872,61753,61829,62032,62975,63184,64324,68601
chip09,53001,54000,6,1000,60308,62996,67281,6506,6535,6553,56805,59381,60308,60593,60705,61608,61787,61874,62770,62877,62996,63867,63959,64092,64202,65129,65283,66215,67281,68383,75792
chip09,54001,55000,0,1000,56427,58722,61420,6513,6541,6558,53650,56278,56427,57297,57418,57623,57688,57741,58569,58627,58722,58905,58978,59815,59885,59952,60168,61080,61420,62533,68091
chip09,54001,55000,1,1000,59283,62541,65165,6510,6539,6555,56737,59141,59283,60177,60426,60500,61374,61441,61623,61673,62541,62604,62770,62847,63759,63822,64011,64945,65165,66272,71563
chip09,54001,55000,2,1000,57873,60308,62795,6508,6539,6554,55264,56924,57873,58149,58242,59080,59170,59294,59452,59501,60308,60415,60476,60667,60737,61583,61662,61843,62795,63034,66298
chip09,54001,55000,3,1000,57811,59513,62770,6507,6539,6554,55523,56910,57811,57972,58189,58276,59064,59157,59267,59435,59513,60259,60399,60465,60645,60736,61621,61802,62770,63048,68467
chip09,54001,55000,4,1000,56588,58263,60564,6508,6539,6554,54333,55694,56588,56678,57000,57041,57089,57918,57980,58026,58263,58316,58362,59211,59266,59316,59561,59654,60564,60839,65337
chip09,54001,55000,5,1000,58175,60613,63165,6508,6539,6555,54451,57196,58175,58335,59235,59354,59532,59609,60442,60534,60613,60764,60832,61712,61781,61934,62835,62946,63165,64182,68578
chip09,54001,55000,6,1000,61809,65188,68530,6509,6539,6554,57956,61476,61809,62753,62963,63853,63937,64080,64147,65058,65188,65280,66180,66297,66375,67289,67409,68372,68530,69618,73822
chip09,55001,56000,0,1000,57131,58802,61277,6517,6545,6560,54577,56231,57131,57395,57526,57581,58386,58468,58532,58728,58802,58865,59679,59770,59838,60046,60187,61024,61277,62255,65821
chip09,55001,56000,1,1000,60357,63693,67201,6514,6542,6557,57461,60063,60357,61283,61484,61575,62421,62547,62696,62802,63693,63856,63953,64852,65046,65935,66064,66217,67201,68280,71598
chip09,55001,56000,2,1000,58195,60635,63075,6516,6542,6557,54125,58068,58195,59139,59350,59424,60260,60336,60417,60581,60635,61424,61536,61594,61733,61824,62703,62811,63075,64143,68343
chip09,55001,56000,3,1000,57885,60275,62765,6515,6542,6556,54299,56929,57885,58134,58225,59047,59140,59304,59395,59466,60275,60373,60447,60583,60686,61528,61620,61808,62765,62979,66194
chip09,55001,56000,4,1000,57012,59487,61934,6516,6542,6556,54253,56875,57012,57895,58031,58229,58291,59134,59224,59383,59487,59570,60401,60471,60615,60725,61552,61684,61934,62877,67258
chip09,55001,56000,5,1000,59496,62750,66292,6517,6542,6557,56877,59192,59496,60398,60640,60706,61574,61649,61832,61900,62750,62856,63016,63949,64041,64200,65148,65341,66292,67398,72824
chip09,55001,56000,6,1000,61594,66188,72631,6515,6542,6556,55399,60433,61594,62664,62878,63838,64004,64923,65115,66035,66188,67175,67325,68286,68471,69434,70468,71565,72631,73808,84117
chip09,56001,57000,0,1000,57305,59608,62299,6510,6547,6568,54697,56960,57305,57416,58255,58347,58527,58662,58731,59534,59608,59683,59888,59971,60826,60916,61142,62074,62299,63354,67932
chip09,56001,57000,1,1000,61464,64773,68169,6505,6545,6567,58561,61176,61464,62359,62587,63462,63573,63756,63856,64713,64773,64925,65810,65900,66053,66971,67041,67222,68169,69280,76693
chip09,56001,57000,2,1000,59242,61783,65168,6505,6544,6566,56293,58932,59242,60166,60389,60470,61333,61422,61610,61669,61783,62602,62684,62841,63750,63821,64017,64952,65168,66285,71599
chip09,56001,57000,3,1000,58880,60563,62961,6504,6544,6567,56286,57972,58880,59150,59264,60034,60195,60264,60435,60504,60563,61417,61465,61545,61707,61786,62637,62741,62961,64015,67285
chip09,56001,57000,4,1000,56807,59098,61749,6507,6544,6568,54143,56700,56807,57687,57775,58042,58088,58137,58990,59044,59098,59329,59384,60263,60320,60508,60617,61526,61749,62747,68516
chip09,56001,57000,5,1000,59044,61539,64987,6506,6544,6567,56460,58085,59044,59304,59394,60253,60331,60550,60635,61495,61539,61707,61773,61849,62716,62788,62971,63907,64987,66146,72686
chip09,56001,57000,6,1000,62447,65100,69343,6509,6544,6566,57809,61464,62447,62720,62839,63705,63891,63984,64863,64989,65100,65994,66072,66197,67124,67270,68234,68361,69343,70526,75684
chip09,57001,58000,0,1000,57448,59894,63310,6523,6553,6569,54677,57275,57448,58312,58571,58643,59485,59557,59786,59843,59894,60766,60830,61053,61136,62034,62118,63200,63310,64490,69113
chip09,57001,58000,1,1000,59799,63452,67176,6523,6551,6566,56286,58857,59799,60116,61001,61110,61350,62218,62344,62546,63452,63680,63752,64679,64882,65836,66045,66982,67176,69180,75579
chip09,57001,58000,2,1000,59115,61596,64900,6524,6551,6567,56537,58801,59115,60008,60122,60338,60399,61239,61334,61513,61596,62413,62530,62698,62786,63669,63749,63950,64900,65977,71503
chip09,57001,58000,3,1000,57907,60346,62602,6525,6551,6567,55236,57820,57907,58756,58892,59108,59201,59263,60097,60169,60346,60422,60461,61245,61351,61411,61609,61709,62602,62809,66088
chip09,57001,58000,4,1000,56677,58959,61457,6526,6551,6568,54012,56300,56677,56751,57608,57683,57833,58013,58057,58858,58959,59010,59232,59304,59375,60223,60282,60529,61457,61710,66093
chip09,57001,58000,5,1000,59321,62596,65044,6526,6551,6567,56655,59178,59321,60236,60487,60567,61426,61506,61676,61743,62596,62673,62819,62894,63790,63852,63998,64929,65044,66149,69476
chip09,57001,58000,6,1000,60385,63706,67167,6524,6551,6567,57488,60234,60385,61289,61500,62384,62501,62678,62764,63633,63706,63831,63904,64819,64988,65103,65991,67003,67167,68233,73524
chip09,58001,59000,0,1000,58441,60660,63326,6533,6557,6571,55592,58062,58441,58530,58608,59424,59490,59695,59756,59841,60660,60729,60888,61024,61834,61964,62163,63085,63326,64513,68933
chip09,58001,59000,1,1000,59705,62214,65771,6529,6555,6570,56240,58806,59705,59805,60064,60117,60998,61040,61276,61324,62214,62269,62465,62538,63431,63506,63695,64638,65771,66923,71501
chip09,58001,59000,2,1000,60228,63534,66156,6529,6554,6570,56413,59133,60228,61126,61256,61489,62334,62442,62518,62685,63534,63639,63727,63856,64769,64851,65033,65958,66156,68167,74610
chip09,58001,59000,3,1000,58987,61195,63563,6532,6554,6570,56443,57881,58987,59067,59166,59991,60085,60273,60337,60387,61195,61272,61331,61528,61601,62461,62522,62725,63563,63751,69239
chip09,58001,59000,4,1000,56798,59151,61432,6531,6554,6569,55223,56612,56798,57623,57876,57924,58016,58832,58885,58961,59151,59202,59319,60129,60176,60400,60467,61356,61432,62527,64959
chip09,58001,59000,5,1000,61387,64092,68382,6530,6554,6569,56584,60436,61387,61631,62551,62741,62843,63713,63772,63932,64092,64910,65050,65936,66061,66217,67145,67310,68382,70371,75735
chip09,58001,59000,6,1000,61169,64724,69389,6529,6554,6569,57668,60230,61169,61457,62304,62470,62654,63553,63734,63831,64724,64862,64996,65906,66087,67045,68023,68315,69389,71443,75730
chip09,59001,60000,0,1000,58303,60620,63133,6512,6555,6570,54489,57192,58303,58423,58476,59315,59416,59629,59699,59797,60620,60674,60735,60936,61016,61869,61933,62185,63133,64188,69046
chip09,59001,60000,1,1000,62366,65887,71232,6510,6552,6568,58357,60996,62366,62501,63419,63627,64552,64705,64805,65721,65887,66801,66934,67087,68017,69051,69212,70191,71232,72376,79837
chip09,59001,60000,2,1000,60184,63459,66097,6509,6552,6568,57276,59864,60184,61071,61228,61421,61525,62395,62559,62649,63459,63590,63668,63823,64710,64785,64959,65905,66097,67213,73536
chip09,59001,60000,3,1000,58687,60336,63593,6510,6552,6567,56019,57793,58687,58956,59044,59097,59924,59997,60076,60282,60336,61167,61251,61309,61507,61610,62481,62572,63593,63954,70370
chip09,59001,60000,4,1000,57830,60068,62539,6510,6552,6567,55198,57500,57830,57907,58756,58818,59064,59115,59165,60007,60068,60129,60328,60398,61260,61322,61396,61608,62539,62813,67295
chip09,59001,60000,5,1000,62704,65996,69454,6510,6552,6568,59957,61611,62704,63636,63743,63910,64796,64871,65039,65135,65996,66128,66208,67117,67245,68166,68242,69276,69454,71457,76699
chip09,59001,60000,6,1000,59963,62441,65919,6510,6552,6567,56434,58991,59963,60214,60294,61156,61350,61440,61528,62369,62441,62606,62709,63562,63730,63830,64735,64934,65919,67036,72557
chip09,60001,61000,0,1000,58345,60574,63031,6478,6499,6559,55700,58038,58345,58440,59287,59369,59554,59629,59683,60437,60574,60622,60755,60885,60948,61809,61888,62109,63031,63413,68909
chip09,60001,61000,1,1000,63305,66897,71242,6476,6498,6562,57403,62332,63305,64405,64645,64709,65643,65824,65890,66792,66897,67006,67915,68069,68990,69116,69254,70196,71242,72375,77670
chip09,60001,61000,2,1000,61335,64622,67150,6475,6498,6563,58598,60970,61335,62243,62437,62560,62677,63521,63677,63754,64622,64691,64825,64917,65807,65861,66042,66978,67150,68131,71417
chip09,60001,61000,3,1000,59116,61475,63820,6476,6497,6562,56456,58910,59116,59963,60178,60241,61034,61161,61223,61380,61475,61527,62324,62416,62471,62664,63488,63619,63820,64778,68196
chip09,60001,61000,4,1000,57857,60366,63885,6478,6498,6562,55057,57724,57857,58734,59004,59068,59153,60002,60105,60310,60366,61238,61289,61511,61584,62487,62678,63636,63885,65047,72478
chip09,60001,61000,5,1000,61508,65911,70390,6477,6497,6561,57710,61196,61508,62436,62685,63572,63766,63900,64826,64985,65911,66111,67017,67119,67260,68183,68341,69324,70390,71598,78755
chip09,60001,61000,6,1000,61428,64719,69231,6477,6497,6560,58816,61263,61428,62377,62563,63427,63523,63676,63775,64641,64719,64862,65774,65881,66029,66938,67125,68130,69231,71341,79784
chip09,61001,62000,0,1000,58313,60538,62150,6489,6508,6527,55688,58018,58313,58381,59209,59310,59388,59588,59636,59697,60538,60576,60647,60841,60898,61755,61823,61907,62150,63141,66638
chip09,61001,62000,1,1000,64431,67960,72465,6486,6505,6524,59829,63268,64431,64638,65612,65809,66730,66794,66968,67897,67960,68089,69029,69184,70120,70291,71266,71433,72465,74482,78691
chip09,61001,62000,2,1000,61124,63729,67068,6486,6504,6524,57503,60138,61124,61374,62269,62428,62541,63424,63512,63669,63729,64609,64679,64824,64912,65826,66025,66926,67068,68119,72604
chip09,61001,62000,3,1000,60134,62501,64978,6485,6505,6523,57302,59802,60134,60307,61105,61318,61381,61470,62296,62380,62501,62592,63447,63557,63694,63783,64689,64777,64978,66023,71373
chip09,61001,62000,4,1000,57737,59991,62512,6486,6504,6522,55059,57401,57737,57830,58692,58741,58997,59055,59091,59937,59991,60036,60237,60313,60406,61248,61307,61584,62512,63674,69253
chip09,61001,62000,5,1000,61497,64814,68343,6486,6505,6523,58942,61251,61497,62441,62667,63563,63633,63811,63908,64762,64814,64954,65028,65919,66082,67032,67191,68152,68343,70332,73685
chip09,61001,62000,6,1000,61278,63658,67057,6487,6505,6524,58759,60943,61278,61378,62264,62332,62519,62580,63447,63525,63658,63737,64614,64712,64871,65762,65854,66048,67057,68136,74499
chip09,62001,63000,0,1000,59549,61797,64246,6500,6521,6535,56937,59221,59549,60350,60490,60557,60772,60820,61624,61730,61797,61989,62047,62867,62967,63025,63226,64139,64246,65346,70089
chip09,62001,63000,1,1000,60776,64503,70270,6496,6518,6532,57246,59816,60776,61068,61972,62078,62312,63225,63462,64401,64503,64700,65677,66723,66942,67900,68097,69174,70270,72433,82839
chip09,62001,63000,2,1000,61298,64663,68041,6496,6518,6530,58682,60995,61298,62243,62473,62572,63447,63646,63703,64597,64663,64819,64878,65774,65828,65988,66893,67011,68041,69140,74656
chip09,62001,63000,3,1000,61297,63766,67148,6497,6517,6531,57660,60927,61297,62169,62323,62522,62588,63446,63538,63719,63766,64637,64698,64860,64965,65861,66032,66950,67148,68166,74565
chip09,62001,63000,4,1000,57747,60206,63654,6497,6518,6531,55019,57616,57747,58622,58748,58970,59031,59865,59930,59991,60206,60279,61140,61199,61390,61513,62399,62641,63654,64937,71388
chip09,62001,63000,5,1000,61336,64718,69274,6497,6517,6532,57531,60187,61336,61469,62381,62581,62699,63561,63631,63818,64718,64800,64949,65875,66050,67013,67182,68160,69274,70473,75739
chip09,62001,63000,6,1000,62192,64649,68016,6498,6517,6532,57478,61247,62192,62428,62529,63405,63518,63642,63711,64564,64649,64774,64849,65723,65787,65920,66852,67007,68016,68272,74613
chip09,63001,64000,0,1000,58203,60731,64320,6497,6525,6547,55546,57903,58203,59053,59183,59439,59500,60344,60436,60619,60731,60801,61664,61721,61947,62015,62946,63227,64320,65510,68837
chip09,63001,64000,1,1000,60741,63479,67900,6495,6523,6544,57297,59771,60741,61033,61129,62017,62246,62339,63210,63287,63479,64363,64449,64653,65568,65777,66712,66924,67900,69136,74419
chip09,63001,64000,2,1000,62431,65832,70236,6494,6522,6543,58724,62214,62431,63359,63567,63657,64559,64715,64782,65686,65832,65948,66866,67020,67127,68045,68220,69259,70236,71310,76748
chip09,63001,64000,3,1000,60997,63650,68039,6495,6522,6543,58608,60035,60997,61224,62127,62237,62432,62544,63403,63514,63650,63815,64613,64795,65668,65850,66830,66961,68039,69184,74505
chip09,63001,64000,4,1000,57737,60206,63514,6495,6522,6542,56280,57619,57737,58633,58907,58988,59820,59880,59941,60152,60206,60278,61108,61167,61347,61451,62345,62495,63514,63867,68259
chip09,63001,64000,5,1000,61382,64709,69189,6495,6522,6542,57578,61160,61382,62307,62545,62616,63492,63622,63750,64615,64709,64858,65794,65913,66071,67008,67158,68120,69189,70401,77704
chip09,63001,64000,6,1000,62502,65750,69295,6494,6522,6543,58676,62147,62502,63422,63606,64468,64557,64695,64788,65672,65750,65869,66763,66855,67011,67974,68144,69123,69295,71326,77762
chip09,64001,65000,0,1000,59039,60641,63019,6511,6533,6550,56752,58158,59039,59155,59362,59408,59502,60323,60377,60558,60641,60704,61550,61600,61659,61867,61958,62835,63019,64029,67584
chip09,64001,65000,1,1000,63073,66615,70071,6509,6530,6546,55906,62104,63073,63340,64276,64363,64564,65478,65561,65718,66615,66669,66839,67733,67827,67995,68931,69115,70071,71165,78615
chip09,64001,65000,2,1000,62329,65615,69048,6509,6530,6546,59811,62040,62329,63237,63478,63543,64411,64487,64684,64738,65615,65660,65819,65875,66790,66866,67885,67980,69048,70159,74625
chip09,64001,65000,3,1000,59871,62427,67017,6508,6530,6547,57308,59537,59871,60028,60881,61019,61207,61289,62142,62245,62427,63294,63398,63528,64468,64594,65628,65883,67017,69114,75661
chip09,64001,65000,4,1000,58450,60156,63566,6509,6530,6546,56195,57540,58450,58589,58843,58903,59750,59806,59910,60090,60156,61006,61066,61263,61388,62270,62480,63388,63566,64755,69172
chip09,64001,65000,5,1000,63392,66030,70388,6510,6529,6547,59949,62431,63392,63637,64548,64664,64804,65709,65765,65929,66030,66913,67074,67978,68061,68226,69165,70204,70388,71474,76676
chip09,64001,65000,6,1000,63194,65681,69212,6509,6529,6547,59846,62120,63194,63437,63554,64437,64514,64663,64725,65625,65681,65842,65927,66814,66975,67897,67996,69012,69212,70322,76653
chip09,65001,66000,0,1000,59348,61538,63122,6507,6531,6547,56729,59030,59348,59458,60262,60330,60536,60600,60644,61463,61538,61579,61708,61833,61899,62751,62799,62856,63122,64055,69716
chip09,65001,66000,1,1000,63347,67903,73338,6503,6528,6544,59634,63057,63347,64472,65402,65587,66530,66624,66798,67727,67903,68827,68997,69964,70117,71095,71262,72280,73338,75443,81731
chip09,65001,66000,2,1000,63201,65823,70169,6504,6527,6543,58572,62098,63201,63469,63528,64437,64631,64710,65599,65653,65823,66746,66799,66979,67909,68048,69014,69181,70169,71265,76571
chip09,65001,66000,3,1000,61201,64499,67016,6504,6527,6543,58554,61088,61201,62131,62360,62443,63346,63510,63569,63615,64499,64541,64711,64766,65664,65708,65885,66825,67016,68028,75672
chip09,65001,66000,4,1000,58745,61044,64560,6504,6527,6542,56160,58412,58745,58817,59689,59760,60007,60072,60169,60979,61044,61250,61304,62188,62247,62453,63357,63501,64560,65737,72375
chip09,65001,66000,5,1000,63588,67050,72340,6505,6528,6543,59662,62438,63588,64515,64670,64822,65732,65887,65990,66897,67050,67958,68027,68159,69078,69241,70235,71300,72340,73461,79684
chip09,65001,66000,6,1000,62407,66827,71239,6505,6528,6543,58539,62101,62407,63398,64346,64544,64710,65614,65790,66680,66827,66967,67886,68035,68968,69100,70050,70248,71239,72416,78702
chip09,66001,67000,0,1000,60253,61762,63977,6500,6531,6551,57898,59296,60253,60494,60540,60595,61431,61486,61532,61709,61762,61812,62645,62706,62753,62916,63014,63902,63977,65094,67521
chip09,66001,67000,1,1000,66798,71223,76578,6498,6528,6547,61717,65632,66798,67849,68800,68980,69912,70054,70190,71078,71223,72147,72279,73204,73361,74302,74447,75472,76578,77673,84900
chip09,66001,67000,2,1000,61048,63462,65857,6498,6528,6547,58241,60754,61048,61945,62066,62256,62308,63167,63228,63344,63462,63511,64384,64440,64570,64674,65542,65639,65857,66885,71393
chip09,66001,67000,3,1000,61124,63497,65914,6497,6528,6548,57210,60748,61124,61201,62070,62151,62339,62396,63267,63313,63497,63554,64391,64494,64539,64728,65629,65699,65914,67006,72366
chip09,66001,67000,4,1000,58776,61280,64594,6496,6528,6549,56124,58428,58776,59663,59957,60037,60881,60955,61046,61216,61280,62147,62224,62410,62486,63373,63456,63655,64594,65724,70358
chip09,66001,67000,5,1000,64714,69126,75686,6497,6529,6548,59875,63567,64714,65703,65937,66889,67097,67995,68119,69063,69126,70109,70223,71183,71401,72373,73419,74477,75686,77803,86933
chip09,66001,67000,6,1000,65672,69181,74519,6498,6529,6548,61954,64568,65672,66702,66891,67792,67888,68040,68945,69102,69181,70096,70232,71152,71300,72258,72416,73461,74519,76538,84872
chip09,67001,68000,0,1000,60145,61741,64147,6523,6546,6561,57840,59227,60145,60402,60474,60538,61381,61437,61567,61697,61741,61832,62643,62683,62741,62955,63840,63902,64147,65129,68790
chip09,67001,68000,1,1000,68883,73343,78665,6521,6542,6560,63118,67618,68883,69879,70078,71019,71182,72155,72283,73210,73343,74265,74407,75370,75495,76448,76604,77626,78665,80687,85860
chip09,67001,68000,2,1000,62240,65736,70097,6521,6543,6559,58186,61933,62240,63173,63383,64278,64400,64600,65509,65558,65736,65833,66729,66913,67810,67880,68070,69026,70097,71226,77606
chip09,67001,68000,3,1000,60849,62408,64767,6519,6543,6560,58498,59902,60849,61096,61148,62029,62074,62256,62330,62360,62408,63260,63305,63371,63528,63589,64476,64570,64767,65829,69215
chip09,67001,68000,4,1000,60773,63269,65851,6521,6542,6558,58269,59898,60773,60910,61140,61192,62059,62126,62255,62397,63269,63334,63383,63573,64462,64554,64723,65650,65851,66975,73431
chip09,67001,68000,5,1000,66911,72313,77760,6520,6542,6558,59809,65791,66911,67957,69005,69185,70125,70282,71237,71375,72313,72434,73382,73522,74493,75502,75638,76661,77760,79833,87995
chip09,67001,68000,6,1000,65718,69124,73375,6521,6542,6559,62114,64635,65718,66687,66894,67806,67943,68026,68924,68997,69124,69222,70093,70231,71140,71214,71394,72376,73375,74469,82855
chip09,68001,69000,0,1000,60409,62680,65067,6527,6549,6564,57837,60148,60409,61259,61398,61581,61669,61734,62561,62625,62680,62842,62892,62957,63807,63863,63958,64152,65067,66090,70818
chip09,68001,69000,1,1000,68692,74269,79680,6525,6547,6562,63121,67498,68692,69821,70045,71054,72025,72228,73174,73341,74269,74414,75373,76370,76486,76564,77604,78644,79680,81707,103204
chip09,68001,69000,2,1000,63124,65788,70110,6525,6547,6561,59646,62149,63124,63377,64257,64363,64576,65477,65537,65709,65788,66686,66859,66914,67837,67992,68951,69148,70110,71206,75616
chip09,68001,69000,3,1000,60795,63166,65571,6525,6546,6561,58455,59866,60795,61052,61122,61998,62061,62234,62285,62324,63166,63241,63292,63471,63530,64415,64451,64635,65571,65836,69147
chip09,68001,69000,4,1000,60841,63289,65708,6525,6546,6562,57381,59905,60841,61116,61187,62065,62166,62325,62372,63233,63289,63348,63512,63580,64450,64505,64682,65585,65708,66827,70293
chip09,68001,69000,5,1000,63516,67829,72309,6527,6547,6561,59789,63180,63516,64577,64669,65586,65786,65886,66769,66938,67829,67902,68064,68985,69083,70093,70263,71236,72309,73564,79835
chip09,68001,69000,6,1000,66536,70006,73485,6523,6547,6561,61861,65460,66536,66754,66873,67789,67951,68869,68947,69094,70006,70146,70244,71154,71289,72240,72372,73322,73485,75483,80866
chip09,69001,70000,0,1000,61318,63763,66255,6527,6549,6562,58800,60346,61318,61562,61656,62514,62677,62793,62872,63708,63763,63831,63993,64084,64938,65039,65197,66100,66255,67425,72969
chip09,69001,70000,1,1000,67552,72210,77615,6523,6546,6559,62985,66324,67552,68652,68865,69796,69981,70924,71116,72066,72210,73166,73322,74286,75265,75434,76383,76540,77615,79631,84916
chip09,69001,70000,2,1000,65485,70012,74543,6522,6545,6559,59714,64472,65485,66477,66801,67732,67894,67995,68908,69084,70012,70169,71127,71243,72220,72364,73316,73486,74543,76548,83952
chip09,69001,70000,3,1000,61926,64338,66884,6524,6546,6560,59538,61007,61926,62191,62259,63118,63187,63262,63423,63492,64338,64387,64500,64626,65518,65588,65770,66693,66884,68054,73391
chip09,69001,70000,4,1000,60997,63487,66736,6523,6545,6559,57285,60650,60997,61099,61990,62249,62296,63164,63227,63418,63487,64369,64424,64481,64643,64710,65582,65786,66736,67006,70166
chip09,69001,70000,5,1000,64589,69025,74526,6522,6545,6558,61928,63507,64589,65575,65773,66702,66879,66997,67889,68048,69025,69218,70216,71161,71300,72283,72428,73472,74526,75670,83944
chip09,69001,70000,6,1000,65665,69068,74358,6521,6545,6558,62954,65365,65665,66582,66762,67654,67778,67901,68789,68926,69068,70004,70130,71002,71139,71304,72293,73305,74358,75471,81811
chip09,70001,71000,0,1000,61438,63693,66088,6479,6506,6549,58977,61108,61438,61532,62297,62475,62642,62732,62788,63610,63693,63736,63922,63983,64788,64920,64987,65176,66088,66382,70721
chip09,70001,71000,1,1000,67484,70952,75451,6477,6504,6547,61726,66326,67484,67703,68635,68803,68878,69791,69971,70889,70952,71093,72029,72179,73110,73255,74216,74371,75451,77446,83806
chip09,70001,71000,2,1000,63006,66638,72205,6477,6502,6552,58339,61986,63006,63297,64228,64429,64535,65436,65629,66478,66638,66823,67725,67882,68832,69016,70007,71030,72205,74258,79738
chip09,70001,71000,3,1000,62228,64586,67797,6477,6504,6548,59699,62121,62228,63108,63311,63381,64251,64307,64381,64536,64586,65429,65497,65546,65707,65793,66667,66841,67797,68959,72339
chip09,70001,71000,4,1000,60956,63455,66778,6479,6504,6547,58245,60642,60956,61077,61955,62178,62276,63133,63199,63404,63455,64329,64394,64576,64643,65549,65640,65861,66778,67877,74360
chip09,70001,71000,5,1000,63282,65792,70162,6479,6504,6551,60698,62217,63282,63440,64341,64528,64613,65476,65581,65719,65792,66667,66748,66916,67831,67995,68941,69113,70162,71379,78691
chip09,70001,71000,6,1000,65479,68810,73372,6479,6503,6552,61943,64477,65479,65662,66568,66698,66812,67705,67812,67943,68810,68898,69056,69954,70042,70993,71220,72277,73372,75349,83735
chip09,71001,72000,0,1000,61576,63929,67226,6499,6522,6540,57702,61410,61576,62448,62632,62715,63525,63632,63734,63873,63929,64725,64830,64898,65044,65145,66044,66241,67226,68335,71952
chip09,71001,72000,1,1000,66311,70848,75294,6496,6520,6538,61756,65303,66311,66548,67517,67698,68632,68821,69754,69923,70848,70928,71078,72008,72127,73106,73253,74226,75294,76415,85825
chip09,71001,72000,2,1000,63214,67702,73315,6496,6520,6537,59434,62055,63214,64162,64372,65320,65425,65626,66562,66778,67702,67885,68839,69038,69999,70167,71134,72232,73315,75460,86951
chip09,71001,72000,3,1000,62979,65436,69110,6497,6520,6538,59669,62073,62979,63149,63304,64085,64253,64418,64501,64610,65436,65503,65669,66545,66622,66794,67726,67986,69110,71136,75458
chip09,71001,72000,4,1000,61892,64346,66896,6497,6520,6537,59360,60948,61892,62117,62204,63057,63148,63329,63401,64260,64346,64452,64564,65451,65527,65650,65759,66680,66896,68032,73480
chip09,71001,72000,5,1000,65471,69052,73522,6496,6519,6537,61789,64475,65471,65689,66620,66808,67707,67810,67974,68914,69052,69989,70077,70213,71148,71299,72250,72409,73522,75508,81773
chip09,71001,72000,6,1000,66640,69884,73226,6497,6519,6537,63174,65628,66640,66785,67683,67831,67894,68794,68867,69009,69884,69966,70043,70156,71066,71192,72146,72252,73226,74342,80652
chip09,72001,73000,0,1000,62405,64831,67480,6509,6533,6549,60037,61457,62405,62638,63461,63595,63759,63864,63932,64785,64831,64967,65064,65925,66007,66081,66289,67195,67480,68630,75086
chip09,72001,73000,1,1000,64163,67645,71998,6504,6530,6545,60333,63913,64163,65096,65314,66225,66301,66503,67415,67467,67645,67696,68604,68787,68847,69798,69953,70912,71998,73104,80693
chip09,72001,73000,2,1000,62911,65583,69941,6504,6529,6545,59427,61957,62911,63182,63319,64169,64388,64472,65338,65508,65583,66492,66547,66721,67626,67712,67911,68838,69941,70172,74361
chip09,72001,73000,3,1000,61714,64129,66720,6502,6528,6545,58341,60837,61714,61896,62096,62161,62997,63055,63203,63299,64129,64239,64291,64458,64532,65428,65558,66533,66720,67932,73317
chip09,72001,73000,4,1000,61869,64233,66612,6502,6529,6545,58330,60915,61869,62118,62174,63025,63088,63235,63327,63368,64233,64284,64335,64523,64579,65457,65497,65649,66612,66834,72216
chip09,72001,73000,5,1000,65492,71269,77655,6504,6529,6544,61770,64443,65492,66578,66824,67864,68842,69036,70010,71049,71269,72214,72368,73371,74330,74492,75456,76486,77655,79652,87988
chip09,72001,73000,6,1000,67707,72069,76463,6501,6528,6545,64101,66648,67707,68721,68930,69807,69993,70091,71029,71164,72069,72229,72304,73232,73346,74292,74450,75430,76463,77633,83874
chip09,73001,74000,0,1000,62352,64715,67178,6506,6539,6557,60035,61431,62352,62579,62641,63508,63588,63774,63822,63909,64715,64775,64891,65002,65095,65949,66010,66220,67178,68306,70861
chip09,73001,74000,1,1000,64986,68563,73102,6507,6537,6555,60357,64038,64986,65269,66216,66328,66491,67398,67580,67657,68563,68698,68812,69731,69911,70841,71033,72000,73102,74356,81727
chip09,73001,74000,2,1000,62872,65317,68998,6504,6537,6553,59120,61912,62872,63100,63197,64078,64163,64337,64399,65271,65317,65511,65621,66487,66669,67606,67817,68754,68998,70139,75408
chip09,73001,74000,3,1000,63177,65429,68743,6505,6537,6553,60791,62938,63177,63263,64146,64244,64397,64436,65257,65373,65429,65584,65654,66536,66652,66777,67667,67786,68743,69001,74355
chip09,73001,74000,4,1000,61771,63352,66644,6504,6537,6554,58317,60834,61771,61844,62054,62121,62973,63032,63105,63290,63352,64240,64288,64455,64523,65418,65488,65705,66644,67788,72218
chip09,73001,74000,5,1000,65328,67931,72351,6503,6537,6554,61699,64359,65328,65553,65649,66559,66742,67654,67711,67857,67931,68828,68921,69045,69951,70109,71084,71269,72351,74382,81785
chip09,73001,74000,6,1000,68740,72262,77525,6503,6536,6553,64232,67733,68740,68955,69977,70070,70987,71132,72060,72144,72262,73186,73285,74221,74328,75332,75473,76435,77525,78689,85862
chip09,74001,75000,0,1000,62523,64877,67167,6512,6546,6562,59961,62223,62523,63421,63510,63697,63749,63796,64658,64721,64877,64947,65013,65869,65927,66067,66160,67056,67167,68263,73919
chip09,74001,75000,1,1000,65186,68659,73198,6511,6543,6559,60108,64096,65186,65275,66200,66413,67322,67386,67555,68455,68659,68779,69692,69867,70809,70966,71929,72137,73198,75228,80605
chip09,74001,75000,2,1000,61919,64390,67766,6514,6543,6558,58144,61762,61919,62855,63058,63138,63999,64080,64235,64300,64390,65222,65310,65463,66319,66433,66633,67564,67766,68778,73198
chip09,74001,75000,3,1000,62036,64430,67597,6512,6543,6559,58161,61811,62036,62958,63112,63205,64023,64122,64239,64354,64430,65276,65357,65466,65568,66430,66512,66679,67597,67829,72248
chip09,74001,75000,4,1000,62036,64418,67762,6512,6544,6560,59563,61773,62036,62933,63093,63212,63271,64126,64196,64328,64418,64469,65326,65402,65571,65659,66564,66760,67762,68879,72273
chip09,74001,75000,5,1000,65482,68944,73355,6513,6544,6559,61930,64357,65482,66395,66553,66728,67629,67827,67901,68802,68944,69011,69926,70102,71009,71116,72070,72307,73355,75331,80707
chip09,74001,75000,6,1000,68683,72241,76553,6515,6544,6559,63096,67654,68683,68897,69840,70024,70983,71103,72012,72101,72241,73156,73280,73365,74274,74408,75351,75544,76553,78546,84808
chip09,75001,76000,0,1000,63385,65857,69359,6513,6542,6555,59952,62406,63385,63557,63692,64541,64650,64834,64925,65768,65857,66008,66097,66952,67058,67246,68170,68340,69359,70454,76007
chip09,75001,76000,1,1000,64069,67375,70962,6512,6539,6552,61211,63833,64069,64997,65197,65263,66163,66341,66409,67309,67375,67553,68392,68523,68705,69631,69773,70759,70962,72157,79498
chip09,75001,76000,2,1000,62807,65390,68686,6512,6539,6553,59286,61809,62807,63035,63855,64002,64208,64278,65144,65201,65390,65454,66338,66423,66600,67505,67593,67751,68686,69791,73348
chip09,75001,76000,3,1000,62916,65369,68674,6515,6539,6553,60288,61978,62916,63144,64005,64128,64273,64360,65123,65274,65369,65488,66302,66434,66554,66704,67580,67745,68674,69024,74273
chip09,75001,76000,4,1000,63180,66492,69835,6514,6540,6554,59487,62874,63180,64128,64340,64402,65319,65412,65551,65615,66492,66546,66711,66772,67657,67830,67937,68833,69835,71013,75432
chip09,75001,76000,5,1000,66494,69874,73397,6511,6539,6552,63096,65525,66494,66697,67631,67802,67874,68762,68850,68975,69874,69970,70091,70994,71079,71214,72153,72330,73397,74494,80707
chip09,75001,76000,6,1000,67716,71962,76403,6512,6539,6553,65059,66602,67716,68671,68869,69792,69939,70016,70942,71085,71962,72064,72207,73152,73260,74219,74360,75341,76403,77571,86962
chip09,76001,77000,0,1000,63606,65826,69280,6507,6548,6566,59923,63273,63606,63699,64568,64624,64791,64850,64914,65783,65826,65929,66042,66856,66999,67176,68100,68215,69280,70406,76090
chip09,76001,77000,1,1000,63958,67290,72044,6503,6546,6564,59069,63682,63958,64806,64983,65178,66044,66135,66307,66395,67290,67394,67552,68473,68675,69625,70677,70929,72044,74074,81623
chip09,76001,77000,2,1000,63876,66563,69854,6503,6545,6564,60416,62926,63876,64158,64277,65180,65370,65470,66320,66465,66563,67439,67515,67650,67731,68626,68716,68872,69854,70992,76568
chip09,76001,77000,3,1000,62857,65361,68698,6504,6545,6564,59306,61841,62857,63051,63140,64021,64163,64283,65101,65232,65361,65455,66276,66400,66476,66640,67555,67721,68698,69778,75513
chip09,76001,77000,4,1000,63148,66454,69903,6508,6546,6564,60583,62874,63148,64071,64312,64368,65254,65314,65515,65571,66454,66509,66682,66751,67642,67790,67920,68823,69903,71070,78552
chip09,76001,77000,5,1000,65598,68915,73315,6502,6545,6564,63081,65265,65598,66496,66664,67571,67659,67835,68727,68780,68915,68986,69903,70050,70985,71060,71234,72298,73315,74471,80816
chip09,76001,77000,6,1000,70877,75413,81706,6501,6545,6564,66301,69723,70877,71945,72134,73081,73236,74176,74322,75279,75413,76355,76495,77440,77584,78601,79576,80591,81706,83828,104297
chip09,77001,78000,0,1000,63577,65905,68397,6530,6556,6571,61022,63313,63577,64404,64542,64746,64814,64877,65719,65770,65905,65984,66052,66910,66972,67141,67254,68157,68397,69443,76082
chip09,77001,78000,1,1000,64909,67551,72991,6532,6554,6571,61260,63903,64909,65152,66045,66143,66322,67205,67295,67480,67551,68457,68632,69551,69758,70714,70916,71990,72991,74200,79510
chip09,77001,78000,2,1000,63953,66381,69925,6531,6554,6571,60422,62954,63953,64149,64277,65121,65308,65373,65466,66302,66381,66528,67376,67494,67635,68592,68791,69768,69925,71071,75456
chip09,77001,78000,3,1000,62988,65424,67788,6530,6554,6569,60576,62733,62988,63117,64025,64190,64268,65125,65207,65334,65424,65493,66352,66415,66571,66651,67526,67615,67788,68814,75305
chip09,77001,78000,4,1000,64206,67497,70991,6530,6554,6571,60559,63117,64206,64316,65235,65447,65508,66399,66465,66651,67497,67590,67711,67834,68741,68896,69008,69971,70991,72114,79622
chip09,77001,78000,5,1000,65503,68696,71175,6530,6553,6570,61785,65225,65503,66458,66634,66695,67557,67613,67761,67815,68696,68763,68805,68937,69014,69892,70053,71004,71175,72265,77578
chip09,77001,78000,6,1000,70799,74256,80609,6533,6553,6570,66200,68827,70799,71012,71974,72085,72906,73106,73235,74158,74256,75186,75319,76294,76441,77412,78435,79480,80609,82764,104412
chip09,78001,79000,0,1000,64721,67111,70462,6527,6560,6575,61108,63601,64721,64815,65723,65907,65961,66743,66886,66942,67111,67163,68035,68101,68277,68388,69280,69517,70462,71766,79276
chip09,78001,79000,1,1000,65159,69524,74072,6527,6559,6574,60176,64914,65159,66191,66305,67240,67429,68351,68427,68606,69524,69604,69760,70703,70872,71827,72006,72986,74072,75204,81608
chip09,78001,79000,2,1000,63800,66269,68845,6527,6558,6574,60426,62879,63800,64068,64155,65022,65090,65261,65331,66171,66269,66344,66479,66560,67439,67530,67701,68617,68845,69927,74218
chip09,78001,79000,3,1000,64119,66536,69930,6528,6558,6573,61395,63085,64119,64292,65147,65302,65385,66238,66359,66450,66536,67404,67496,67648,67740,68648,68771,69725,69930,71068,76445
chip09,78001,79000,4,1000,64210,67784,74265,6531,6558,6574,60670,63079,64210,65153,65275,65459,66376,66591,67503,67599,67784,68758,68939,69865,70033,71027,72068,72265,74265,76438,84836
chip09,78001,79000,5,1000,66622,69993,73360,6530,6558,6574,63023,66405,66622,67598,67784,68694,68789,68907,69783,69851,69993,70051,70964,71024,71169,72094,72233,73185,73360,74444,80812
chip09,78001,79000,6,1000,70743,74301,79702,6527,6557,6574,66390,68770,70743,70985,71943,72099,73021,73186,74049,74176,74301,75221,75354,76258,76416,77395,77524,78610,79702,81655,87892
chip09,79001,80000,0,1000,64375,65951,69205,6522,6559,6574,60965,63450,64375,64596,64703,64755,65636,65677,65853,65905,65951,66827,66868,66923,67092,67989,68055,68249,69205,69454,76174
chip09,79001,80000,1,1000,65070,68412,72900,6519,6556,6572,61375,64771,65070,66019,66220,67104,67180,67364,67428,68320,68412,68544,69459,69539,69715,70655,70846,71798,72900,74112,81663
chip09,79001,80000,2,1000,65055,67557,71025,6519,6555,6572,61313,64072,65055,65249,66145,66219,66409,66483,67355,67395,67557,67621,68511,68578,68760,69662,69728,70796,71025,73061,80697
chip09,79001,80000,3,1000,64091,66507,69784,6518,6556,6572,60377,63832,64091,64975,65203,65292,65391,66222,66306,66423,66507,67356,67431,67492,67650,68510,68645,68817,69784,70888,75443
chip09,79001,80000,4,1000,66243,70852,77459,6520,6556,6572,61737,65114,66243,66530,67512,67705,68627,68795,69701,69903,70852,70951,71936,72108,73081,73282,74339,75437,77459,79678,85871
chip09,79001,80000,5,1000,67459,70005,74269,6519,6555,6571,64046,66526,67459,67682,68572,68675,68846,68890,69798,69901,70005,70915,70966,71111,72051,72200,73128,73271,74269,75361,81712
chip09,79001,80000,6,1000,77364,82658,103245,6516,6555,6571,70752,75377,77364,78401,78585,79566,80527,80673,81622,81729,82658,82790,83742,84720,84879,85870,86865,87904,103245,103270,105451
chip09,80001,81000,0,1000,64286,65937,68300,6483,6500,6565,60880,63431,64286,64477,64668,64728,65596,65658,65796,65887,65937,66789,66849,66905,67063,67122,68002,68080,68300,69255,73952
chip09,80001,81000,1,1000,64899,67389,71773,6482,6499,6566,61359,63815,64899,65025,65921,66040,66199,66966,67150,67228,67389,68293,68360,68547,69451,69531,70342,70682,71773,73925,82534
chip09,80001,81000,2,1000,65159,68521,72021,6480,6499,6565,61463,64040,65159,66067,66207,66390,67240,67361,67538,68402,68521,68685,68775,69657,69755,69925,70839,71796,72021,73199,81613
chip09,80001,81000,3,1000,63826,66244,68650,6481,6499,6565,59226,62855,63826,64019,64150,64999,65116,65247,65340,66164,66244,66326,66427,66515,67371,67474,67618,68513,68650,69723,75210
chip09,80001,81000,4,1000,67596,73038,79580,6482,6500,6565,61473,66265,67596,68676,69677,69856,70822,71002,71935,72109,73038,73148,73289,74219,75235,75427,76451,77589,79580,81731,104418
chip09,80001,81000,5,1000,66556,69789,73145,6482,6500,6564,62972,66346,66556,67475,67654,67735,68623,68725,68830,68901,69789,69836,69976,70040,70919,70976,71188,72093,73145,75139,84738
chip09,80001,81000,6,1000,75239,81626,103245,6481,6499,6566,68497,74034,75239,76328,77293,77513,78537,79528,80522,80679,81626,82634,82802,83774,84757,85746,86738,87863,103245,103273,105487
chip09,81001,82000,0,1000,64668,66986,69350,6492,6512,6530,62167,64519,64668,65544,65683,65831,65880,66721,66791,66834,66986,67044,67095,67952,68004,68156,68256,69154,69350,70327,74777
chip09,81001,82000,1,1000,66005,68554,72876,6491,6509,6527,62569,65017,66005,66238,67137,67322,67389,68257,68321,68472,68554,69468,69566,69689,70604,70737,71705,71813,72876,74132,79447
chip09,81001,82000,2,1000,67261,70776,74316,6490,6509,6528,63593,66307,67261,67531,68463,68626,68709,69626,69802,69869,70776,70936,71827,71940,72084,73001,73171,74122,74316,76339,82839
chip09,81001,82000,3,1000,64037,66359,68742,6489,6508,6528,60374,63763,64037,64926,65056,65195,65276,65353,66171,66246,66359,66442,67288,67377,67453,67615,68475,68588,68742,69780,73230
chip09,81001,82000,4,1000,67549,72113,80665,6491,6509,6530,63777,66438,67549,68531,68762,69706,69895,70827,71001,71947,72113,73093,73258,74304,75311,76375,77438,78547,80665,83784,103339
chip09,81001,82000,5,1000,66504,69727,73071,6490,6509,6528,64024,66254,66504,67409,67560,67683,68508,68622,68744,68839,69727,69788,69905,69992,70884,70977,71093,72041,73071,74132,80740
chip09,81001,82000,6,1000,76355,81611,87903,6489,6508,6528,69671,75251,76355,77333,78370,78524,79459,79568,80525,80653,81611,81747,82680,82817,83806,84769,84886,85910,87903,103278,105504
chip09,82001,83000,0,1000,65537,67897,70298,6499,6520,6535,61842,64599,65537,65735,65808,66651,66732,66858,66972,67048,67897,67958,68054,68148,68218,69067,69133,69333,70298,71445,74819
chip09,82001,83000,1,1000,67023,69589,73870,6496,6518,6533,63742,65932,67023,67213,67317,68218,68299,68466,69349,69438,69589,69675,70571,70692,70794,71723,71881,72834,73870,75034,81542
chip09,82001,83000,2,1000,66067,68677,73029,6496,6518,6533,61511,65113,66067,66292,66384,67267,67418,67530,68419,68528,68677,69564,69674,69808,70725,70897,71850,71991,73029,74226,81761
chip09,82001,83000,3,1000,63728,66090,68552,6495,6517,6533,60313,62793,63728,63922,64041,64810,64986,65066,65203,65270,66090,66198,66268,66406,66531,67369,67459,67607,68552,68795,73066
chip09,82001,83000,4,1000,66173,68755,73222,6497,6519,6535,62726,65185,66173,66423,67309,67426,67586,67660,68544,68661,68755,69657,69726,69883,70787,70887,71935,72135,73222,75235,79572
chip09,82001,83000,5,1000,66360,68786,71984,6494,6516,6531,63995,65325,66360,66489,67409,67571,67665,68514,68589,68637,68786,68838,69728,69776,69914,69978,70892,71033,71984,72227,78524
chip09,82001,83000,6,1000,75271,80679,86937,6496,6517,6532,68337,74155,75271,76337,77383,78366,78522,79471,79601,80543,80679,81610,81750,82724,83682,83849,84861,85877,86937,103267,105509
chip09,83001,84000,0,1000,66551,69000,71574,6503,6527,6545,62992,65653,66551,66713,66902,67001,67836,67914,68056,68141,69000,69074,69206,69282,70181,70262,70435,71363,71574,72630,77216
chip09,83001,84000,1,1000,64937,68229,71869,6501,6525,6542,62158,64652,64937,65872,66085,66159,67041,67117,67279,68166,68229,68374,68486,69382,69527,69653,70565,70771,71869,72995,77308
chip09,83001,84000,2,1000,66294,69750,73138,6500,6523,6542,61411,66054,66294,67270,67462,68353,68494,68608,69510,69574,69750,69822,70709,70786,70916,71836,72008,72948,73138,74243,80631
chip09,83001,84000,3,1000,63730,66120,68540,6501,6524,6541,61225,62785,63730,63970,64045,64867,64964,65102,65190,65275,66120,66190,66318,66422,67239,67346,67505,68419,68540,69650,72994
chip09,83001,84000,4,1000,68610,72966,77471,6503,6526,6544,62737,67504,68610,69539,69788,70719,70842,70978,71875,72036,72966,73086,74032,74179,75162,75317,76262,76409,77471,78597,103276
chip09,83001,84000,5,1000,67664,71034,76357,6501,6524,6542,63845,67402,67664,68648,68772,69680,69856,69916,70833,70889,71034,71956,72072,72164,73098,73250,74204,74392,76357,77556,83913
chip09,83001,84000,6,1000,78190,83677,103269,6502,6524,6541,72844,77146,78190,78495,79527,80511,80657,81645,82581,82725,83677,83791,84766,85761,85886,86898,87906,103245,103269,104357,105529
chip09,84001,85000,0,1000,66652,69016,71573,6505,6532,6549,64387,65705,66652,66858,66923,67797,67866,68040,68084,68949,69016,69073,69219,69273,70165,70227,70390,71344,71573,72682,76974
chip09,84001,85000,1,1000,66976,69465,72978,6503,6530,6546,63592,66000,66976,67165,67255,68106,68235,68414,68490,69357,69465,69577,70473,70546,70706,71593,71717,71916,72978,74092,79425
chip09,84001,85000,2,1000,65018,67443,70934,6502,6530,6546,62590,63930,65018,65096,66006,66217,66277,67148,67216,67291,67443,67558,68393,68471,68622,69527,69680,70686,70934,72958,77475
chip09,84001,85000,3,1000,63941,66304,68690,6503,6529,6546,60422,63695,63941,64062,64914,65120,65182,65288,66091,66174,66304,66361,66453,67273,67335,67479,67595,68506,68690,69685,72972
chip09,84001,85000,4,1000,69457,73005,78434,6506,6531,6548,65114,68449,69457,69742,70641,70784,70936,71843,72005,72930,73005,73142,74052,74207,75180,75339,76300,77385,78434,79672,85907
chip09,84001,85000,5,1000,68590,72087,78610,6502,6529,6547,65171,67584,68590,69658,69833,69932,70838,70980,71042,71965,72087,73033,73116,74165,74299,75287,76346,77431,78610,80706,103301
chip09,84001,85000,6,1000,79369,83814,103278,6502,6529,6547,72970,78299,79369,79569,80596,81559,81687,82666,82759,83703,83814,84786,84888,85850,86821,86956,103229,103255,103278,103319,105545
chip09,85001,86000,0,1000,65707,68119,71308,6503,6530,6545,63192,65434,65707,66645,66812,66883,67764,67824,67980,68054,68119,68967,69015,69117,69221,70009,70169,70368,71308,71557,75976
chip09,85001,86000,1,1000,65995,68379,71810,6500,6526,6543,63406,64969,65995,66073,66965,67148,67228,68091,68157,68237,68379,69243,69345,69509,69595,70490,70655,71611,71810,72925,82534
chip09,85001,86000,2,1000,65079,68274,70929,6501,6526,6542,61317,64838,65079,65967,66170,66244,67116,67202,67349,67422,68274,68360,68497,68612,69499,69596,69760,70701,70929,72053,77501
chip09,85001,86000,3,1000,65050,67444,70607,6499,6526,6543,61458,64790,65050,65970,66107,66263,66347,67170,67245,67321,67444,67518,68379,68460,68574,68689,69576,69716,70607,70947,76292
chip09,85001,86000,4,1000,71710,76309,82665,6502,6528,6544,66172,70658,71710,71961,72982,73962,74170,75118,75244,76180,76309,76425,77420,78383,78542,79544,80568,81619,82665,84787,103324
chip09,85001,86000,5,1000,70793,77507,84863,6501,6527,6543,65170,69671,70793,71951,73050,74095,74294,75334,76305,77341,77507,78466,78608,79574,80588,81607,81764,83734,84863,87921,104417
chip09,85001,86000,6,1000,81568,86867,104368,6500,6526,6543,74026,79515,81568,82607,83629,83749,84716,85710,85813,85902,86867,87819,103228,103253,103265,103276,103286,103299,104368,104417,105541
chip09,86001,87000,0,1000,66775,69114,71501,6512,6541,6557,64265,66493,66775,66847,67747,67933,67996,68807,68919,68968,69114,69187,70070,70118,70253,70342,71232,71296,71501,72571,77071
chip09,86001,87000,1,1000,65722,68114,70711,6510,6538,6554,62315,64830,65722,65940,66012,66880,66948,67080,67173,67230,68114,68203,68335,68385,69264,69375,69545,70478,70711,71810,78402
chip09,86001,87000,2,1000,66179,69403,71921,6508,6538,6553,62523,65912,66179,67084,67289,67356,68225,68306,68471,68525,69403,69466,69596,69693,70579,70679,70831,71749,71921,73010,78531
chip09,86001,87000,3,1000,66117,68515,71804,6510,6537,6552,62582,65066,66117,66252,67104,67293,67386,67472,68301,68377,68515,68591,69468,69547,69687,70560,70676,70806,71804,72035,77319
chip09,86001,87000,4,1000,71995,77457,85816,6510,6538,6554,66069,70826,71995,73048,74022,74182,75153,75339,76301,77267,77457,78488,79458,80476,80684,81703,82801,83859,85816,103269,104476
chip09,86001,87000,5,1000,74179,80516,87988,6511,6537,6553,68508,72896,74179,75248,76257,77299,77460,78429,78564,79530,80516,81586,81727,82708,83741,83862,84880,86846,87988,103300,104445
chip09,86001,87000,6,1000,82590,87844,104366,6510,6537,6553,76175,80578,82590,83631,84633,84776,85717,85832,86785,86890,87844,103241,103252,103263,103270,103279,103289,103304,104366,104411,105566
chip09,87001,88000,0,1000,66731,69101,72349,6524,6548,6562,64056,66458,66731,67536,67707,67890,67948,68817,68877,68943,69101,69171,70018,70071,70231,70333,71218,71384,72349,72603,81161
chip09,87001,88000,1,1000,66847,69447,72830,6524,6545,6560,63549,65878,66847,67094,67161,68066,68222,68310,69205,69280,69447,69498,70410,70575,70634,71562,71735,72659,72830,74014,78362
chip09,87001,88000,2,1000,67331,70598,74172,6523,6544,6558,64623,67048,67331,68265,68459,69304,69425,69600,69640,70545,70598,70767,71669,71744,71897,71996,72868,73067,74172,76190,83691
chip09,87001,88000,3,1000,68192,70686,73972,6524,6545,6559,64735,67215,68192,68390,68527,69386,69495,69631,69712,70593,70686,70768,70849,71724,71829,71944,72870,73016,73972,75041,78502
chip09,87001,88000,4,1000,73049,78321,83812,6526,6545,6561,69570,71948,73049,74103,75072,75243,76176,76334,77274,77409,78321,78406,78572,79487,80492,80662,81678,82673,83812,85850,104362
chip09,87001,88000,5,1000,72916,77437,83704,6523,6545,6558,66183,71728,72916,74019,74190,75133,75273,76211,76357,77309,77437,78397,78512,79477,79605,80576,81609,81760,83704,84894,104425
chip09,87001,88000,6,1000,79344,85736,103304,6523,6544,6557,73800,78268,79344,80417,81433,81606,82608,83599,83749,84741,85736,86746,86888,103207,103233,103246,103258,103273,103304,104389,105532
chip09,88001,89000,0,1000,66548,68944,72319,6522,6548,6565,63099,65539,66548,66754,67619,67704,67871,67939,68777,68871,68944,69092,69181,70046,70112,70283,71185,71347,72319,73449,79009
chip09,88001,89000,1,1000,66825,70313,73937,6517,6546,6561,63156,65817,66825,67086,68003,68178,68298,69200,69328,69443,70313,70405,70547,71392,71535,71728,72637,72824,73937,75938,83685
chip09,88001,89000,2,1000,66120,69441,74129,6517,6545,6561,62494,65844,66120,67063,67230,67339,68207,68317,68461,69324,69441,69585,70503,70654,70783,71732,72003,73033,74129,76122,85812
chip09,88001,89000,3,1000,67028,69493,73963,6515,6545,6560,63663,66111,67028,67194,67351,68184,68305,68418,68505,69381,69493,69642,70500,70618,70804,71722,71870,72855,73963,75142,79546
chip09,88001,89000,4,1000,76126,81632,103284,6518,6545,6561,68382,74938,76126,77188,77388,78355,79279,79534,80480,80620,81632,82609,82784,83758,84760,85838,86875,103211,103284,103322,105568
chip09,88001,89000,5,1000,70783,74263,79624,6515,6545,6561,67264,69712,70783,71752,71926,72865,72989,73103,74010,74160,74263,75167,75315,76284,76425,77376,78373,78562,79624,81618,87956
chip09,88001,89000,6,1000,80588,86729,103302,6514,6544,6560,76134,80225,80588,81597,82556,82721,83685,84672,84814,85757,86729,86876,87838,103193,103221,103240,103257,103274,103302,104379,105532
chip09,89001,90000,0,1000,67391,69865,72319,6522,6549,6563,64138,66529,67391,67640,67771,67900,68734,68827,68943,69009,69865,69941,70047,70148,71000,71118,71275,72167,72319,73432,79017
chip09,89001,90000,1,1000,65807,69111,72585,6520,6546,6561,62132,65608,65807,66719,66921,67042,67901,68057,68175,68991,69111,69188,69321,70173,70297,70457,71368,71608,72585,73763,81481
chip09,89001,90000,2,1000,66960,69614,75023,6519,6546,6560,63440,65998,66960,67186,68100,68286,68385,69280,69363,69510,69614,70462,70653,71580,71742,72730,72938,73946,75023,77188,83737
chip09,89001,90000,3,1000,67308,70578,73935,6519,6546,6559,63576,67144,67308,68259,68414,69239,69419,69540,69631,70499,70578,70688,70761,71644,71755,71885,72810,72975,73935,75002,79404
chip09,89001,90000,4,1000,76106,83696,103239,6518,6546,6561,67077,73982,76106,78186,78392,79424,80488,81466,82472,82681,83696,84667,85686,85871,86807,87862,103197,103216,103239,104338,105459
chip09,89001,90000,5,1000,71838,76153,83656,6517,6545,6559,67307,70745,71838,72841,73019,73929,74093,74153,75081,75228,76153,76320,77264,77426,78429,79434,80528,81612,83656,85826,104380
chip09,89001,90000,6,1000,80405,85767,103255,6519,6545,6560,74920,79319,80405,81411,82417,82571,83540,84503,84675,85642,85767,86719,87703,103167,103188,103207,103222,103236,103255,104357,105524
chip09,90001,91000,0,1000,67689,69966,73339,6487,6510,6557,64199,66621,67689,67790,68675,68789,68939,69003,69842,69911,69966,70083,70184,71034,71145,71300,72191,72306,73339,74428,80064
chip09,90001,91000,1,1000,66802,69426,73719,6486,6508,6561,63358,65813,66802,66996,67890,68022,68186,69059,69165,69308,69426,70271,70364,70518,71410,71543,72481,72662,73719,74872,81438
chip09,90001,91000,2,1000,68280,71788,77161,6486,6507,6557,64665,67183,68280,69176,69413,69607,70474,70651,71573,71690,71788,72702,72840,73768,73967,74930,75109,76150,77161,78408,86874
chip09,90001,91000,3,1000,68228,71530,74934,6485,6508,6559,63681,67234,68228,68417,69340,69485,69593,70456,70562,70670,71530,71636,71715,71825,72722,72837,73020,73897,74934,75175,80412
chip09,90001,91000,4,1000,74885,80504,86871,6486,6510,6563,69140,73725,74885,75921,76196,77245,78202,78367,79347,80342,80504,81446,81580,82554,83545,83720,84776,85818,86871,103215,104401
chip09,90001,91000,5,1000,71817,76298,82554,6486,6508,6562,66969,70528,71817,72837,73844,73975,74132,75071,75209,76158,76298,77239,77392,78336,78481,79455,80487,81533,82554,83733,104382
chip09,90001,91000,6,1000,81384,85695,103242,6486,6508,6563,75945,79368,81384,82290,82560,83509,83636,84578,84681,85618,85695,85801,86752,87730,103184,103199,103215,103228,103242,103292,105455
chip09,91001,92000,0,1000,67724,70079,73349,6501,6525,6545,65273,67469,67724,68616,68726,68862,68938,69774,69871,69981,70079,70151,71009,71133,71270,72134,72217,72403,73349,74457,80085
chip09,91001,92000,1,1000,66703,69292,72788,6500,6523,6542,63308,65753,66703,66923,67825,67933,68091,68185,69060,69139,69292,69377,70247,70372,70508,71405,71629,72583,72788,74756,81364
chip09,91001,92000,2,1000,69432,74077,81545,6500,6522,6542,65940,68281,69432,70435,70640,71625,71796,72749,72945,73909,74077,75050,76048,77061,77286,78303,79306,80370,81545,83635,104302
chip09,91001,92000,3,1000,68257,70644,74032,6500,6523,6542,63571,67211,68257,68353,69264,69416,69503,69612,70427,70525,70644,70714,71564,71663,71769,71930,72804,73810,74032,75186,81637
chip09,91001,92000,4,1000,74940,80419,87800,6502,6523,6544,68247,73850,74940,76045,77089,77277,78239,78367,79341,79490,80419,80584,81561,82530,82674,83700,84707,85740,87800,103243,105450
chip09,91001,92000,5,1000,72780,77384,82737,6500,6522,6542,66065,70737,72780,73862,74091,75042,75220,76155,76310,77252,77384,78311,78452,79423,79556,80503,80645,81691,82737,84848,104413
chip09,91001,92000,6,1000,82599,87727,103279,6499,6522,6540,78241,81485,82599,83601,84581,84717,85678,85777,86725,86803,87727,103178,103199,103211,103220,103231,103243,103258,103279,104371,105518
chip09,92001,93000,0,1000,68492,72061,75574,6501,6532,6547,63981,67415,68492,68765,69734,69892,70013,70906,71080,71167,72061,72143,72292,73209,73306,73461,74382,74583,75574,76734,83353
chip09,92001,93000,1,1000,65657,69212,73640,6498,6530,6543,62109,64563,65657,66596,66841,67711,67850,68059,68962,69059,69212,70049,70201,70357,71257,71359,72432,72596,73640,74934,81321
chip09,92001,93000,2,1000,70189,74843,80312,6498,6529,6544,64520,69045,70189,70470,71432,71640,72615,72766,73706,73898,74843,74994,75930,76094,77069,77224,78193,79220,80312,81549,103086
chip09,92001,93000,3,1000,66879,69457,72700,6496,6528,6543,63401,65888,66879,67119,68010,68121,68285,68402,69217,69317,69457,69568,70409,70490,70625,71506,71595,71774,72700,73823,79429
chip09,92001,93000,4,1000,78288,85613,104280,6496,6531,6545,69286,77090,78288,80244,80453,81459,82451,83499,83639,84645,85613,85778,86795,103086,103147,103172,103194,103221,104280,104329,105476
chip09,92001,93000,5,1000,70523,74991,80400,6496,6529,6544,66070,69474,70523,71545,71727,72677,72856,73768,73890,74044,74991,75147,76088,76223,77170,77318,78276,78463,80400,81546,104403
chip09,92001,93000,6,1000,81458,103098,104313,6497,6529,6544,75917,80294,81458,83381,83580,84565,85508,85648,86639,86822,103098,103123,103137,103148,103162,103179,103207,104276,104313,104338,106507
chip09,93001,94000,0,1000,67673,71139,76609,6519,6543,6560,63723,67473,67673,68653,68774,69672,69786,69946,70815,70978,71139,72044,72179,72348,73228,74223,74446,75477,76609,77875,102904
chip09,93001,94000,1,1000,65714,68887,71494,6513,6541,6557,63169,65554,65714,66633,66828,66891,67749,67822,67981,68049,68887,68992,69139,69223,70103,70185,70330,71278,71494,72649,79119
chip09,93001,94000,2,1000,66808,70590,75944,6513,6540,6557,62231,65783,66808,67019,67981,68187,69111,69294,70195,70397,70590,71476,71627,72533,72723,73685,73880,74848,75944,77246,81585
chip09,93001,94000,3,1000,65906,69169,72686,6512,6540,6556,62279,65645,65906,66819,66910,67093,67163,68044,68221,68286,69169,69236,69402,69478,70363,70518,71479,71583,72686,73857,79315
chip09,93001,94000,4,1000,74886,81347,103165,6513,6542,6558,69197,73560,74886,76005,77080,78039,78219,79235,80184,80359,81347,81509,82496,83477,83623,84675,85743,86798,103165,103214,105475
chip09,93001,94000,5,1000,70513,74015,78371,6514,6540,6557,65902,69409,70513,71513,71692,72612,72721,72869,73786,73924,74015,74918,75004,75117,76042,76189,77153,77317,78371,79465,85702
chip09,93001,94000,6,1000,79225,85498,103186,6515,6540,6556,72580,79006,79225,81192,81397,82405,83394,83513,84453,84560,85498,85619,86559,86694,87669,103126,103151,103165,103186,103214,104374
chip09,94001,95000,0,1000,68572,72145,77683,6517,6545,6558,64051,67545,68572,68750,69663,69864,70771,70882,71075,71980,72145,73009,73199,73418,74334,75305,75527,76523,77683,79801,103004
chip09,94001,95000,1,1000,66524,68957,72631,6512,6542,6555,61886,65591,66524,66754,66826,67704,67815,67959,68026,68897,68957,69139,69231,70116,70295,71204,71319,72383,72631,74647,103095
chip09,94001,95000,2,1000,65845,69118,72554,6515,6542,6555,63007,65652,65845,66832,66962,67838,67938,68104,68196,69064,69118,69273,69415,70261,70392,70513,71414,71603,72554,73698,77247
chip09,94001,95000,3,1000,65882,69082,72588,6513,6542,6556,63344,65543,65882,66785,66968,67068,67945,68032,68166,68246,69082,69185,69326,69402,70287,70460,71393,71611,72588,73801,80321
chip09,94001,95000,4,1000,75866,82487,103197,6509,6541,6555,66834,73813,75866,76922,78029,78211,79283,80249,80429,81460,82487,83506,84520,85607,86647,87763,103156,103176,103197,104271,105486
chip09,94001,95000,5,1000,71593,76075,81406,6509,6541,6556,66987,70487,71593,72615,72876,73815,73947,74879,75018,75963,76075,76210,77128,77278,78223,78380,79333,80343,81406,82542,103231
chip09,94001,95000,6,1000,81325,86488,103185,6512,6541,6556,74636,80099,81325,82375,83341,83448,84418,84528,85436,85545,86488,86612,86711,87675,103095,103126,103144,103159,103185,104281,105437
chip09,95001,96000,0,1000,67508,71022,76754,6502,6543,6557,62908,66399,67508,67631,68569,68766,69659,69807,69940,70860,71022,71988,72122,73000,73278,74297,75331,75663,76754,78842,85271
chip09,95001,96000,1,1000,66768,70292,77009,6497,6541,6554,63166,65653,66768,67706,67927,68822,68948,69140,70021,70126,70292,71213,71367,72354,72511,73533,74644,75769,77009,80199,104258
chip09,95001,96000,2,1000,65809,69126,72674,6498,6540,6554,62181,65575,65809,66774,66942,67829,67950,68112,68206,69061,69126,69299,70179,70286,70428,71347,71454,72506,72674,73752,79218
chip09,95001,96000,3,1000,66727,69215,72661,6499,6540,6553,63527,65824,66727,66983,67082,67962,68035,68193,68251,69153,69215,69361,69436,70317,70412,70563,71492,71699,72661,73852,80380
chip09,95001,96000,4,1000,73801,79320,103147,6499,6541,6555,67896,72625,73801,74839,75885,76873,77114,78031,78177,79138,79320,80284,81303,81469,82463,83502,84554,85654,103147,103204,104391
chip09,95001,96000,5,1000,70311,73824,78345,6499,6541,6554,65645,69205,70311,70533,71459,71574,71738,72649,72808,73735,73824,73965,74893,75046,75984,76101,77075,77264,78345,80383,86824
chip09,95001,96000,6,1000,80164,85536,103196,6498,6540,6553,73635,79000,80164,81183,81368,82363,82484,83473,84429,84570,85536,85664,86651,87646,103138,103152,103164,103175,103196,104312,105455
chip09,96001,97000,0,1000,68626,72117,76592,6528,6554,6569,66135,68256,68626,69569,69761,70680,70846,70955,71846,71977,72117,73031,73186,73378,74221,74408,75330,75530,76592,78616,82116
chip09,96001,97000,1,1000,66726,70219,76940,6528,6552,6567,63124,66441,66726,67652,67872,68780,68873,69056,69967,70038,70219,71137,71309,72250,72431,73460,74549,75722,76940,80239,103070
chip09,96001,97000,2,1000,67797,71232,74856,6528,6552,6567,63276,66801,67797,68030,68945,69113,69256,70143,70273,70384,71232,71343,71490,72293,72489,72658,73585,73775,74856,75938,80271
chip09,96001,97000,3,1000,64584,67830,70340,6526,6552,6567,60846,64217,64584,65480,65680,65796,66612,66758,66885,66990,67830,67941,68031,68172,69014,69126,69333,70213,70340,71428,79351
chip09,96001,97000,4,1000,73502,78229,84625,6526,6552,6568,70066,72416,73502,73779,74838,75798,75956,76913,77096,78088,78229,79187,80150,80291,81261,82312,82491,83543,84625,86636,104331
chip09,96001,97000,5,1000,70279,73825,78336,6527,6552,6567,66893,69283,70279,70478,71432,71608,72504,72603,72776,73686,73825,73919,74833,74998,75917,76035,77010,77253,78336,80338,103193
chip09,96001,97000,6,1000,82235,103100,104271,6527,6552,6569,75639,80211,82235,83332,84437,85483,86479,86649,87623,103087,103100,103108,103116,103124,103131,103141,103153,104243,104271,104293,106505
chip09,97001,98000,0,1000,68507,72847,76458,6524,6556,6570,63809,67407,68507,69475,69700,70624,70798,71640,71814,71990,72847,72974,73143,74057,74196,74363,75252,75552,76458,77557,81950
chip09,97001,98000,1,1000,66563,69831,73360,6522,6553,6568,62813,66359,66563,66694,67626,67790,67918,68739,68885,69009,69831,69948,70079,70291,71068,71222,72158,72393,73360,74469,78952
chip09,97001,98000,2,1000,67780,71209,75831,6522,6552,6569,61958,66752,67780,67958,68877,69069,69181,70050,70194,70341,71209,71344,71521,72387,72539,73468,73669,74738,75831,77057,84560
chip09,97001,98000,3,1000,65541,68040,71302,6522,6553,6567,62103,64519,65541,65754,66634,66782,66866,67660,67850,67937,68040,68817,68971,69059,69202,70062,70196,70381,71302,72354,77057
chip09,97001,98000,4,1000,74637,79207,86608,6526,6553,6569,69040,73567,74637,75673,75917,76885,77862,78049,78967,79087,79207,80169,80333,81265,82234,82464,83591,85420,86608,103064,104306
chip09,97001,98000,5,1000,71157,74846,80348,6524,6553,6567,65743,69367,71157,71486,72395,72590,72779,73671,73797,74696,74846,75759,75910,76151,77020,77224,78184,79211,80348,82461,104264
chip09,97001,98000,6,1000,82179,103010,104203,6527,6554,6567,75598,80076,82179,83249,84373,85440,85584,86588,102958,102994,103010,103022,103034,103048,103068,103116,103155,104179,104203,104232,105377
chip09,98001,99000,0,1000,69621,74030,78726,6518,6558,6572,66020,69274,69621,70589,70792,71695,71927,72869,72988,73136,74030,74277,75177,75321,76250,76428,77391,77614,78726,79827,85139
chip09,98001,99000,1,1000,65468,68656,71273,6515,6555,6571,62964,65243,65468,66417,66604,66671,67531,67588,67733,67796,68656,68723,68815,68964,69811,69933,70134,71066,71273,72308,77913
chip09,98001,99000,2,1000,67826,71207,74901,6514,6555,6570,63116,66764,67826,67967,68852,69071,69192,70056,70236,70322,71207,71386,71520,72382,72545,73444,73626,74603,74901,76856,81261
chip09,98001,99000,3,1000,65708,68897,71347,6515,6555,6570,63186,65532,65708,66624,66804,66921,67752,67858,67992,68071,68897,68979,69115,69213,70069,70161,70298,71234,71347,72426,75967
chip09,98001,99000,4,1000,74769,80242,103043,6516,6555,6571,70122,73652,74769,75779,76752,76948,77918,78069,79106,80090,80242,81200,81364,82402,83358,84417,85462,86573,103043,103116,105369
chip09,98001,99000,5,1000,72634,80237,103102,6513,6555,6570,67797,71478,72634,73764,74812,75840,76918,77103,78183,79235,80237,81310,82355,83408,84462,84663,86623,87685,103102,103142,105333
chip09,98001,99000,6,1000,85324,103069,104262,6513,6555,6570,77895,83318,85324,86444,87517,103000,103022,103036,103044,103057,103069,103083,103099,103141,104200,104221,104233,104245,104262,104291,106452
chip09,99001,100000,0,1000,69471,73021,77506,6530,6558,6573,64882,68419,69471,69664,70615,70790,71631,71780,71964,72885,73021,73136,74030,74159,75065,75216,75438,76393,77506,78689,85344
chip09,99001,100000,1,1000,66398,68792,72048,6528,6555,6573,64187,65440,66398,66597,66680,67565,67621,67779,67854,68736,68792,68941,69017,69900,69963,70108,70910,71119,72048,72475,82278
chip09,99001,100000,2,1000,66580,69112,73435,6529,6556,6572,62856,65541,66580,66741,67592,67732,67893,67995,68851,68995,69112,69964,70081,70232,70331,71225,71411,72416,73435,74641,82512
chip09,99001,100000,3,1000,66819,70066,73522,6532,6555,6572,64306,66568,66819,67745,67914,68004,68867,68979,69112,69216,70066,70154,70280,70427,71260,71383,72298,72481,73522,74760,80309
chip09,99001,100000,4,1000,71452,75863,81260,6530,6555,6572,67900,71162,71452,72504,73473,73657,74486,74659,74832,75730,75863,75935,76862,77023,77945,78145,79159,80194,81260,83371,104280
chip09,99001,100000,5,1000,70195,72693,76939,6529,6555,6572,66805,69176,70195,70364,71282,71446,71528,72421,72479,72643,72693,73579,73627,73763,74652,74761,74932,75905,76939,78070,84567
chip09,99001,100000,6,1000,82294,103049,104270,6529,6555,6571,75731,81179,82294,83343,84318,85373,85560,86573,87545,103025,103049,103062,103072,103083,103096,103111,103145,104244,104270,104295,105466
