chip,bin_start,bin_end,sector,n,erase_us_p10,erase_us_p50,erase_us_p90,program_us_p10,program_us_p50,program_us_p90,erase_us_q00,erase_us_q05,erase_us_q10,erase_us_q15,erase_us_q20,erase_us_q25,erase_us_q30,erase_us_q35,erase_us_q40,erase_us_q45,erase_us_q50,erase_us_q55,erase_us_q60,erase_us_q65,erase_us_q70,erase_us_q75,erase_us_q80,erase_us_q85,erase_us_q90,erase_us_q95,erase_us_q100
chip15,1,1000,0,1000,54766,56839,60375,6770,6833,6858,51065,54014,54766,54846,55002,55087,55507,56526,56678,56765,56839,56897,56971,57130,58315,58518,58614,58960,60375,60677,66055
chip15,1,1000,1,1000,51706,53558,55578,6771,6836,6862,47991,51641,51706,53112,53190,53269,53326,53369,53419,53499,53558,53619,53721,55081,55127,55174,55278,55419,55578,57279,59716
chip15,1,1000,2,1000,53729,55626,57656,6770,6836,6863,50020,53526,53729,55004,55103,55159,55238,55344,55428,55533,55626,55765,55860,56027,56683,57228,57376,57487,57656,58191,61897
chip15,1,1000,3,1000,52017,53935,56053,6768,6838,6862,50628,51873,52017,53069,53590,53647,53696,53751,53831,53882,53935,53999,54096,54177,54307,54392,55035,55889,56053,56452,58727
chip15,1,1000,4,1000,53555,54406,57030,6768,6837,6863,51000,52026,53555,53660,53879,53958,54052,54123,54228,54311,54406,55068,55764,55839,55919,55994,56080,56295,57030,58374,60705
chip15,1,1000,5,1000,51868,53777,56158,6769,6837,6862,47906,50543,51868,51953,52017,52098,52178,53611,53686,53740,53777,53872,53952,54051,54205,54400,55869,55957,56158,56401,60363
chip15,1,1000,6,1000,52090,54253,56756,6769,6836,6862,48108,51885,52090,52771,53767,53852,53917,53971,54063,54143,54253,54372,54547,55792,55889,55999,56120,56347,56756,58173,60510
chip15,1001,2000,0,1000,58114,60147,63619,6768,6823,6859,56166,57985,58114,58192,59707,59754,59808,59924,59994,60087,60147,60181,61601,61692,61771,61876,61987,62151,63619,63865,67624
chip15,1001,2000,1,1000,54672,54930,57038,6766,6827,6862,52883,54614,54672,54713,54749,54792,54822,54844,54863,54891,54930,54992,56589,56659,56733,56821,56887,56957,57038,58704,61186
chip15,1001,2000,2,1000,54696,56611,58702,6767,6826,6861,52958,54643,54696,54785,54820,54851,54885,54916,54942,56541,56611,56651,56685,56745,56825,56898,56962,57034,58702,58876,62771
chip15,1001,2000,3,1000,53337,55373,57564,6767,6829,6862,53151,53261,53337,53407,53464,55204,55239,55268,55299,55338,55373,55418,55463,55488,55516,55577,55627,55715,57564,57772,60113
chip15,1001,2000,4,1000,55197,55591,57867,6767,6828,6862,53167,55099,55197,55229,55280,55374,55457,55498,55531,55560,55591,57259,57358,57413,57460,57532,57600,57698,57867,59757,61912
chip15,1001,2000,5,1000,53367,55375,57554,6766,6828,6861,51541,53274,53367,53427,53462,53495,55217,55285,55318,55344,55375,55430,55478,55516,55549,55590,55647,55718,57554,57704,59903
chip15,1001,2000,6,1000,55422,57694,61447,6767,6827,6861,53376,55287,55422,55599,55671,57153,57300,57469,57540,57632,57694,57764,57893,59374,59478,59581,59730,59857,61447,61636,63778
chip15,2001,3000,0,1000,59306,61216,63319,6767,6780,6830,55810,57659,59306,59383,59442,59503,59544,59584,61025,61147,61216,61302,61356,61438,61506,61615,63002,63155,63319,64874,69026
chip15,2001,3000,1,1000,54557,58065,60535,6765,6777,6844,52851,54519,54557,56128,56167,56278,56345,56410,56453,58015,58065,58094,58183,58318,58437,60032,60105,60204,60535,62136,69522
chip15,2001,3000,2,1000,56327,58371,62094,6765,6777,6841,54458,56168,56327,56395,56462,56511,57991,58102,58233,58316,58371,58445,58545,60060,60117,60243,60380,60520,62094,62188,65896
chip15,2001,3000,3,1000,53073,54999,57144,6764,6777,6843,52963,53045,53073,53105,53155,54854,54882,54907,54951,54978,54999,55027,55049,55077,55110,55139,55186,56991,57144,57249,59554
chip15,2001,3000,4,1000,54873,56939,59038,6765,6777,6842,52986,54838,54873,54892,54914,54935,54957,55027,55127,56895,56939,56978,57018,57056,57090,57122,57169,57233,59038,59326,65167
chip15,2001,3000,5,1000,54868,55136,57317,6765,6778,6846,52997,53178,54868,54910,54944,54978,55012,55035,55070,55107,55136,55186,56897,56965,57029,57106,57176,57244,57317,59139,61595
chip15,2001,3000,6,1000,56807,58972,61309,6765,6778,6847,53013,54867,56807,56845,56875,56911,56985,57089,57167,58931,58972,59010,59056,59173,59246,59310,61036,61127,61309,63003,66561
chip15,3001,4000,0,1000,58992,60900,62859,6766,6785,6855,57150,58937,58992,59072,59127,60715,60772,60808,60837,60861,60900,60938,60970,61030,62622,62694,62730,62785,62859,64573,68708
chip15,3001,4000,1,1000,55931,57798,59870,6765,6786,6859,54259,55882,55931,55969,56020,56065,56132,57714,57748,57772,57798,57820,57847,57884,57966,59674,59752,59797,59870,61683,63769
chip15,3001,4000,2,1000,57720,59744,61877,6764,6785,6859,55827,56032,57720,57762,57791,57845,57911,57977,59666,59709,59744,59788,59857,59901,59951,61609,61692,61765,61877,63616,65576
chip15,3001,4000,3,1000,54648,54759,56823,6764,6785,6859,52862,54546,54648,54675,54690,54704,54714,54729,54740,54750,54759,54780,54815,56557,56615,56698,56754,56788,56823,56908,60628
chip15,3001,4000,4,1000,54647,56636,58687,6765,6784,6859,54538,54621,54647,54686,54709,54743,56478,56539,56576,56605,56636,56661,56687,56713,56739,56768,56809,58593,58687,58788,62690
chip15,3001,4000,5,1000,54733,56741,60811,6766,6794,6860,52947,54654,54733,54809,56527,56574,56603,56632,56663,56706,56741,56801,58575,58660,58738,58791,58845,60676,60811,62541,64673
chip15,3001,4000,6,1000,56516,58594,60746,6764,6786,6857,54595,56430,56516,56558,56585,56612,56643,58314,58469,58541,58594,58631,58650,58684,58715,60410,60564,60683,60746,60847,66050
chip15,4001,5000,0,1000,58763,60640,64026,6774,6789,6834,56985,58731,58763,58824,60338,60415,60491,60530,60568,60602,60640,60702,62170,62232,62332,62405,62462,62556,64026,64268,68310
chip15,4001,5000,1,1000,55807,57639,61120,6770,6787,6826,54187,55768,55807,55854,57399,57502,57533,57560,57582,57611,57639,57678,59205,59253,59339,59418,59488,59562,61120,61291,64942
chip15,4001,5000,2,1000,55825,57650,59631,6770,6787,6836,55652,55774,55825,57432,57470,57514,57539,57563,57590,57620,57650,57681,57716,59276,59349,59404,59467,59531,59631,61252,63309
chip15,4001,5000,3,1000,54460,56332,58316,6770,6787,6837,52831,54439,54460,54487,54536,54558,54585,56251,56286,56308,56332,56356,56379,56406,56440,56474,56504,56544,58316,58451,62161
chip15,4001,5000,4,1000,56209,56532,60194,6770,6787,6834,54391,54557,56209,56242,56274,56311,56339,56379,56431,56464,56532,58170,58206,58232,58278,58322,58366,58459,60194,60333,62524
chip15,4001,5000,5,1000,56253,58184,60251,6772,6793,6837,54403,56193,56253,56285,56317,56359,56395,56437,56475,56527,58184,58225,58258,58299,58348,58398,58453,58527,60251,60390,65863
chip15,4001,5000,6,1000,56330,58327,62064,6771,6786,6832,54476,56251,56330,58055,58111,58156,58190,58219,58247,58280,58327,59993,60111,60215,60257,60291,60340,60400,62064,62297,66073
chip15,5001,6000,0,1000,60379,63647,66048,6782,6801,6820,56949,60219,60379,61874,61922,61973,62037,62101,62162,63591,63647,63696,63739,63806,63874,65849,65909,65973,66048,66166,68240
chip15,5001,6000,1,1000,57284,59259,62796,6781,6799,6818,55567,57228,57284,57372,57486,58979,59023,59065,59105,59174,59259,60787,60849,60903,60954,61003,61093,62693,62796,62943,66988
chip15,5001,6000,2,1000,57272,59073,61011,6780,6798,6820,55552,57244,57272,57292,57311,57341,57376,57409,57455,59036,59073,59101,59128,59167,59212,59257,59342,60934,61011,61130,67094
chip15,5001,6000,3,1000,54392,56222,58253,6781,6799,6821,54255,54328,54392,56036,56069,56094,56119,56147,56176,56199,56222,56247,56274,57964,58010,58047,58097,58177,58253,60004,62102
chip15,5001,6000,4,1000,56035,57956,59987,6782,6800,6824,54251,56006,56035,56066,56098,56130,56163,56213,57883,57922,57956,57991,58015,58038,58073,58109,58158,59888,59987,60081,63825
chip15,5001,6000,5,1000,56073,58025,60146,6787,6806,6832,54229,56029,56073,56125,56162,57803,57887,57929,57965,57996,58025,58055,58082,58118,58173,59881,59948,60036,60146,61932,69372
chip15,5001,6000,6,1000,57947,60056,65283,6781,6799,6819,55928,57801,57947,57998,58055,59644,59755,59839,59904,59968,60056,61558,61636,61759,61850,63322,63502,63579,65283,65441,70928
chip15,6001,7000,0,1000,61721,65479,67643,6781,6803,6822,59869,61611,61721,61814,63274,63326,63405,63465,63519,63568,65479,65554,65606,65664,65729,65762,65807,65848,67643,67834,71445
chip15,6001,7000,1,1000,57111,58907,60819,6779,6801,6827,55448,57067,57111,57149,57193,57236,58777,58815,58845,58876,58907,58932,58966,59000,60555,60638,60700,60748,60819,62506,66670
chip15,6001,7000,2,1000,57121,58921,60833,6779,6800,6824,55457,57085,57121,57146,57174,57210,57235,58765,58868,58892,58921,58945,58970,58991,59024,59078,60711,60773,60833,60973,64515
chip15,6001,7000,3,1000,55888,56068,58042,6780,6800,6826,54139,55857,55888,55911,55927,55941,55958,55982,56000,56027,56068,57731,57776,57801,57828,57851,57891,57930,58042,59797,61934
chip15,6001,7000,4,1000,55939,57813,59796,6783,6806,6838,54232,55904,55939,55989,57628,57673,57721,57747,57771,57794,57813,57832,57856,57900,59520,59584,59673,59729,59796,61452,63358
chip15,6001,7000,5,1000,56042,57974,61460,6788,6810,6844,54293,55956,56042,57656,57693,57729,57773,57810,57846,57896,57974,59504,59547,59605,59656,59702,59745,59865,61460,61620,65181
chip15,6001,7000,6,1000,59402,61443,64989,6780,6801,6827,55821,57734,59402,59483,59542,59630,59763,61308,61363,61401,61443,61483,61553,61680,63205,63301,63356,63433,64989,65204,69250
chip15,7001,8000,0,1000,62976,65279,67460,6790,6812,6830,59804,61535,62976,63063,63137,63205,63261,63307,65200,65249,65279,65316,65353,65390,65429,65479,65534,65592,67460,67560,69590
chip15,7001,8000,1,1000,58578,60387,62484,6789,6812,6831,56899,57075,58578,58638,58726,58775,60256,60298,60327,60349,60387,60436,60512,60587,62081,62136,62178,62241,62484,63967,66347
chip15,7001,8000,2,1000,58590,60367,62264,6789,6810,6827,56909,57063,58590,58641,58679,58707,58734,58774,58827,60321,60367,60417,60462,60492,60533,60586,60694,62168,62264,62413,66394
chip15,7001,8000,3,1000,55759,57565,59473,6790,6811,6830,54083,55732,55759,55783,55809,55839,55875,57455,57515,57540,57565,57586,57613,57634,57661,57692,57757,59397,59473,59579,61587
chip15,7001,8000,4,1000,57460,59343,61331,6797,6822,6841,55683,57425,57460,57501,57540,57592,59181,59276,59304,59322,59343,59369,59401,59440,59480,59581,61217,61262,61331,63046,67189
chip15,7001,8000,5,1000,57458,57661,61287,6797,6819,6842,55685,55801,57458,57487,57509,57530,57547,57565,57587,57617,57661,59326,59372,59407,59434,59473,59505,59560,61287,61392,65131
chip15,7001,8000,6,1000,61014,64675,68862,6790,6812,6832,57399,60919,61014,61076,61244,62848,62891,62946,63005,63172,64675,64721,64772,64838,66922,66991,67044,67106,68862,69034,72193
chip15,8001,9000,0,1000,62850,65088,67253,6790,6811,6829,61110,61383,62850,62895,62949,62990,63046,64924,64993,65051,65088,65128,65148,65175,65206,65238,65280,67087,67253,67398,71163
chip15,8001,9000,1,1000,58539,61816,63943,6788,6811,6830,56883,58490,58539,60054,60128,60193,60225,60256,60317,61774,61816,61888,61963,62020,62126,63565,63641,63736,63943,65904,68097
chip15,8001,9000,2,1000,58535,60385,63822,6789,6811,6828,56855,58497,58535,58586,60084,60156,60212,60241,60272,60308,60385,61817,61898,61956,62020,62075,62233,63635,63822,65823,68208
chip15,8001,9000,3,1000,55701,57478,59372,6790,6813,6832,54099,55674,55701,55782,57357,57390,57408,57426,57442,57460,57478,57502,57530,57575,59185,59261,59296,59330,59372,59495,63111
chip15,8001,9000,4,1000,57396,59251,61185,6803,6828,6849,55686,57306,57396,59012,59059,59095,59131,59161,59191,59219,59251,59287,60897,60966,61017,61055,61088,61130,61185,62863,64840
chip15,8001,9000,5,1000,57335,59278,62983,6801,6822,6847,55589,57284,57335,57399,57469,59075,59125,59163,59211,59243,59278,59315,59396,60989,61040,61111,61170,62799,62983,64693,68867
chip15,8001,9000,6,1000,59071,62755,66860,6797,6818,6840,57244,59020,59071,60686,60821,60870,60936,62525,62640,62705,62755,62800,64358,64466,64550,64601,64715,66777,66860,66956,70638
chip15,9001,10000,0,1000,62701,64868,68969,6778,6810,6826,61000,62635,62701,62761,64717,64757,64780,64807,64829,64849,64868,64887,64922,66866,66932,66972,67005,67043,68969,69058,72713
chip15,9001,10000,1,1000,59980,63233,65706,6780,6812,6836,56768,59887,59980,60032,61533,61581,61620,61697,61740,61788,63233,63306,63341,63393,63505,63644,65593,65638,65706,67735,71419
chip15,9001,10000,2,1000,59941,61733,65718,6775,6810,6830,56779,58368,59941,59969,59998,60038,61598,61657,61685,61711,61733,61768,61834,63380,63421,63469,63542,65647,65718,65792,69788
chip15,9001,10000,3,1000,57196,58982,60888,6781,6812,6834,55512,55605,57196,57218,57235,57255,57274,57296,57335,58952,58982,59004,59021,59038,59058,59091,59144,60827,60888,60991,64594
chip15,9001,10000,4,1000,58896,60724,62656,6810,6837,6861,57125,58750,58896,58925,58947,58969,58992,59026,59101,60670,60724,60761,60795,60824,60851,60880,60992,62575,62656,62751,66765
chip15,9001,10000,5,1000,57215,58989,60855,6795,6823,6847,55509,57169,57215,57235,57261,57284,57305,57360,58914,58953,58989,59019,59045,59082,59108,59151,60744,60802,60855,60982,64483
chip15,9001,10000,6,1000,58872,60736,64407,6790,6817,6842,57099,58834,58872,58896,58943,60555,60625,60650,60679,60708,60736,60777,62385,62456,62499,62558,62733,64292,64407,66604,70465
chip15,10001,11000,0,1000,62529,64644,66807,6773,6801,6858,59396,62483,62529,62564,62615,64509,64539,64568,64595,64620,64644,64665,64688,64713,64746,66614,66686,66755,66807,66874,70513
chip15,10001,11000,1,1000,61417,63290,67580,6771,6801,6866,58186,59822,61417,61466,61500,61536,61676,63126,63187,63232,63290,65261,65338,65393,65451,65524,67393,67496,67580,69411,72913
chip15,10001,11000,2,1000,59846,61735,65487,6770,6804,6863,58182,59809,59846,59893,61462,61490,61512,61535,61558,61594,61735,63180,63216,63254,63292,63372,65383,65430,65487,67472,69502
chip15,10001,11000,3,1000,57103,58871,60763,6767,6799,6868,55457,57078,57103,57120,57140,57165,57201,58786,58829,58853,58871,58890,58911,58927,58948,58981,60611,60694,60763,62375,66328
chip15,10001,11000,4,1000,60403,62275,64216,6788,6829,6876,56999,58744,60403,60442,60474,60520,60558,62074,62217,62248,62275,62306,62334,62377,62457,64031,64087,64153,64216,66363,68543
chip15,10001,11000,5,1000,57093,58858,60721,6790,6829,6882,55432,57068,57093,57115,57143,58760,58793,58815,58830,58845,58858,58873,58892,58916,58942,60601,60646,60690,60721,62417,64366
chip15,10001,11000,6,1000,60412,62315,66348,6780,6816,6869,57030,58752,60412,60448,60487,60539,60619,62185,62227,62268,62315,62405,63967,64017,64074,66191,66261,66301,66348,68384,73354
chip15,11001,12000,0,1000,62436,64496,66636,6783,6804,6832,59372,62380,62436,62507,64360,64387,64413,64436,64458,64478,64496,64515,64536,64584,66419,66495,66551,66592,66636,66762,70632
chip15,11001,12000,1,1000,65138,69274,72757,6779,6803,6840,59670,65046,65138,67036,67204,67248,67300,69003,69099,69220,69274,69308,69372,70947,71010,71096,71179,72667,72757,72885,77158
chip15,11001,12000,2,1000,59867,63035,65336,6777,6805,6843,58147,59746,59867,61344,61371,61390,61417,61468,61548,62995,63035,63066,63089,63127,63195,65179,65235,65279,65336,67353,69402
chip15,11001,12000,3,1000,57059,60404,62320,6775,6797,6836,55410,57013,57059,58624,58671,58702,58736,58763,58795,60332,60404,60428,60465,60503,60548,60597,62121,62229,62320,63910,68279
chip15,11001,12000,4,1000,60390,63857,68168,6807,6841,6884,58502,60273,60390,61986,62035,62068,62124,62216,63777,63816,63857,63899,63960,66053,66109,66139,66182,66224,68168,68283,71796
chip15,11001,12000,5,1000,58651,60454,62321,6790,6818,6863,56973,57122,58651,58692,58720,58756,58789,60334,60397,60430,60454,60480,60504,60528,60571,60697,62214,62255,62321,63975,68406
chip15,11001,12000,6,1000,60298,62141,64022,6785,6811,6850,56978,58699,60298,60373,60407,60428,60450,60484,60523,62049,62141,62165,62194,62220,62257,62293,62362,63944,64022,66193,68448
chip15,12001,13000,0,1000,64239,66194,68288,6788,6808,6832,60785,64177,64239,64277,64306,64342,64378,64432,66092,66139,66194,66284,66335,66395,66455,66536,68142,68208,68288,68520,73652
chip15,12001,13000,1,1000,68832,70962,74290,6792,6816,6843,64679,66954,68832,68892,68999,70706,70743,70791,70835,70886,70962,72501,72560,72601,72651,72740,74173,74227,74290,75681,81085
chip15,12001,13000,2,1000,61219,62917,65187,6798,6828,6853,59560,59723,61219,61239,61260,61289,61313,61339,61446,62882,62917,62936,62958,62988,63029,65016,65086,65138,65187,65300,69320
chip15,12001,13000,3,1000,58538,60321,63781,6791,6816,6844,56848,58505,58538,58570,58595,58631,60220,60251,60275,60294,60321,60342,60378,60482,62027,62063,62100,62145,63781,63891,68288
chip15,12001,13000,4,1000,60189,62049,66003,6833,6861,6897,58391,60123,60189,60243,60330,61865,61915,61942,61970,62014,62049,63517,63653,63705,63743,63793,63843,65933,66003,66087,68303
chip15,12001,13000,5,1000,58636,60469,63889,6812,6841,6877,56891,58546,58636,60165,60230,60266,60304,60344,60379,60421,60469,61973,62032,62077,62133,62217,63723,63796,63889,65977,68160
chip15,12001,13000,6,1000,60299,63638,66081,6803,6829,6856,58457,60206,60299,61842,61907,61962,62005,62039,62079,63538,63638,63692,63741,63787,63834,65828,65943,66023,66081,67949,70077
chip15,13001,14000,0,1000,62152,64165,68076,6790,6817,6847,59181,60692,62152,62194,62223,62301,64081,64105,64127,64142,64165,64187,64221,64267,66088,66142,66189,66250,68076,69977,75270
chip15,13001,14000,1,1000,64598,68656,74055,6800,6828,6858,60929,64540,64598,64651,66585,66637,66681,66720,66750,66794,68656,68703,68740,68793,70504,70624,70727,72451,74055,75641,81082
chip15,13001,14000,2,1000,58020,59617,62825,6797,6827,6855,56498,57992,58020,58039,58054,58068,58094,59552,59574,59596,59617,59632,59650,59674,59737,61207,61248,61287,62825,62912,67145
chip15,13001,14000,3,1000,56847,58521,61926,6788,6817,6846,55268,56808,56847,56868,56889,56943,58426,58455,58475,58500,58521,58538,58576,60113,60159,60199,60232,60288,61926,62053,68039
chip15,13001,14000,4,1000,58520,61850,65825,6831,6861,6898,56782,58427,58520,60047,60091,60138,60210,61718,61776,61819,61850,61887,63381,63500,63562,63606,63665,65754,65825,65912,71631
chip15,13001,14000,5,1000,56872,60099,63639,6830,6867,6903,55288,56839,56872,58378,58451,58472,58491,58510,58527,58555,60099,60158,60188,60211,60235,60275,61885,61941,63639,65855,69859
chip15,13001,14000,6,1000,58499,61757,65643,6810,6836,6868,56791,58448,58499,58591,60067,60119,60148,60180,60211,60251,61757,61819,61857,61891,61929,62002,63566,63681,65643,65940,69777
chip15,14001,15000,0,1000,63950,65967,68081,6799,6823,6846,60611,62161,63950,64002,64023,64051,64065,64091,64133,64212,65967,66008,66041,66069,66103,66149,67896,68003,68081,69887,74966
chip15,14001,15000,1,1000,62455,64600,68668,6817,6841,6866,57923,60940,62455,62507,62587,64459,64486,64507,64530,64561,64600,66508,66559,66593,66615,66648,66682,68600,68668,68742,73985
chip15,14001,15000,2,1000,57991,61018,62781,6807,6829,6850,56485,57958,57991,58034,59455,59481,59503,59529,59552,59581,61018,61052,61080,61108,61142,61193,62660,62706,62781,64760,68902
chip15,14001,15000,3,1000,58329,60096,63472,6802,6825,6849,55255,56836,58329,58368,58405,58494,59970,60004,60027,60055,60096,61584,61659,61694,61724,61770,61824,63392,63472,65575,67872
chip15,14001,15000,4,1000,60033,63364,65700,6837,6865,6896,56755,59937,60033,61537,61592,61657,61707,63171,63260,63309,63364,63403,63435,63485,65469,65549,65607,65657,65700,67718,69839
chip15,14001,15000,5,1000,56860,60041,63455,6840,6867,6898,55308,56809,56860,58353,58389,58415,58440,58469,59955,60013,60041,60063,60112,60153,61674,61734,61771,61885,63455,63614,67775
chip15,14001,15000,6,1000,61538,65404,67709,6822,6843,6869,56748,59962,61538,61593,61672,63144,63237,63282,63325,63458,65404,65449,65488,65529,65568,67428,67559,67645,67709,69538,74471
chip15,15001,16000,0,1000,63806,65828,68050,6799,6823,6846,60541,62071,63806,63847,63878,63922,63959,63993,65671,65796,65828,65869,65937,65990,67623,67776,67827,67917,68050,69775,73276
chip15,15001,16000,1,1000,62422,64494,68385,6810,6836,6865,59310,62358,62422,62511,64300,64359,64401,64423,64446,64466,64494,64551,66349,66408,66449,66485,66520,66573,68385,68538,72042
chip15,15001,16000,2,1000,59372,60978,62762,6804,6827,6848,57856,57935,59372,59404,59423,59445,59469,59535,60920,60947,60978,61009,61037,61076,62457,62537,62608,62665,62762,64706,66906
chip15,15001,16000,3,1000,58286,61487,63436,6800,6824,6849,55236,58223,58286,58325,59787,59859,59890,59924,59955,60030,61487,61543,61590,61625,61679,61776,63229,63320,63436,65445,69435
chip15,15001,16000,4,1000,59876,63181,65507,6838,6873,6906,58160,59822,59876,61422,61469,61511,61557,61604,63097,63149,63181,63217,63253,63299,65311,65369,65413,65447,65507,67472,69565
chip15,15001,16000,5,1000,58249,59932,61710,6837,6869,6904,56687,56773,58249,58277,58300,58318,58335,58358,58396,59896,59932,59952,59975,59991,60011,60043,61618,61667,61710,63355,65632
chip15,15001,16000,6,1000,59929,63196,67367,6826,6848,6876,58174,59827,59929,61411,61460,61497,61557,63017,63087,63143,63196,63248,65160,65232,65280,65333,65377,65436,67367,67473,71208
chip15,16001,17000,0,1000,63663,65611,67691,6798,6828,6859,60508,63630,63663,63689,63714,63738,63770,63814,65502,65572,65611,65652,65692,65717,65746,65787,65882,67630,67691,67770,71509
chip15,16001,17000,1,1000,62284,64321,68275,6817,6849,6876,59244,62225,62284,64121,64188,64215,64236,64254,64276,64296,64321,64382,66223,66266,66300,66330,66356,66396,68275,68362,72062
chip15,16001,17000,2,1000,59351,62379,64494,6806,6835,6862,57831,59315,59351,60795,60824,60847,60864,60886,60904,60958,62379,62412,62436,62459,62490,62542,64393,64451,64494,64563,68657
chip15,16001,17000,3,1000,59787,63137,67303,6806,6838,6867,56607,58253,59787,59884,61352,61431,61476,62898,62993,63059,63137,63303,65101,65147,65192,65251,65359,67236,67303,67405,71126
chip15,16001,17000,4,1000,59771,63034,65363,6858,6891,6925,58117,59719,59771,59841,61322,61384,61425,61460,61497,62975,63034,63081,63123,63163,63213,65197,65252,65307,65363,67371,69474
chip15,16001,17000,5,1000,58189,59876,63216,6850,6884,6922,56630,58149,58189,58214,58240,58286,59730,59800,59830,59853,59876,59899,59943,61431,61490,61538,61576,63119,63216,65282,67465
chip15,16001,17000,6,1000,61318,65089,67343,6826,6853,6881,58114,59836,61318,61461,62915,62952,62996,63056,65000,65048,65089,65115,65145,65181,65250,67157,67210,67275,67343,69188,72761
chip15,17001,18000,0,1000,63585,65482,67627,6811,6833,6859,61798,63549,63585,63617,63644,63677,63739,65358,65403,65451,65482,65518,65563,65615,65665,67338,67448,67524,67627,69356,74592
chip15,17001,18000,1,1000,62217,66067,68196,6825,6849,6877,59173,62148,62217,64035,64058,64079,64099,64121,64154,64216,66067,66101,66125,66151,66174,66202,66240,68116,68196,68275,73596
chip15,17001,18000,2,1000,60666,62328,64422,6824,6847,6869,57793,59283,60666,60738,60776,60801,60825,60870,62247,62294,62328,62357,62387,62421,64176,64251,64300,64355,64422,66295,68362
chip15,17001,18000,3,1000,61187,62983,67131,6821,6842,6869,58044,59669,61187,61240,61297,61339,62841,62876,62909,62939,62983,64916,65001,65043,65069,65089,65118,65162,67131,67226,72634
chip15,17001,18000,4,1000,61253,65031,67252,6870,6903,6942,58042,61143,61253,61416,62834,62881,62924,62990,64919,64999,65031,65059,65079,65104,65126,65182,67109,67189,67252,67386,72767
chip15,17001,18000,5,1000,58137,61311,65085,6859,6888,6923,56579,58099,58137,58215,59680,59707,59729,59750,59772,59803,61311,61352,61374,61401,61430,62927,63026,63080,65085,65229,67441
chip15,17001,18000,6,1000,62841,66864,69039,6832,6857,6887,58042,62739,62841,64732,64821,64879,64923,64949,64988,65046,66864,66935,66987,67028,67055,67095,67191,68943,69039,70764,72597
chip15,18001,19000,0,1000,63487,65386,67444,6817,6841,6868,61727,63464,63487,63505,63526,63608,65300,65329,65345,65363,65386,65413,65448,65483,65526,67258,67350,67406,67444,69244,71192
chip15,18001,19000,1,1000,63943,65986,68152,6831,6859,6887,60538,63899,63943,63977,64006,64046,64155,65865,65900,65949,65986,66030,66063,66127,67859,67916,67973,68055,68152,69939,73592
chip15,18001,19000,2,1000,60674,62289,64373,6822,6844,6867,57754,60636,60674,60698,60744,62152,62182,62210,62237,62260,62289,62334,64102,64136,64170,64203,64241,64297,64373,66222,70244
chip15,18001,19000,3,1000,59579,61253,64979,6822,6848,6877,57972,58091,59579,59606,59627,59675,61138,61187,61208,61231,61253,61283,61336,62805,62857,62894,62932,62997,64979,65056,67282
chip15,18001,19000,4,1000,64761,68791,72538,6871,6903,6938,62617,64715,64761,64843,66759,66825,66856,66888,66921,66970,68791,68876,68919,68959,68997,70734,70808,70888,72538,72615,77144
chip15,18001,19000,5,1000,59543,61269,65056,6860,6892,6929,56554,58055,59543,59590,59620,59642,59677,59712,61198,61243,61269,61290,61311,61344,62880,62929,62966,64978,65056,65126,69211
chip15,18001,19000,6,1000,61093,64778,66994,6829,6853,6883,57983,61027,61093,61149,62648,62697,62727,62781,64701,64751,64778,64800,64829,64872,66802,66846,66879,66915,66994,68926,72526
chip15,19001,20000,0,1000,63408,65320,68986,6822,6847,6875,60306,63377,63408,63441,63584,65177,65205,65233,65258,65286,65320,65362,65425,67111,67179,67219,67254,67295,68986,69157,72813
chip15,19001,20000,1,1000,63880,67686,71423,6844,6870,6901,60533,63828,63880,63988,65705,65763,65813,65858,65906,67639,67686,67726,67783,67848,67928,69609,69674,69736,71423,71560,74910
chip15,19001,20000,2,1000,60617,62223,66038,6824,6846,6869,57717,60584,60617,60639,60694,62106,62130,62148,62167,62193,62223,63993,64032,64062,64081,64112,64147,64197,66038,66139,68172
chip15,19001,20000,3,1000,61046,62788,66860,6831,6859,6891,57949,59519,61046,61069,61117,62624,62671,62700,62721,62745,62788,64708,64780,64807,64828,64849,64878,64916,66860,67005,69080
chip15,19001,20000,4,1000,64543,66751,68907,6887,6920,6956,59417,62649,64543,64617,64659,64691,64725,64767,66661,66719,66751,66777,66808,66833,66886,68742,68796,68839,68907,70699,72551
chip15,19001,20000,5,1000,59571,64736,66971,6867,6899,6936,57961,59489,59571,61022,61113,61182,62616,62717,62775,62868,64736,64784,64818,64853,64888,64949,66838,66915,66971,68789,72438
chip15,19001,20000,6,1000,61050,64631,66781,6827,6850,6878,57997,60962,61050,61122,62555,62600,62651,62693,62784,64594,64631,64663,64690,64723,64755,64811,66657,66717,66781,66930,70602
chip15,20001,21000,0,1000,63326,65153,67093,6794,6845,6883,61620,63303,63326,63341,63361,63399,65088,65107,65123,65140,65153,65170,65188,65229,65315,66972,67007,67041,67093,67169,70856
chip15,20001,21000,1,1000,63687,65680,69515,6831,6881,6929,59056,61945,63687,63728,63750,63769,63785,63827,65607,65646,65680,65706,65729,65764,67368,67624,67674,67768,69515,69690,74812
chip15,20001,21000,2,1000,61982,63918,65962,6808,6853,6890,59076,60548,61982,62015,62038,62065,62120,63852,63886,63903,63918,63934,63953,63979,64010,64098,65873,65920,65962,66048,69933
chip15,20001,21000,3,1000,62495,64634,66841,6820,6876,6918,59344,60977,62495,62555,62600,64420,64530,64559,64585,64610,64634,64661,64693,64762,66621,66663,66717,66759,66841,68728,70618
chip15,20001,21000,4,1000,64488,68574,72321,6880,6928,6977,60853,64386,64488,66258,66470,66526,66565,66627,68481,68534,68574,68605,68649,70399,70468,70512,70563,72223,72321,73940,79644
chip15,20001,21000,5,1000,61062,66614,68787,6866,6913,6954,57876,60960,61062,62559,62631,64532,64592,64622,64673,64745,66614,66654,66685,66712,66765,66917,68664,68719,68787,70590,75526
chip15,20001,21000,6,1000,62433,64554,68424,6814,6863,6908,57908,60942,62433,62493,62547,64390,64466,64492,64511,64534,64554,64579,64622,66478,66526,66563,66596,66641,68424,68602,72226
chip15,21001,22000,0,1000,63273,65084,67015,6786,6815,6864,63205,63253,63273,63299,64994,65019,65035,65047,65059,65069,65084,65107,65137,65193,66871,66908,66936,66966,67015,68723,70695
chip15,21001,22000,1,1000,63635,65574,67622,6842,6888,6943,60410,61934,63635,63683,63711,63730,63761,63812,65500,65539,65574,65610,65645,65685,65724,65813,67487,67548,67622,69401,71413
chip15,21001,22000,2,1000,61981,63890,65885,6802,6839,6884,59058,61896,61981,62019,62063,63733,63804,63826,63846,63869,63890,63913,63933,63960,63994,65716,65803,65844,65885,65947,69795
chip15,21001,22000,3,1000,62465,64574,68592,6823,6862,6913,59364,62403,62465,64347,64392,64420,64441,64458,64484,64515,64574,66439,66496,66522,66548,66575,66631,68491,68592,68678,72211
chip15,21001,22000,4,1000,64323,66490,70404,6883,6925,6970,60776,64252,64323,64373,64422,66308,66366,66405,66432,66461,66490,66555,68381,68421,68458,68484,68516,70266,70404,72139,76788
chip15,21001,22000,5,1000,59430,62537,66618,6856,6893,6940,57877,59373,59430,60881,60912,60940,60973,61018,62474,62508,62537,62567,62600,64453,64549,64578,64619,64655,66618,66681,70568
chip15,21001,22000,6,1000,62406,64486,68398,6814,6852,6901,59332,60893,62406,62461,62513,64303,64362,64386,64421,64457,64486,64522,64647,66378,66423,66453,66493,66571,68398,68482,72114
chip15,22001,23000,0,1000,63230,65028,66979,6811,6844,6880,61601,63211,63230,63260,64908,64937,64957,64974,64992,65011,65028,65050,65091,66716,66760,66798,66855,66892,66979,68642,70587
chip15,22001,23000,1,1000,63573,65489,67559,6865,6904,6951,60424,63546,63573,63593,63609,63630,63668,65432,65462,65477,65489,65505,65525,65553,65636,67413,67446,67483,67559,69358,74660
chip15,22001,23000,2,1000,61925,63803,65773,6823,6858,6896,59046,60500,61925,61949,61974,62007,63684,63740,63761,63782,63803,63822,63844,63862,63884,63921,65679,65733,65773,65827,69508
chip15,22001,23000,3,1000,64278,66374,70284,6821,6862,6908,59298,64235,64278,64310,64341,66215,66258,66289,66321,66348,66374,66415,68246,68302,68346,68381,68436,68527,70284,70389,78145
chip15,22001,23000,4,1000,64251,66336,70245,6891,6928,6972,59238,64215,64251,64277,64300,64353,66240,66268,66289,66311,66336,66361,66392,68242,68298,68332,68366,68418,70245,70338,73856
chip15,22001,23000,5,1000,60806,62520,66530,6849,6888,6939,57863,59337,60806,60851,60895,60972,62389,62432,62464,62496,62520,64356,64431,64463,64488,64515,64547,64616,66530,66596,72144
chip15,22001,23000,6,1000,64327,68216,71934,6826,6865,6906,60794,64225,64327,66130,66178,66241,66302,66362,68077,68160,68216,68270,68350,69999,70094,70135,70207,71842,71934,73530,76702
chip15,23001,24000,0,1000,63182,64953,66874,6813,6850,6892,61575,63152,63182,63203,64800,64840,64867,64889,64910,64932,64953,64974,65017,66618,66670,66724,66771,66804,66874,68536,70490
chip15,23001,24000,1,1000,63501,65393,67384,6880,6924,6975,60357,61857,63501,63522,63540,63554,63573,63603,65293,65367,65393,65409,65427,65451,65484,65527,67284,67339,67384,67539,71180
chip15,23001,24000,2,1000,63593,65535,67551,6833,6866,6901,60392,61903,63593,63624,63649,63675,63702,63727,63758,65482,65535,65560,65599,65622,65652,65684,65726,67504,67551,67634,71372
chip15,23001,24000,3,1000,64151,66234,70116,6827,6872,6915,60683,64116,64151,64176,64222,66128,66153,66174,66195,66216,66234,66257,66306,68186,68217,68242,68271,68308,70116,70220,73738
chip15,23001,24000,4,1000,64156,66235,70092,6895,6937,6983,60750,64109,64156,64206,66047,66102,66133,66154,66183,66204,66235,66298,68109,68153,68186,68219,68253,68294,70092,70184,75222
chip15,23001,24000,5,1000,60737,62391,64478,6870,6913,6958,57806,59299,60737,60773,60810,60838,60872,62293,62336,62368,62391,62421,62441,62503,64315,64373,64411,64436,64478,66432,70296
chip15,23001,24000,6,1000,66118,70017,75039,6837,6874,6917,62278,66039,66118,67888,68000,68089,68145,69792,69873,69941,70017,70069,71666,71734,71807,71891,73427,73508,75039,75178,80780
chip15,24001,25000,0,1000,64748,66569,68534,6828,6859,6894,61524,64727,64748,64762,64782,64805,64839,64882,66506,66538,66569,66600,66631,66658,66680,66714,68282,68457,68534,68594,71974
chip15,24001,25000,1,1000,63450,67087,69215,6884,6936,6984,61704,63411,63450,65128,65211,65234,65262,65291,65340,67025,67087,67130,67160,67199,67262,68954,69012,69062,69215,70905,75994
chip15,24001,25000,2,1000,63508,65444,67444,6842,6872,6909,60336,63432,63508,63539,63569,63602,63627,63666,65365,65411,65444,65466,65496,65522,65569,67264,67363,67405,67444,69244,72904
chip15,24001,25000,3,1000,64062,66133,68248,6844,6884,6931,60639,64026,64062,64093,64129,65977,66040,66065,66088,66110,66133,66153,66189,68011,68102,68133,68166,68196,68248,70105,73586
chip15,24001,25000,4,1000,64056,66184,70033,6895,6938,6983,60593,64000,64056,64129,65957,65995,66020,66049,66070,66104,66184,67972,68016,68044,68072,68110,69809,69976,70033,71701,73602
chip15,24001,25000,5,1000,60687,62305,64346,6879,6918,6960,57786,59253,60687,60717,60743,60768,60852,62237,62263,62285,62305,62330,62356,62403,64177,64232,64272,64302,64346,66246,68286
chip15,24001,25000,6,1000,65917,69785,73384,6856,6891,6929,62087,64124,65917,65957,67799,67866,67893,67924,67967,69743,69785,69812,69835,69877,71589,71631,71673,71769,73384,74985,78068
chip15,25001,26000,0,1000,64702,66540,68469,6836,6869,6904,63002,64676,64702,64724,64768,66358,66433,66456,66479,66506,66540,66567,66594,66622,68213,68312,68366,68407,68469,70155,73572
chip15,25001,26000,1,1000,65074,67004,69022,6909,6956,7002,60324,63373,65074,65127,65148,65162,65183,65209,65310,66978,67004,67029,67048,67080,67129,68854,68903,68951,69022,70773,72633
chip15,25001,26000,2,1000,63504,65430,69149,6854,6891,6927,60340,63443,63504,63648,65237,65295,65326,65348,65370,65392,65430,67158,67206,67233,67261,67284,67314,69010,69149,69216,74540
chip15,25001,26000,3,1000,63978,66071,69888,6868,6912,6960,60594,63946,63978,64019,65825,65897,65930,65961,65991,66024,66071,67848,67891,67922,67972,68026,68103,69838,69888,70002,75079
chip15,25001,26000,4,1000,63940,65980,69852,6897,6943,6988,60533,63846,63940,63981,64029,65827,65871,65895,65924,65947,65980,66029,67831,67877,67909,67941,67991,69785,69852,69939,75014
chip15,25001,26000,5,1000,60638,62234,64299,6879,6926,6972,59125,59236,60638,60664,60691,60723,60806,62157,62188,62212,62234,62262,62311,64094,64132,64155,64181,64219,64299,66188,70039
chip15,25001,26000,6,1000,63998,67818,69989,6862,6897,6938,62088,63933,63998,65806,65849,65884,65916,65963,67703,67777,67818,67841,67873,67916,68034,69717,69759,69793,69989,71605,76495
chip15,26001,27000,0,1000,64657,66545,69935,6842,6871,6907,62966,64623,64657,64775,66295,66333,66363,66393,66419,66468,66545,68059,68119,68163,68194,68228,68288,68421,69935,70037,73383
chip15,26001,27000,1,1000,64985,66914,70533,6935,6984,7028,61636,63319,64985,65047,65071,65090,65109,65139,66815,66886,66914,66935,66960,66987,67052,68753,68818,68869,70533,70686,74156
chip15,26001,27000,2,1000,65098,67054,69107,6856,6891,6930,61678,63402,65098,65160,65191,65219,65248,65281,65317,66967,67054,67088,67122,67161,67215,67300,68958,69005,69107,70865,74303
chip15,26001,27000,3,1000,63873,65899,67991,6870,6918,6965,59134,62105,63873,63904,63925,63955,63997,65786,65843,65873,65899,65920,65953,65977,66024,67822,67886,67932,67991,69814,73302
chip15,26001,27000,4,1000,65667,67776,71528,6914,6959,7006,62011,63845,65667,65746,65785,65823,65856,67669,67716,67745,67776,67813,69542,69640,69680,69708,69755,71427,71528,71610,76465
chip15,26001,27000,5,1000,60592,63898,65973,6887,6935,6980,59115,60562,60592,60629,60715,62059,62085,62117,62152,62186,63898,63936,63968,64003,64036,64076,64116,64170,65973,66100,69993
chip15,26001,27000,6,1000,63899,67697,71433,6866,6903,6945,60561,63850,63899,65686,65731,65775,65806,65874,67588,67663,67697,67734,67776,67932,69578,69619,69661,69801,71433,71583,76404
chip15,27001,28000,0,1000,66336,69840,73358,6852,6885,6921,64486,66227,66336,67937,67983,68059,68110,69678,69734,69772,69840,69886,69953,71464,71531,71618,71721,73239,73358,74954,79724
chip15,27001,28000,1,1000,64978,68511,72187,6932,6978,7025,63162,64892,64978,65041,66604,66703,66741,66802,66849,66914,68511,68566,68608,68669,68757,70381,70436,70496,72187,72319,75730
chip15,27001,28000,2,1000,65081,68713,70775,6862,6893,6928,63204,65014,65081,65137,66845,66892,66923,66954,66974,67014,68713,68778,68819,68851,68878,68940,70645,70705,70775,72472,75818
chip15,27001,28000,3,1000,63794,65794,67944,6883,6923,6971,60530,63757,63794,63819,63852,65629,65701,65732,65752,65772,65794,65821,65851,67563,67683,67726,67767,67812,67944,69699,74855
chip15,27001,28000,4,1000,63751,65772,69623,6922,6964,7015,61891,63712,63751,63794,63875,65612,65657,65680,65707,65736,65772,67518,67598,67635,67676,67734,69483,69550,69623,71414,74850
chip15,27001,28000,5,1000,60556,63852,65887,6895,6936,6980,59047,60512,60556,61966,62004,62025,62053,62082,62118,63814,63852,63879,63899,63918,63947,63982,64033,65785,65887,65967,67989
chip15,27001,28000,6,1000,65552,67626,72941,6874,6910,6952,61919,63779,65552,65627,65658,65690,67364,67503,67565,67593,67626,67747,69373,69450,69497,69620,71244,71323,72941,73098,79181
chip15,28001,29000,0,1000,66185,69586,73017,6856,6890,6930,64407,66122,66185,66276,66342,67856,67942,68016,68056,68119,69586,69682,69744,69793,69852,71360,71439,71489,73017,73223,78065
chip15,28001,29000,1,1000,64884,68481,72095,6937,6983,7032,63114,64846,64884,66595,66627,66658,66685,66714,68385,68452,68481,68508,68543,68621,70243,70308,70363,70435,72095,73741,78675
chip15,28001,29000,2,1000,64973,66956,70563,6860,6891,6928,63162,64902,64973,66643,66705,66740,66775,66814,66849,66879,66956,68592,68645,68678,68707,68741,70401,70519,70563,70619,74090
chip15,28001,29000,3,1000,63825,67543,71284,6909,6951,6997,61883,63718,63825,65545,65590,65615,65643,65673,65734,67488,67543,67570,67591,67628,67684,69449,69496,69548,71284,71370,77839
chip15,28001,29000,4,1000,63675,67376,69466,6924,6968,7018,63550,63629,63675,65417,65480,65520,65553,65581,65610,65636,67376,67449,67486,67512,67553,67596,69337,69409,69466,71237,76189
chip15,28001,29000,5,1000,60540,63788,65835,6902,6947,6992,59044,60492,60540,61922,61953,61979,62012,62053,63721,63761,63788,63809,63838,63862,63888,63930,65647,65766,65835,65906,69724
chip15,28001,29000,6,1000,65566,69341,74569,6889,6931,6973,61880,65475,65566,67340,67380,67411,67482,69222,69269,69301,69341,70995,71104,71161,71229,72857,72918,72995,74569,76148,80553
chip15,29001,30000,0,1000,67773,71299,74784,6851,6885,6926,64360,67674,67773,67844,67901,69522,69574,69599,69632,69671,71299,71336,71364,71396,72946,73076,73110,73164,74784,74893,79599
chip15,29001,30000,1,1000,66505,70108,73786,6966,7016,7070,63087,64883,66505,66565,66628,68265,68312,68356,68421,68521,70108,70168,70214,70288,71886,71972,72052,73668,73786,75417,81483
chip15,29001,30000,2,1000,64886,66771,70169,6865,6896,6936,63060,64847,64886,64923,64950,65005,66628,66679,66716,66740,66771,66815,66848,66905,68507,68556,68608,68670,70169,70418,73913
chip15,29001,30000,3,1000,65474,67617,72928,6902,6948,7004,60490,63690,65474,65524,65585,65638,67361,67441,67495,67558,67617,69282,69357,69423,69514,71109,71192,71302,72928,73061,77750
chip15,29001,30000,4,1000,65350,67397,71114,6949,6992,7042,61810,63581,65350,65408,65445,65467,65509,65613,67313,67369,67397,67430,67461,69177,69274,69309,69337,69386,71114,71197,74655
chip15,29001,30000,5,1000,60526,63771,65785,6910,6955,7003,59041,60466,60526,61909,61944,61972,62014,63696,63730,63749,63771,63795,63821,63850,63875,65624,65690,65727,65785,67605,69530
chip15,29001,30000,6,1000,67251,71086,76125,6885,6925,6972,63543,67174,67251,69042,69088,69141,70865,70921,70962,70997,71086,72705,72749,72793,72864,74432,74490,76032,76125,77659,81960
chip15,30001,31000,0,1000,65972,67808,71180,6853,6900,6945,64303,65942,65972,66053,67602,67633,67658,67688,67719,67761,67808,69246,69357,69399,69455,69523,69565,71063,71180,71319,74665
chip15,30001,31000,1,1000,64716,66567,70151,6935,6995,7051,63011,64683,64716,64745,64792,66406,66441,66471,66501,66534,66567,68144,68217,68258,68300,68363,69996,70073,70151,71851,75387
chip15,30001,31000,2,1000,64802,66703,70336,6863,6906,6953,61488,64758,64802,64845,66455,66542,66586,66616,66643,66668,66703,68330,68412,68460,68495,68529,68625,70266,70336,72056,75469
chip15,30001,31000,3,1000,65348,67442,72759,6892,6942,6998,63440,65304,65348,65400,67087,67222,67262,67289,67322,67362,67442,69142,69190,69227,69275,70902,71017,71099,72759,72927,79130
chip15,30001,31000,4,1000,65319,67357,71044,6943,6996,7046,63394,65272,65319,65359,65432,67174,67209,67234,67258,67284,67357,69074,69112,69138,69172,69224,70912,70984,71044,72727,76028
chip15,30001,31000,5,1000,61862,63699,67440,6924,6971,7021,60350,61819,61862,61935,63560,63586,63606,63623,63640,63666,63699,63751,65449,65489,65530,65569,65612,65683,67440,67531,69482
chip15,30001,31000,6,1000,65305,69002,72743,6903,6950,6999,63441,65266,65305,65355,67071,67126,67172,67218,67320,68941,69002,69048,69097,70733,70834,70899,71093,72628,72743,75810,81777
chip15,31001,32000,0,1000,65928,67685,71111,6846,6884,6930,64266,65895,65928,65949,65974,67523,67573,67596,67623,67650,67685,67748,69252,69303,69340,69422,69494,71011,71111,71275,74684
chip15,31001,32000,1,1000,64662,66495,70025,6915,6967,7025,62976,64633,64662,64690,64719,66366,66390,66413,66431,66458,66495,66588,68162,68200,68224,68254,68308,69953,70025,70214,76827
chip15,31001,32000,2,1000,66430,68372,71969,6874,6916,6964,63053,64749,66430,66487,66531,66579,68200,68275,68314,68348,68372,68398,68441,70105,70157,70197,70239,71887,71969,72028,76919
chip15,31001,32000,3,1000,65328,69072,72746,6902,6958,7011,63418,65246,65328,67088,67115,67148,67187,68935,69008,69043,69072,69108,69153,70843,70912,70951,70996,72655,72746,72826,76138
chip15,31001,32000,4,1000,66991,69044,72669,6944,6996,7048,63395,65221,66991,67070,67117,67192,67332,68932,68966,69003,69044,69111,70763,70808,70850,70881,70940,72582,72669,74270,77598
chip15,31001,32000,5,1000,61844,63657,67351,6928,6975,7026,59022,61786,61844,63412,63504,63532,63559,63580,63600,63626,63657,65343,65417,65450,65476,65505,65536,65601,67351,67443,71090
chip15,31001,32000,6,1000,65221,67203,70854,6882,6926,6976,63390,65175,65221,65252,65292,67003,67052,67082,67112,67143,67203,67293,68928,68962,68995,69041,69153,70797,70854,71068,77495
chip15,32001,33000,0,1000,65899,67670,70986,6845,6886,6928,64240,65867,65899,65958,67501,67525,67548,67565,67583,67608,67670,69191,69240,69260,69285,69313,69378,69540,70986,71054,72890
chip15,32001,33000,1,1000,64666,68097,71577,6927,6984,7040,62964,64610,64666,66260,66312,66348,66382,66431,67973,68038,68097,68142,68183,68242,69791,69856,69934,69992,71577,71761,76754
chip15,32001,33000,2,1000,66328,68283,71842,6888,6929,6971,62970,64699,66328,66414,66460,66495,66528,66566,68181,68249,68283,68303,68328,68365,69925,70067,70113,70162,71842,71915,75294
chip15,32001,33000,3,1000,67026,69050,72699,6916,6970,7022,63394,66944,67026,67074,67150,68844,68889,68926,68960,69009,69050,70680,70757,70807,70848,70885,72528,72628,72699,74330,78974
chip15,32001,33000,4,1000,66929,70601,74148,6951,6999,7055,63339,66789,66929,67001,67064,68742,68827,68884,68933,68986,70601,70686,70731,70776,70825,72401,72500,72585,74148,74273,80357
chip15,32001,33000,5,1000,63423,65363,69102,6930,6985,7042,60338,61789,63423,63467,63495,63519,63553,63630,65312,65339,65363,65391,65419,65471,67214,67259,67292,67338,69102,69195,72757
chip15,32001,33000,6,1000,65146,67182,70790,6889,6939,6987,63331,65089,65146,65189,65271,66952,66984,67014,67048,67081,67182,68822,68865,68899,68936,69000,70666,70727,70790,72517,75898
chip15,33001,34000,0,1000,67509,70860,74216,6850,6892,6943,65731,67429,67509,69062,69129,69185,69321,70724,70771,70809,70860,70933,72390,72457,72509,72564,72679,74150,74216,75808,80486
chip15,33001,34000,1,1000,64548,66316,69860,6940,6999,7057,62901,64521,64548,64571,64612,66213,66243,66260,66279,66296,66316,66345,66392,68008,68051,68089,68127,68175,69860,69934,73437
chip15,33001,34000,2,1000,66317,68180,71660,6900,6939,6981,62944,64645,66317,66369,66400,66420,66448,66488,68110,68152,68180,68204,68230,68262,68308,69952,69996,70038,71660,71812,76800
chip15,33001,34000,3,1000,66974,70619,74173,6935,6986,7042,63315,66894,66974,68679,68743,68777,68818,68873,70507,70578,70619,70659,70710,70770,72390,72458,72512,72583,74173,74308,78907
chip15,33001,34000,4,1000,66799,68828,72488,6951,7001,7052,63239,65070,66799,66844,66915,68554,68657,68692,68734,68787,68828,68883,70541,70599,70645,70702,72318,72413,72488,74144,77424
chip15,33001,34000,5,1000,63381,65256,67307,6940,6991,7043,58957,61751,63381,63425,63451,63477,63503,63524,65153,65224,65256,65283,65319,65346,65374,67067,67123,67176,67307,69019,74269
chip15,33001,34000,6,1000,65075,67072,70774,6887,6933,6977,63259,65030,65075,65107,65220,66864,66899,66927,66954,66985,67072,68715,68773,68804,68840,68944,70580,70648,70774,72449,75808
chip15,34001,35000,0,1000,68901,72286,77274,6861,6903,6950,65647,67334,68901,68970,69016,69067,70623,70665,70705,70770,72286,72350,72397,72464,73981,74037,74098,75664,77274,77418,83405
chip15,34001,35000,1,1000,66164,69527,73080,6944,6996,7046,62902,64611,66164,66207,66255,67693,67882,67959,68000,68059,69527,69621,69711,69779,69873,71325,71439,71533,73080,73398,79539
chip15,34001,35000,2,1000,66243,68120,71629,6907,6949,6994,62916,64655,66243,66286,66327,66367,66450,68001,68048,68081,68120,68145,68171,69749,69830,69885,69939,69988,71629,71732,76633
chip15,34001,35000,3,1000,66985,70710,75691,6948,7002,7056,64927,66812,66985,68643,68696,68775,70371,70468,70535,70585,70710,72235,72308,72355,72441,73944,74050,74144,75691,77235,83053
chip15,34001,35000,4,1000,66813,70408,74004,6955,7005,7061,63233,66683,66813,66878,68519,68633,68673,68708,68759,68887,70408,70509,70578,70651,72191,72273,72331,73879,74004,75522,78783
chip15,34001,35000,5,1000,63333,65200,68895,6947,6999,7050,60266,63282,63333,63362,63394,63434,65056,65103,65145,65175,65200,65237,65278,66929,67002,67048,67092,67191,68895,68980,75744
chip15,34001,35000,6,1000,65051,68676,72393,6898,6943,6990,63226,64987,65051,66694,66794,66841,66873,66965,68555,68627,68676,68730,70297,70433,70494,70557,72111,72265,72393,74033,80096
chip15,35001,36000,0,1000,67314,70623,74050,6873,6916,6962,64127,67279,67314,68837,68913,68946,68976,69024,70506,70580,70623,70658,70740,72201,72274,72328,72504,73936,74050,75618,81859
chip15,35001,36000,1,1000,66069,69518,73052,6939,6997,7056,64333,66037,66069,66099,67740,67771,67793,67816,67844,67911,69518,69554,69596,69634,71203,71306,71354,71438,73052,74668,79505
chip15,35001,36000,2,1000,67839,69761,73313,6926,6972,7022,62886,66204,67839,67912,67954,67994,69630,69684,69706,69730,69761,69801,71436,71485,71519,71550,73183,73242,73313,74951,78126
chip15,35001,36000,3,1000,68479,72153,77186,6954,7005,7060,63146,66732,68479,68529,70252,70297,70344,70394,70462,72101,72153,72197,72249,73868,73924,73976,75558,75622,77186,77309,83086
chip15,35001,36000,4,1000,66708,70369,73956,6976,7029,7084,64793,66582,66708,66778,68408,68497,68558,68612,70247,70329,70369,70410,70445,72010,72159,72206,72296,73893,73956,75573,78744
chip15,35001,36000,5,1000,63310,66908,70609,6972,7024,7077,61579,63269,63310,64932,65019,65062,65098,65129,66789,66873,66908,66938,66980,67123,68743,68773,68818,68883,70609,72319,77294
chip15,35001,36000,6,1000,66767,72076,77103,6901,6948,7002,63156,66610,66767,68446,68553,70213,70278,70322,71967,72041,72076,72131,73746,73809,73865,75429,75509,77000,77103,78617,83050
chip15,36001,37000,0,1000,68800,72071,75500,6906,6950,7001,65596,67247,68800,68840,68873,70414,70469,70497,70522,70580,72071,72148,72181,72220,72282,73814,73864,73926,75500,75609,80273
chip15,36001,37000,1,1000,66022,69418,71373,6945,7000,7054,64332,65992,66022,66057,66184,67716,67739,67765,67799,67859,69418,69476,69512,69545,69581,69715,71226,71289,71373,73023,76411
chip15,36001,37000,2,1000,67798,69687,73187,6927,6968,7019,64371,66141,67798,67845,67888,67935,69512,69587,69623,69658,69687,69735,71314,71374,71410,71448,71515,73128,73187,74830,81034
chip15,36001,37000,3,1000,68424,72140,77120,6971,7023,7081,63151,66739,68424,68644,70178,70260,70349,71931,72035,72094,72140,73674,73801,73860,73897,75443,75537,75628,77120,78662,84372
chip15,36001,37000,4,1000,68319,72053,77030,6978,7030,7088,64773,68220,68319,68480,70120,70197,70291,71901,71958,72009,72053,72205,73714,73757,73797,73853,75413,75483,77030,78567,83013
chip15,36001,37000,5,1000,63273,66824,70360,6959,7010,7065,61565,63222,63273,64919,64954,64992,65020,65051,66658,66773,66824,66849,66873,66903,66967,68654,68701,68740,70360,70551,77059
chip15,36001,37000,6,1000,68292,71967,76939,6910,6952,7008,64733,66572,68292,68363,68435,70108,70163,70209,70273,71896,71967,72021,72091,73661,73723,73785,75336,75422,76939,77066,85577
chip15,37001,38000,0,1000,68712,70461,73896,6908,6956,7008,65547,67147,68712,68750,68775,68802,68835,70353,70408,70439,70461,70500,70615,72074,72110,72146,72267,73767,73896,75427,78695
chip15,37001,38000,1,1000,67581,69415,72894,6966,7018,7074,64311,65977,67581,67627,67658,67704,69247,69322,69363,69384,69415,69453,69556,71077,71123,71167,71228,72778,72894,73099,79362
chip15,37001,38000,2,1000,67757,71226,74721,6936,6983,7033,64300,67642,67757,67821,69390,69472,69512,69548,69604,71180,71226,71258,71295,71368,72928,72983,73046,74636,74721,76342,79554
chip15,37001,38000,3,1000,66642,70220,73852,6976,7029,7086,64749,66536,66642,68300,68332,68373,68427,70085,70133,70168,70220,70271,71905,71961,72009,72072,73680,73744,73852,75482,82909
chip15,37001,38000,4,1000,68216,71903,76953,6974,7027,7088,64642,66509,68216,68287,68396,70041,70093,70139,71764,71856,71903,71953,73583,73631,73689,75277,75338,75402,76953,78495,84166
chip15,37001,38000,5,1000,64844,66736,70382,6966,7024,7078,63078,63168,64844,64868,64890,64927,65036,66668,66697,66720,66736,66768,66814,68507,68553,68584,68624,68698,70382,70465,75597
chip15,37001,38000,6,1000,68229,73496,76934,6930,6978,7032,64708,68164,68229,69942,70003,70053,71705,71793,71826,71873,73496,73555,73595,73656,75230,75273,75327,76863,76934,78460,84207
chip15,38001,39000,0,1000,67167,70321,72135,6932,6980,7032,67002,67092,67167,68668,68690,68710,68728,68748,68786,68875,70321,70355,70380,70404,70454,70521,71980,72046,72135,73707,77038
chip15,38001,39000,1,1000,67526,70993,74573,6942,6996,7057,65808,67478,67526,67663,69205,69240,69278,69333,70910,70957,70993,71034,71093,72639,72714,72781,74370,74440,74573,76151,82250
chip15,38001,39000,2,1000,67731,71164,74623,6954,7004,7054,65841,67640,67731,69334,69391,69418,69456,71042,71112,71139,71164,71191,71235,72828,72872,72910,72952,74532,74623,76221,80884
chip15,38001,39000,3,1000,66504,70193,75374,6992,7041,7097,64653,66436,66504,68200,68265,68312,68379,70016,70096,70149,70193,71842,71907,71944,73535,73630,73693,75272,75374,76955,81462
chip15,38001,39000,4,1000,68170,73446,76936,6991,7043,7100,64579,68073,68170,69848,69936,70027,71641,71730,71789,71865,73446,73502,73558,75090,75181,75232,75348,76834,76936,78437,84162
chip15,38001,39000,5,1000,64784,66712,70367,6994,7048,7104,63035,64733,64784,64826,64892,66515,66542,66581,66615,66649,66712,68322,68394,68442,68477,68513,70189,70291,70367,72077,77036
chip15,38001,39000,6,1000,68152,71850,76859,6946,6992,7046,64621,66482,68152,69826,69900,69965,70026,71650,71724,71786,71850,73407,73482,73540,75074,75157,75234,76758,76859,78369,84221
chip15,39001,40000,0,1000,67065,68740,72000,6948,6994,7043,65463,67038,67065,67089,67136,68636,68657,68675,68690,68711,68740,68805,70287,70315,70339,70368,70404,70480,72000,72085,75299
chip15,39001,40000,1,1000,69115,72480,75984,6956,7014,7073,65747,67625,69115,69161,69235,70795,70846,70880,70919,70988,72480,72552,72618,72676,72818,74236,74321,74430,75984,77545,83552
chip15,39001,40000,2,1000,67585,71034,74515,6938,6984,7036,65805,67519,67585,67644,69242,69289,69325,69368,69419,70984,71034,71074,71118,71180,72748,72792,72828,72914,74515,76107,83778
chip15,39001,40000,3,1000,68093,71676,75329,6983,7040,7100,64609,66404,68093,68167,68224,68301,69925,69973,70023,70080,71676,71756,71821,71905,73495,73562,75119,75212,75329,76879,81440
chip15,39001,40000,4,1000,71531,75085,79803,7024,7078,7134,66240,69828,71531,71648,71736,73289,73373,73453,74966,75038,75085,75166,76628,76703,76752,76887,78277,78331,79803,79948,85502
chip15,39001,40000,5,1000,64695,66556,70237,7007,7064,7121,63008,63081,64695,64722,64745,64768,64802,66414,66494,66522,66556,66582,66640,68315,68372,68410,70095,70179,70237,71960,75370
chip15,39001,40000,6,1000,71539,75144,81228,6948,7003,7055,66262,69775,71539,71592,73216,73315,73364,73602,75006,75052,75144,76640,76686,76758,78211,78270,79675,79773,81228,82674,90940
chip15,40001,41000,0,1000,66997,68689,71918,6951,7004,7062,65419,66974,66997,67026,67115,68544,68582,68604,68620,68650,68689,68775,70177,70227,70270,70308,70362,71832,71918,72056,76711
chip15,40001,41000,1,1000,70626,74164,80564,6967,7028,7095,65713,69030,70626,70733,70823,72310,72411,72508,73994,74067,74164,75665,75743,75826,77316,77405,78897,79074,80564,83394,89325
chip15,40001,41000,2,1000,69142,71011,75909,6939,6990,7039,65792,67510,69142,69179,69220,70774,70856,70888,70922,70950,71011,72559,72610,72647,72678,72724,74274,74356,75909,76057,80788
chip15,40001,41000,3,1000,66455,69994,75095,6973,7032,7094,64569,66345,66455,68049,68117,68176,68266,69813,69881,69939,69994,71526,71672,71725,71796,73368,73454,73554,75095,76740,81394
chip15,40001,41000,4,1000,69764,74953,79758,6988,7050,7116,66186,69601,69764,71421,71518,71599,73201,73255,73309,73409,74953,74988,75037,76492,76631,76704,78216,78285,79758,81264,85507
chip15,40001,41000,5,1000,64666,68295,73509,7020,7076,7135,62957,64622,64666,66332,66377,66419,66470,68137,68197,68245,68295,69959,70028,70054,70108,71764,71818,71862,73509,73630,79900
chip15,40001,41000,6,1000,71391,76461,81127,6932,6984,7040,64547,69680,71391,71525,73111,73210,73360,74834,74890,74960,76461,76524,76585,78047,78106,78163,79605,79681,81127,82566,88151
chip15,41001,42000,0,1000,68463,70142,71991,6986,7039,7088,65402,66938,68463,68498,68517,68536,68557,68596,70033,70115,70142,70164,70187,70209,70252,70386,71801,71851,71991,73489,82829
chip15,41001,42000,1,1000,70608,74131,80370,6984,7040,7108,65666,70535,70608,72204,72274,72314,72394,73941,73990,74044,74131,75634,75688,75759,77257,77326,77399,78901,80370,81907,87829
chip15,41001,42000,2,1000,69170,72638,77498,6967,7019,7075,65693,69049,69170,70767,70823,70873,72391,72464,72519,72565,72638,74126,74188,74244,74328,75795,75883,76016,77498,79018,83501
chip15,41001,42000,3,1000,67933,69950,75044,7006,7061,7128,64519,66262,67933,67982,68036,68105,69722,69779,69824,69870,69950,71542,71602,71645,71706,73308,73367,73436,75044,76656,81272
chip15,41001,42000,4,1000,71390,74945,79708,7034,7101,7171,67739,69705,71390,72940,73094,73142,73215,74791,74842,74887,74945,76460,76522,76563,78034,78111,78183,79636,79708,81185,88126
chip15,41001,42000,5,1000,64610,66439,70067,7036,7092,7150,62937,64581,64610,64638,64680,66290,66319,66345,66368,66395,66439,68072,68133,68174,68212,68272,69940,69990,70067,71783,75205
chip15,41001,42000,6,1000,73048,78011,83877,6951,6999,7056,67806,72929,73048,74685,74746,74828,76359,76408,76476,77957,78011,78085,79522,79573,79645,81047,81117,82501,83877,84039,90869
chip15,42001,43000,0,1000,66926,70017,71800,6975,7030,7084,65350,66895,66926,68409,68444,68461,68482,68504,68528,68587,70017,70060,70095,70125,70160,70198,71614,71741,71800,71882,75136
chip15,42001,43000,1,1000,72132,75582,80439,7007,7067,7130,67169,70532,72132,72189,73733,73843,73894,73977,75487,75538,75582,75755,77165,77240,78695,78799,78882,80346,80439,81929,87742
chip15,42001,43000,2,1000,72356,77280,82017,6990,7040,7099,65703,70718,72356,72458,74010,74084,74176,75662,75752,75830,77280,77356,77444,78891,78963,79065,80478,80575,82017,83502,89240
chip15,42001,43000,3,1000,67874,69899,74948,7026,7090,7156,64527,66239,67874,67964,68022,68116,69661,69718,69771,69823,69899,71437,71508,71567,71629,73191,73275,73355,74948,75084,81229
chip15,42001,43000,4,1000,69634,74784,79671,7038,7105,7169,66158,69477,69634,71250,71343,72885,73022,73081,73211,74725,74784,74965,76383,76445,77895,78028,78091,79557,79671,81164,85425
chip15,42001,43000,5,1000,64575,66403,69969,7049,7106,7166,62914,64540,64575,64609,64653,66246,66283,66307,66337,66366,66403,66491,68054,68092,68128,68165,69771,69902,69969,71682,76752
chip15,42001,43000,6,1000,72924,77986,83915,6968,7023,7081,66091,71201,72924,74556,74653,74823,76269,76355,77840,77892,77986,79431,79484,80899,80980,81048,82452,82535,83915,85323,90857
chip15,43001,44000,0,1000,68387,70080,73305,6967,7024,7081,65370,68359,68387,68412,68446,69966,69995,70013,70032,70051,70080,70138,71610,71638,71659,71680,71718,73222,73305,73392,76677
chip15,43001,44000,1,1000,72110,75695,81668,7024,7083,7147,67203,70459,72110,72164,73761,73813,73886,75430,75474,75522,75695,77086,77130,77179,78676,78735,78805,80284,81668,83210,89177
chip15,43001,44000,2,1000,72336,78680,84740,7009,7062,7118,65636,70691,72336,73906,74017,75532,75661,75724,77245,77316,78680,78843,78916,80298,80452,81805,81944,83342,84740,86227,90662
chip15,43001,44000,3,1000,67893,71404,74928,7070,7128,7194,64494,67838,67893,67944,68073,69613,69671,69708,69754,71230,71404,71455,71502,71566,73098,73186,73258,74847,74928,76527,82573
chip15,43001,44000,4,1000,69526,74650,79497,7043,7105,7173,66019,69411,69526,71185,71276,71338,72937,72997,73045,73205,74650,74718,74778,76272,76362,76422,77890,78003,79497,81010,86574
chip15,43001,44000,5,1000,66170,68060,73268,7063,7125,7188,62932,64547,66170,66201,66237,66286,67859,67942,67982,68013,68060,69677,69757,69800,69842,71489,71556,71614,73268,74910,79671
chip15,43001,44000,6,1000,74497,79422,86517,6990,7049,7109,67688,72871,74497,74637,76166,76264,77754,77825,77948,79343,79422,80827,80881,82198,82367,83704,83809,85193,86517,88051,92246
chip15,44001,45000,0,1000,68356,71528,74796,6963,7011,7067,66738,68318,68356,68389,69888,69926,69953,69978,70031,71477,71528,71562,71607,71688,73132,73171,73234,73401,74796,76373,81047
chip15,44001,45000,1,1000,72114,77058,83166,7033,7096,7162,67073,71967,72114,73653,73755,75263,75345,75463,76934,76986,77058,78517,78587,78653,80003,80172,80291,81727,83166,84630,89131
chip15,44001,45000,2,1000,73705,78688,84759,7011,7068,7129,67121,72070,73705,73844,75399,75496,77009,77082,77127,78611,78688,78740,80194,80276,80399,81803,81880,83305,84759,86183,89237
chip15,44001,45000,3,1000,69454,73057,78045,7058,7123,7195,64437,67797,69454,69521,71151,71246,71299,71368,72969,73022,73057,73156,74711,74753,74864,76377,76444,77974,78045,79641,85312
chip15,44001,45000,4,1000,72737,76194,79480,7064,7122,7189,69266,71112,72737,72829,74366,74485,74527,74584,74645,76137,76194,76231,76277,77712,77821,77875,77930,79397,79480,80973,86634
chip15,44001,45000,5,1000,66115,68006,71578,7052,7111,7171,62876,64508,66115,66145,66184,66224,67785,67871,67916,67952,68006,69613,69661,69699,69740,69832,71430,71482,71578,73242,79618
chip15,44001,45000,6,1000,76014,82287,89421,7008,7070,7132,69278,74335,76014,76222,77689,79174,79299,80716,80816,82173,82287,83620,83720,85062,85162,86490,87942,88038,89421,90762,94773
chip15,45001,46000,0,1000,69837,71528,74768,6979,7033,7091,66752,68317,69837,69866,69888,69915,69996,71455,71480,71502,71528,71559,71640,73080,73120,73146,73192,74691,74768,76249,81001
chip15,45001,46000,1,1000,71892,75342,80203,7035,7097,7159,68570,70305,71892,71969,73530,73606,73643,73735,75233,75274,75342,76837,76907,76973,77146,78518,78581,80080,80203,83059,89070
chip15,45001,46000,2,1000,75369,80175,86008,7014,7067,7125,70362,73751,75369,75481,76989,77038,78560,78615,78667,80041,80175,80241,81627,81711,81773,83167,83260,84657,86008,87643,95828
chip15,45001,46000,3,1000,67829,71198,73139,7096,7163,7231,65980,67718,67829,69399,69444,69481,69526,69579,69625,71155,71198,71241,71297,71349,71404,72907,72980,73059,73139,74736,78056
chip15,45001,46000,4,1000,71140,76142,79507,7078,7141,7201,67480,70974,71140,72742,72806,72892,74450,74497,74548,76078,76142,76181,76238,77731,77788,77828,79304,79371,79507,80907,87991
chip15,45001,46000,5,1000,66063,67895,71426,7066,7130,7194,62837,64460,66063,66102,66131,66163,66214,67782,67823,67861,67895,67935,67979,69555,69621,69658,69710,71323,71426,73111,76444
chip15,45001,46000,6,1000,77503,83523,89376,7005,7067,7133,70861,75903,77503,77618,79124,80587,80654,80739,82146,82193,83523,83627,83683,85027,85097,86438,86538,87979,89376,90735,94773
chip15,46001,47000,0,1000,69820,73009,76242,7005,7062,7131,68169,69776,69820,71322,71367,71390,71414,71439,71485,72967,73009,73034,73057,73099,73260,74633,74666,74711,76242,76344,82518
chip15,46001,47000,1,1000,71902,76797,81569,7052,7112,7182,68525,71808,71902,73453,73534,73602,75127,75200,75240,75389,76797,76850,76904,78375,78453,78511,79995,80068,81569,83054,87580
chip15,46001,47000,2,1000,73692,80048,84694,7029,7086,7146,68712,72076,73692,75285,75375,76907,76975,78463,78527,78586,80048,80105,80171,81606,81663,83076,83161,84579,84694,86093,89223
chip15,46001,47000,3,1000,67671,69584,73114,7114,7184,7259,65902,67617,67671,67732,69330,69381,69405,69445,69480,69521,69584,71132,71190,71253,71297,71376,72915,73006,73114,74710,79441
chip15,46001,47000,4,1000,70990,76050,80850,7081,7149,7225,67424,70824,70990,72620,72695,72761,74330,74399,74458,75902,76050,76107,76222,77672,77742,79199,79282,80691,80850,82334,87981
chip15,46001,47000,5,1000,66070,69512,73060,7076,7142,7209,62849,65998,66070,67651,67700,67743,67798,67873,69398,69462,69512,69562,69713,71176,71245,71318,72860,72981,73060,74703,80966
chip15,46001,47000,6,1000,75874,82127,89319,7008,7066,7141,69177,74190,75874,77378,77608,79042,79220,80577,80709,82066,82127,83481,83576,83701,84996,85111,86454,87930,89319,89410,93424
chip15,47001,48000,0,1000,69886,72983,76220,7023,7083,7146,66665,69751,69886,71317,71354,71391,71456,72872,72925,72953,72983,73023,73153,74512,74565,74606,74720,76138,76220,77768,83909
chip15,47001,48000,1,1000,70187,73526,78381,7062,7123,7196,66954,68671,70187,70231,71772,71825,71860,71904,72021,73479,73526,73569,75050,75149,75190,75254,76784,76847,78381,78505,87571
chip15,47001,48000,2,1000,76719,81557,87582,7028,7086,7150,68516,73584,76719,76848,78369,78438,79904,79978,80117,81507,81557,82989,83050,84393,84501,84556,85944,86061,87582,89054,91906
chip15,47001,48000,3,1000,69284,72678,76131,7117,7191,7266,65951,67752,69284,69331,69427,70974,71026,71060,71104,71187,72678,72750,72801,72873,72967,74443,74504,74618,76131,76435,85120
chip15,47001,48000,4,1000,72532,76058,80776,7097,7170,7237,67424,70894,72532,72624,72744,74282,74336,74442,75942,75996,76058,77537,77607,77658,79119,79187,79231,80691,80776,82236,87992
chip15,47001,48000,5,1000,65978,67776,71272,7080,7143,7207,62810,64456,65978,66003,66027,66068,67643,67680,67712,67744,67776,67812,69361,69426,69475,69523,69578,71190,71272,72944,76268
chip15,47001,48000,6,1000,75825,82038,87904,7001,7069,7136,69083,75631,75825,77380,78894,78979,79081,80504,80559,81979,82038,82106,83479,83528,83637,84945,86298,86391,87904,89306,94639
chip15,48001,49000,0,1000,69713,71435,74616,7019,7080,7147,66674,69683,69713,69747,71241,71282,71306,71324,71342,71369,71435,72877,72918,72940,72967,73012,73115,74551,74616,76110,79500
chip15,48001,49000,1,1000,70119,73438,76806,7095,7160,7227,66932,68618,70119,70160,71697,71761,71802,71837,71899,73399,73438,73465,73503,73584,75082,75135,75184,76733,76806,78366,81595
chip15,48001,49000,2,1000,73462,79931,87521,7032,7092,7163,68496,71838,73462,73538,75118,75197,76740,76841,78368,79850,79931,81393,81511,82940,83064,84451,85849,85928,87521,89018,93201
chip15,48001,49000,3,1000,69184,72645,76112,7085,7152,7223,65804,67540,69184,69236,69282,69379,70923,70969,71022,71083,72645,72692,72725,72772,72834,74381,74452,74530,76112,76292,83767
chip15,48001,49000,4,1000,72381,75933,80702,7124,7191,7264,67383,70798,72381,72530,72653,74198,74244,74297,75784,75883,75933,75998,77504,77556,77620,79084,79150,80613,80702,82192,87933
chip15,48001,49000,5,1000,65934,67814,72859,7087,7151,7218,62793,64373,65934,65973,66014,67526,67622,67655,67687,67721,67814,69349,69397,69439,69482,71057,71153,71215,72859,72975,80833
chip15,48001,49000,6,1000,77220,82004,87893,7001,7059,7126,67438,75617,77220,77334,78852,78932,80399,80474,81860,81946,82004,83319,83436,83533,84887,86167,86305,87806,87893,89325,93378
chip15,49001,50000,0,1000,69677,71373,74479,7032,7109,7206,66584,69645,69677,69703,69791,71224,71250,71276,71295,71323,71373,72795,72849,72878,72909,72939,72999,73087,74479,74591,77838
chip15,49001,50000,1,1000,70140,74851,79809,7133,7215,7319,66890,69994,70140,70330,71736,71808,71902,73300,73402,73478,74851,74948,75022,75180,76572,76705,78190,78340,79809,81341,85898
chip15,49001,50000,2,1000,71947,76757,81464,7048,7127,7211,66877,71783,71947,73450,73540,75015,75102,75169,76603,76709,76757,76835,78254,78339,78409,79823,79917,81307,81464,82958,87489
chip15,49001,50000,3,1000,69097,71015,74511,7140,7226,7319,65779,67506,69097,69162,69204,69283,70799,70856,70895,70940,71015,72499,72596,72637,72720,72795,74302,74396,74511,76136,82226
chip15,49001,50000,4,1000,72387,77439,83526,7141,7241,7350,67281,70752,72387,73986,74087,75647,75751,75805,77313,77391,77439,77601,78972,79016,80465,80543,80607,82061,83526,85007,90773
chip15,49001,50000,5,1000,65878,67734,72750,7113,7181,7263,64244,64318,65878,65916,65951,66020,67548,67582,67617,67667,67734,69253,69304,69362,69414,70965,71072,71144,72750,74314,77772
chip15,49001,50000,6,1000,78688,86127,91959,7019,7096,7192,68948,75653,78688,80212,80395,81828,83223,83334,84708,84835,86127,86265,87746,87800,89153,89247,89299,90645,91959,93326,97279
chip15,50001,51000,0,1000,69661,72753,74465,7040,7109,7183,68007,69613,69661,71024,71170,71195,71214,71236,71264,71327,72753,72781,72810,72840,72877,72947,74359,74409,74465,75947,77727
chip15,50001,51000,1,1000,71596,75068,81356,7179,7264,7338,66787,70013,71596,71645,71751,73240,73311,73418,74874,74951,75068,76419,76582,77961,78116,78250,79691,81136,81356,84220,93142
chip15,50001,51000,2,1000,74985,79815,84439,7081,7149,7218,68350,73357,74985,76509,76620,77978,78196,78241,79606,79767,79815,79883,81311,81378,82732,82867,82934,84332,84439,87384,91795
chip15,50001,51000,3,1000,69072,70940,74386,7173,7241,7321,65732,67451,69072,69117,69172,69311,70769,70812,70840,70872,70940,72414,72512,72550,72593,72681,74180,74263,74386,75922,80734
chip15,50001,51000,4,1000,75534,78898,83551,7203,7279,7365,70377,73926,75534,75622,75684,77216,77268,77310,78739,78842,78898,78991,80434,80476,80560,81967,82021,83443,83551,86301,90638
chip15,50001,51000,5,1000,65840,69110,72735,7154,7228,7304,62730,64303,65840,65878,65918,67426,67519,67551,67581,67628,69110,69238,69291,69331,70880,70985,71049,71140,72735,74359,79223
chip15,50001,51000,6,1000,80095,86191,90660,7037,7104,7173,68941,77102,80095,80292,81776,83204,83298,84670,84773,86107,86191,87669,87711,87752,89156,89198,89245,90593,90660,91985,95931
chip15,51001,52000,0,1000,71101,72766,75970,7050,7110,7178,68069,69628,71101,71140,71165,71199,71279,72673,72709,72734,72766,72814,72894,74244,74314,74360,74428,75835,75970,77508,86857
chip15,51001,52000,1,1000,69972,73211,76569,7195,7269,7353,66801,68441,69972,70002,70050,71564,71611,71641,71675,71730,73211,73285,73324,73361,73443,74921,74974,75045,76569,76711,84292
chip15,51001,52000,2,1000,73280,78151,84230,7121,7188,7259,66839,71667,73280,73382,74909,74976,75056,76550,76607,76673,78151,78209,79691,79769,79832,81300,81366,82828,84230,85762,90370
chip15,51001,52000,3,1000,67426,70816,74189,7163,7239,7317,64202,67378,67426,69019,69077,69110,69141,69193,69264,70761,70816,70850,70895,70947,71019,72496,72566,72653,74189,74344,79239
chip15,51001,52000,4,1000,75590,80387,86193,7190,7266,7352,70474,74004,75590,77130,77212,78695,78777,78837,80260,80329,80387,81782,81866,81920,83307,83368,83445,84813,86193,86328,90678
chip15,51001,52000,5,1000,65811,67599,71046,7163,7227,7289,62771,64285,65811,65847,65873,65912,67440,67494,67525,67558,67599,67626,69139,69225,69279,69318,69386,70977,71046,72682,76042
chip15,51001,52000,6,1000,76953,83201,89170,7047,7122,7200,65696,75322,76953,77096,78626,80138,80232,81652,81721,81815,83201,83269,84636,84710,86059,86147,87674,87739,89170,90574,95915
chip15,52001,53000,0,1000,71077,72804,76000,7066,7122,7184,69460,71042,71077,71108,71187,72599,72637,72665,72697,72752,72804,72863,74232,74272,74334,74401,74461,75911,76000,77523,80714
chip15,52001,53000,1,1000,69939,73203,76614,7219,7295,7374,66768,68427,69939,69984,70039,71536,71581,71621,71683,71762,73203,73268,73331,73448,74863,74937,75022,76495,76614,78187,84267
chip15,52001,53000,2,1000,73274,78054,82805,7132,7199,7267,69877,71685,73274,74787,74884,74933,76353,76495,76541,76590,78054,78123,78192,79643,79708,79767,81237,81317,82805,84287,91754
chip15,52001,53000,3,1000,67404,70726,72654,7169,7244,7317,65654,67327,67404,68976,69007,69033,69061,69093,69150,70680,70726,70759,70813,70872,70938,72445,72497,72572,72654,74259,79115
chip15,52001,53000,4,1000,75508,80317,84849,7237,7314,7403,72177,75423,75508,77064,77138,77210,78696,78746,78810,80255,80317,80372,81761,81835,81890,83290,83346,84747,84849,86274,90697
chip15,52001,53000,5,1000,65813,69151,72632,7172,7241,7308,64175,65781,65813,65852,67399,67446,67481,67515,67555,69082,69151,69193,69240,69281,70832,70895,70942,72490,72632,74263,79105
chip15,52001,53000,6,1000,75424,83110,89132,7094,7169,7248,68843,73723,75424,76990,78510,78621,80078,80189,81629,81705,83110,83183,83258,84628,84756,86092,87638,87701,89132,90513,93298
chip15,53001,54000,0,1000,71070,74175,77373,7085,7148,7215,68030,71007,71070,72531,72582,72605,72637,72711,74119,74155,74175,74207,74257,74387,75732,75778,75838,77291,77373,77554,83484
chip15,53001,54000,1,1000,69898,73104,76449,7245,7321,7410,66778,68381,69898,69928,69990,71477,71521,71548,71582,71640,73104,73163,73203,73239,73316,74774,74841,74919,76449,78056,82663
chip15,53001,54000,2,1000,74651,78179,84231,7163,7229,7306,69865,73149,74651,74825,74899,76429,76473,76555,78021,78089,78179,79614,79707,81139,81199,81294,82715,82805,84231,85677,94390
chip15,53001,54000,3,1000,67352,70690,74109,7202,7280,7366,65650,67307,67352,68935,68977,69001,69033,69088,69171,70656,70690,70724,70757,70819,70927,72387,72459,72546,74109,74243,80708
chip15,53001,54000,4,1000,75446,80213,84727,7251,7333,7411,71993,75357,75446,76995,77051,77138,78610,78661,78712,80136,80213,80263,80322,81747,81796,81856,83282,83329,84727,84859,89260
chip15,53001,54000,5,1000,65810,69118,72607,7185,7254,7331,64128,65745,65810,67334,67386,67422,67459,67492,68926,69072,69118,69149,69193,70699,70823,70867,70938,72508,72607,74224,80564
chip15,53001,54000,6,1000,78441,84621,90552,7153,7225,7306,70333,76853,78441,79958,80118,81563,82951,83073,83173,84535,84621,85983,86074,87571,87623,87706,89107,89187,90552,91910,97185
chip15,54001,55000,0,1000,72431,74110,77286,7092,7164,7231,69402,70950,72431,72483,72510,72534,72587,73987,74059,74086,74110,74134,74198,75621,75675,75706,75780,77195,77286,78819,81944
chip15,54001,55000,1,1000,69915,73207,79498,7250,7337,7424,68226,69833,69915,71421,71457,71503,71628,73029,73071,73126,73207,74657,74730,74795,76234,76351,76454,77953,79498,81078,87243
chip15,54001,55000,2,1000,73122,77974,84188,7152,7221,7292,68274,72954,73122,74566,74708,74776,76210,76347,76425,77841,77974,78053,79492,79581,80995,81150,82522,82686,84188,87215,93035
chip15,54001,55000,3,1000,67289,70569,72452,7211,7289,7371,65606,67244,67289,67319,68877,68923,68951,68979,69010,69064,70569,70628,70670,70696,70736,70829,72327,72395,72452,74035,77400
chip15,54001,55000,4,1000,77012,81730,87669,7264,7342,7421,71846,76840,77012,78517,79955,80061,80120,80206,81588,81659,81730,83112,83165,83234,84582,84653,85983,86112,87669,87745,91947
chip15,54001,55000,5,1000,67276,69044,72474,7204,7283,7359,64152,65727,67276,67318,67344,67377,67404,67452,68968,69006,69044,69075,69102,69170,70698,70756,70803,72372,72474,74070,77346
chip15,54001,55000,6,1000,76832,84394,90462,7136,7210,7294,68729,75267,76832,78340,79868,79975,81437,81536,82957,83022,84394,84505,85883,85962,87511,87568,88994,89069,90462,90586,97223
chip15,55001,56000,0,1000,72420,75511,78777,7084,7162,7257,69367,70931,72420,72456,72521,73930,73985,74026,74068,74147,75511,75592,75634,75719,77105,77172,77245,77408,78777,80263,86557
chip15,55001,56000,1,1000,71317,74559,77837,7286,7370,7462,66709,69790,71317,71364,71421,72845,72945,72976,73024,73093,74559,74604,74646,74724,76161,76216,76287,77723,77837,79395,85436
chip15,55001,56000,2,1000,72953,76319,81074,7151,7228,7305,68199,71412,72953,73095,74518,74615,74699,74758,76159,76269,76319,76360,77726,77872,77957,79337,79498,79593,81074,82649,87233
chip15,55001,56000,3,1000,67273,70557,73900,7207,7300,7394,64099,67208,67273,68802,68847,68886,68918,68981,69063,70520,70557,70597,70637,70695,70757,72220,72298,72406,73900,74103,78987
chip15,55001,56000,4,1000,79896,84461,89064,7275,7368,7468,71854,78311,79896,80033,81414,81531,81625,82986,83080,83164,84461,84540,84648,85940,86029,87546,87604,87651,89064,89155,93299
chip15,55001,56000,5,1000,67220,68998,72394,7198,7271,7344,64117,65673,67220,67269,67291,67316,67344,67385,68911,68960,68998,69026,69054,69095,70657,70702,70743,70782,72394,72491,80442
chip15,55001,56000,6,1000,76700,82972,89078,7127,7204,7290,70195,75074,76700,78249,78456,79855,79959,81407,81481,82901,82972,84351,84447,85839,85952,87475,87546,89003,89078,90501,97184
chip15,56001,57000,0,1000,72377,74143,77334,7124,7199,7279,69357,72343,72377,72403,72490,73890,73927,73955,73996,74067,74143,75484,75519,75554,75632,75735,77082,77163,77334,78819,84668
chip15,56001,57000,1,1000,71243,74491,77882,7291,7378,7470,66712,69729,71243,71295,71335,71432,72882,72928,72964,73050,74491,74537,74587,74661,76100,76177,76347,77759,77882,79408,87058
chip15,56001,57000,2,1000,71448,76154,79442,7147,7217,7294,68167,71305,71448,72908,73040,74443,74547,74609,74667,76017,76154,76222,76285,76358,77739,77816,77876,79307,79442,80976,85535
chip15,56001,57000,3,1000,67179,70437,72325,7226,7305,7392,65496,67142,67179,67267,68775,68803,68828,68856,68900,68958,70437,70486,70509,70544,70592,70646,72161,72219,72325,73908,77178
chip15,56001,57000,4,1000,78356,84427,90452,7301,7385,7484,73404,76802,78356,79887,79964,81438,81486,82825,82984,83052,84427,84507,85883,85960,87498,87566,89011,89073,90452,91830,98497
chip15,56001,57000,5,1000,65693,68873,70732,7207,7278,7356,64061,65630,65693,67199,67226,67250,67277,67305,67349,67398,68873,68907,68945,68979,69015,69069,70601,70662,70732,72339,77250
chip15,56001,57000,6,1000,76653,82926,90395,7133,7215,7303,68588,75022,76653,78190,78335,79769,79921,81325,81423,82839,82926,84323,84470,85798,87362,87447,87522,88989,90395,90541,94531
chip15,57001,58000,0,1000,72370,75454,78686,7155,7226,7307,70767,72316,72370,72519,73869,73908,73942,74015,74068,75415,75454,75499,75562,75627,76987,77054,77170,77232,78686,78849,83405
chip15,57001,58000,1,1000,71220,74415,77787,7279,7366,7459,68121,69694,71220,71269,71338,72800,72837,72866,72901,72973,74415,74463,74503,74566,74650,76093,76197,77676,77787,79309,85356
chip15,57001,58000,2,1000,74508,79359,87015,7140,7214,7300,69648,72950,74508,74670,76118,76219,77654,77734,77816,79254,79359,80784,80862,80981,82390,83808,83917,85342,87015,88596,94320
chip15,57001,58000,3,1000,67198,70442,73827,7249,7337,7424,64011,67122,67198,68722,68751,68776,68808,68861,70347,70403,70442,70475,70525,70588,72087,72142,72199,72362,73827,74007,81831
chip15,57001,58000,4,1000,79868,85748,89059,7319,7411,7505,70139,78348,79868,81326,81438,82844,82918,84283,84367,84433,85748,85836,85901,87427,87481,87510,87586,89015,89059,90480,93212
chip15,57001,58000,5,1000,67144,68924,72279,7206,7283,7365,64070,65628,67144,67177,67223,67267,68735,68795,68843,68883,68924,68967,70450,70504,70553,70613,70701,72195,72279,73850,77316
chip15,57001,58000,6,1000,76697,84263,90364,7138,7215,7299,70069,75080,76697,78182,79687,81139,81267,81466,82785,84184,84263,85644,85734,87294,87379,87424,88887,88957,90364,91729,95866
chip15,58001,59000,0,1000,73781,76884,80217,7178,7252,7340,70675,72288,73781,73821,73908,75296,75362,75413,75514,75565,76884,76959,77061,77122,78433,78599,78696,80052,80217,81766,88186
chip15,58001,59000,1,1000,71199,74405,79200,7315,7409,7500,68087,69704,71199,71256,71371,72777,72808,72847,72899,74339,74405,74441,74500,75967,76037,76100,77585,77672,79200,80762,86981
chip15,58001,59000,2,1000,74518,79263,85308,7155,7231,7320,71149,74423,74518,76015,76092,77513,77639,77690,79063,79201,79263,79324,80752,80830,82196,82316,82428,83837,85308,87021,91593
chip15,58001,59000,3,1000,68663,70425,73773,7254,7352,7455,65512,67106,68663,68705,68729,68789,68856,70310,70352,70384,70425,70497,70566,72004,72049,72105,72187,73679,73773,75343,80301
chip15,58001,59000,4,1000,79686,84337,88998,7318,7409,7514,74891,78149,79686,79793,81287,81343,82779,82836,82894,84286,84337,84396,85743,85803,85881,87424,87465,87521,88998,89060,93156
chip15,58001,59000,5,1000,67099,68829,72196,7209,7296,7379,64068,65571,67099,67130,67159,67196,67254,68740,68772,68801,68829,68864,68903,68985,70462,70512,70582,72117,72196,73801,78754
chip15,58001,59000,6,1000,78048,85697,91773,7159,7238,7326,70046,76426,78048,79602,81097,81217,82691,84110,84192,85606,85697,87283,87345,87450,88880,88922,90329,90393,91773,93144,98412
chip15,59001,60000,0,1000,72473,76857,80208,7181,7262,7358,70689,72256,72473,73797,73873,74015,75315,75389,75466,75542,76857,76924,77034,77160,78458,78546,78706,80080,80208,81680,86453
chip15,59001,60000,1,1000,71160,74311,77584,7319,7410,7514,68077,69652,71160,71195,71279,72719,72749,72775,72815,72893,74311,74359,74398,74435,74558,75968,76044,76165,77584,77764,83775
chip15,59001,60000,2,1000,74356,77652,82344,7166,7246,7333,69656,72843,74356,74439,75903,75991,76028,77363,77558,77614,77652,79065,79174,79224,79292,80760,80817,82233,82344,83853,89966
chip15,59001,60000,3,1000,68648,70462,73762,7297,7381,7478,66977,68602,68648,68694,68745,70242,70290,70318,70350,70402,70462,71927,71968,72004,72043,72108,72186,73668,73762,75334,80151
chip15,59001,60000,4,1000,78127,82806,87451,7308,7415,7514,71574,76596,78127,79654,79718,79818,81255,81299,81366,82767,82806,82846,84242,84299,84341,85722,85792,87391,87451,88952,93184
chip15,59001,60000,5,1000,67075,70369,73777,7224,7308,7399,65461,67025,67075,67123,68635,68703,68739,68782,68828,70326,70369,70402,70457,70524,72035,72090,72169,73703,73777,75399,83145
chip15,59001,60000,6,1000,79528,87165,91750,7155,7234,7320,70032,77951,79528,81063,81228,82625,84070,84135,85528,85609,87165,87255,87305,88741,88835,88883,90315,90364,91750,93109,98394
chip15,60001,61000,0,1000,75134,76912,80062,7213,7295,7386,72041,73709,75134,75189,75224,75328,76674,76723,76764,76820,76912,78201,78281,78366,78469,78520,79839,79985,80062,81546,84591
chip15,60001,61000,1,1000,72608,75840,79180,7320,7416,7518,68055,71085,72608,72660,72706,74153,74212,74267,74345,75786,75840,75915,77297,77402,77450,77521,78937,79029,79180,82075,88465
chip15,60001,61000,2,1000,74137,77512,83669,7199,7276,7356,69496,72636,74137,74289,74390,75786,75886,75953,77289,77441,77512,77578,78997,79096,80316,80631,82007,82208,83669,85211,90017
chip15,60001,61000,3,1000,70162,72020,75299,7290,7386,7489,66953,70084,70162,70206,70273,71784,71813,71835,71862,71902,72020,73467,73493,73522,73558,73637,75138,75193,75299,76864,82985
chip15,60001,61000,4,1000,77947,81286,87321,7316,7421,7526,71619,76409,77947,78041,78143,79606,79653,81083,81172,81216,81286,82689,82743,82797,84196,84253,85590,85715,87321,87401,93059
chip15,60001,61000,5,1000,67058,70336,75246,7216,7306,7395,65426,66986,67058,68558,68596,68636,68685,68788,70226,70278,70336,70415,71883,71936,72008,73511,73587,73711,75246,76821,81572
chip15,60001,61000,6,1000,81093,88680,93033,7146,7229,7310,71520,79436,81093,82546,83999,85432,85551,87107,87146,87189,88680,88733,88776,90155,90234,90278,91613,91693,93033,94371,99666
chip15,61001,62000,0,1000,75137,78184,81345,7180,7264,7345,72089,73677,75137,75175,75296,76662,76692,76717,76780,76874,78184,78222,78269,78369,78434,79765,79838,79991,81345,82738,86224
chip15,61001,62000,1,1000,71063,74235,77518,7347,7439,7537,67988,70967,71063,71121,72572,72610,72652,72743,74151,74197,74235,74274,74371,75773,75823,75908,77352,77421,77518,79014,86779
chip15,61001,62000,2,1000,74150,78896,83591,7204,7281,7367,69484,72637,74150,74267,75694,75829,75941,77340,77431,77501,78896,78995,79042,79093,80495,80595,80650,82132,83591,85136,89997
chip15,61001,62000,3,1000,68635,71819,75178,7299,7389,7472,66899,68527,68635,70117,70151,70177,70204,70332,71758,71789,71819,71847,71885,73356,73447,73505,73571,75064,75178,76790,81570
chip15,61001,62000,4,1000,76425,81174,85765,7331,7432,7525,71528,76287,76425,77940,78021,79492,79552,79609,81043,81129,81174,81295,82649,82696,82765,84145,84214,85620,85765,87332,91726
chip15,61001,62000,5,1000,67016,70256,75200,7202,7282,7373,65410,66961,67016,68511,68547,68587,68623,68704,70162,70210,70256,70305,71774,71877,71944,72027,73552,73637,75200,75342,81487
chip15,61001,62000,6,1000,77823,84043,90252,7149,7230,7320,71404,76237,77823,79352,80845,80934,82399,82465,83876,83968,84043,85424,85483,87105,87162,88665,88748,88881,90252,91687,98308
chip15,62001,63000,0,1000,75159,78268,81477,7229,7309,7397,72091,73881,75159,75217,75366,76690,76744,76835,76883,78190,78268,78362,78422,78462,79791,79895,79973,80037,81477,81561,86296
chip15,62001,63000,1,1000,71061,74193,77429,7332,7431,7537,67985,69614,71061,71099,72563,72605,72634,72668,72722,74131,74193,74230,74281,74340,75750,75829,75905,77313,77429,78927,83632
chip15,62001,63000,2,1000,75615,79041,83661,7249,7333,7419,70958,74147,75615,75820,77172,77323,77429,78693,78863,78971,79041,80319,80482,80572,80651,81986,82114,83475,83661,85165,89936
chip15,62001,63000,3,1000,70097,71992,76750,7333,7421,7509,66934,68551,70097,70139,70192,71665,71754,71790,71828,71889,71992,73415,73450,73525,73583,75023,75155,75254,76750,78352,84450
chip15,62001,63000,4,1000,76411,81140,85707,7330,7424,7525,69867,76301,76411,77959,78007,79505,79560,79592,79634,81088,81140,81187,82592,82672,82724,84122,84205,84285,85707,87344,93070
chip15,62001,63000,5,1000,66973,68731,72038,7197,7270,7356,65386,66938,66973,67011,67115,68549,68577,68609,68636,68676,68731,70199,70245,70294,70332,70374,71895,71960,72038,73607,78391
chip15,62001,63000,6,1000,79358,85509,90280,7168,7258,7348,69888,77790,79358,80894,82360,82460,83903,83959,84053,85434,85509,87115,87157,87204,88689,88733,88774,90208,90280,91702,97092
chip15,63001,64000,0,1000,76730,81329,86124,7242,7326,7410,72050,76526,76730,78142,78240,78299,78404,79780,79839,79913,81329,81378,81462,82834,82888,83010,84379,84440,86124,86226,90954
chip15,63001,64000,1,1000,71111,74281,78885,7356,7454,7563,69449,71006,71111,72549,72585,72628,72742,74120,74179,74221,74281,75692,75741,75799,75853,75937,77342,77439,78885,80433,85032
chip15,63001,64000,2,1000,74095,78769,83462,7264,7349,7441,69436,73969,74095,75598,75676,75793,77165,77234,77336,77498,78769,78821,79009,80347,80423,80605,81924,82099,83462,84969,91316
chip15,63001,64000,3,1000,71586,74904,79972,7335,7423,7523,68401,70054,71586,71665,71719,71814,73277,73322,73373,73458,74904,74975,75048,75188,76617,76714,78222,78368,79972,82877,87506
chip15,63001,64000,4,1000,77890,82578,87288,7359,7445,7546,71421,76330,77890,79409,79476,79543,81009,81047,81099,82491,82578,82618,82693,84083,84141,85452,85612,87224,87288,88783,91764
chip15,63001,64000,5,1000,66955,70142,71993,7223,7305,7392,65369,66914,66955,67021,68493,68521,68553,68596,68638,70074,70142,70178,70211,70249,70286,71781,71851,71919,71993,73593,76956
chip15,63001,64000,6,1000,76252,83951,90256,7201,7293,7393,69822,74610,76252,77765,79301,80763,80881,82329,82428,83878,83951,85342,85452,87074,87132,88642,88717,90146,90256,91685,99668
chip15,64001,65000,0,1000,75035,78278,82929,7263,7350,7443,70577,73594,75035,75123,75264,76606,76697,76777,76892,78154,78278,78330,79654,79795,79869,81237,81360,82713,82929,84407,89503
chip15,64001,65000,1,1000,71097,74311,78873,7355,7457,7563,69411,70975,71097,72511,72545,72614,74054,74086,74127,74192,74311,75660,75695,75743,75835,77245,77298,77417,78873,80416,86736
chip15,64001,65000,2,1000,74079,78770,83398,7275,7365,7455,67913,73992,74079,75563,75637,75736,77161,77212,77297,78690,78770,78830,78962,80314,80397,80568,81880,82003,83398,84919,89794
chip15,64001,65000,3,1000,70093,74921,81323,7332,7423,7523,68403,70027,70093,71629,71685,71744,73193,73291,73367,73459,74921,75015,75085,76600,76697,78220,78320,79829,81323,82866,88901
chip15,64001,65000,4,1000,79423,84039,88792,7381,7470,7573,72955,77881,79423,80932,80993,81078,82485,82532,82582,83960,84039,84098,84181,85516,85571,87166,87247,87293,88792,88859,91780
chip15,64001,65000,5,1000,66933,68613,71914,7238,7317,7406,65362,66903,66933,66957,66988,67057,68494,68523,68550,68577,68613,68662,70121,70181,70217,70256,70308,71835,71914,73490,78267
chip15,64001,65000,6,1000,77713,86911,91600,7225,7320,7424,68332,76074,77713,79292,80800,82287,83743,83859,85269,85334,86911,87025,87106,88600,88653,88696,90134,90189,91600,92979,97020
chip15,65001,66000,0,1000,75043,78098,81298,7312,7391,7479,70557,73620,75043,75114,75190,76544,76579,76688,76738,78016,78098,78184,78247,78292,79593,79688,79796,79865,81298,82708,86192
chip15,65001,66000,1,1000,72470,77110,81788,7424,7517,7617,67960,72392,72470,73932,74004,74074,75493,75568,75618,75703,77110,77179,77255,78677,78730,78787,80188,80322,81788,83335,88236
chip15,65001,66000,2,1000,74097,78697,83443,7319,7407,7492,69407,72603,74097,75518,75625,75714,77086,77192,77280,77342,78697,78826,78888,80227,80373,80468,81871,82005,83443,84935,89832
chip15,65001,66000,3,1000,70015,73323,79689,7349,7447,7538,66824,69939,70015,70082,71585,71637,71680,71727,73219,73282,73323,73365,74825,74968,75036,76573,76656,78207,79689,81281,88920
chip15,65001,66000,4,1000,79400,84050,88785,7447,7544,7645,72942,77815,79400,80877,80983,82418,82464,82572,83942,83984,84050,85430,85481,85549,87151,87188,87229,88712,88785,90212,94385
chip15,65001,66000,5,1000,66920,70070,71896,7281,7363,7449,65333,66888,66920,67008,68441,68473,68495,68527,68574,68642,70070,70107,70147,70184,70233,71641,71732,71814,71896,73398,78182
chip15,65001,66000,6,1000,79195,86926,91568,7236,7326,7424,69729,77650,79195,80724,82182,82306,83735,83837,85238,85313,86926,86977,87025,88534,88587,88639,90083,90144,91568,92976,99582
chip15,66001,67000,0,1000,74993,78102,82615,7306,7393,7486,71961,73563,74993,75074,75157,76513,76584,76651,76701,78017,78102,78184,78242,79554,79693,79758,81092,81258,82615,84133,87783
chip15,66001,67000,1,1000,72421,75597,80237,7438,7544,7661,69342,70942,72421,72472,73917,73979,74021,74073,74165,75556,75597,75650,75743,77135,77182,77265,78695,78778,80237,80415,86665
chip15,66001,67000,2,1000,75452,78793,83427,7273,7360,7455,70860,73971,75452,75621,75749,77083,77198,77298,78636,78751,78793,78899,80196,80316,80392,81735,81904,83221,83427,84910,89860
chip15,66001,67000,3,1000,69919,71716,78013,7365,7461,7561,66789,68398,69919,69964,70005,70043,71505,71576,71619,71657,71716,73184,73273,73343,73390,74900,75016,76570,78013,79667,84270
chip15,66001,67000,4,1000,77675,82343,87148,7421,7521,7629,71340,76102,77675,77753,79256,79290,79373,80832,80870,80913,82343,82401,82460,83890,83949,84006,85419,85478,87148,88706,91747
chip15,66001,67000,5,1000,66912,70121,73474,7279,7368,7458,65355,66862,66912,68416,68444,68472,68513,69998,70051,70085,70121,70179,71637,71683,71717,71782,73267,73351,73474,74971,81218
chip15,66001,67000,6,1000,79171,86889,91562,7233,7332,7433,71267,77551,79171,80664,82144,82216,83672,83755,85170,85255,86889,86944,87024,88544,88579,88652,90086,90142,91562,92937,97073
chip15,67001,68000,0,1000,75078,78248,82745,7321,7419,7522,71958,74929,75078,76441,76509,76614,77926,77993,78059,78137,78248,79519,79597,79687,79747,81062,81195,81349,82745,84209,90813
chip15,67001,68000,1,1000,73941,78659,84764,7486,7595,7707,69340,72415,73941,75398,75511,75673,77028,77099,78516,78591,78659,78798,80156,80249,81661,81762,83203,83330,84764,86512,91184
chip15,67001,68000,2,1000,75389,78699,83397,7310,7419,7521,69383,73908,75389,75485,75650,77007,77091,77206,78504,78603,78699,78776,80128,80226,80314,81566,81793,83193,83397,86462,91280
chip15,67001,68000,3,1000,69947,73203,78149,7358,7460,7576,66794,69863,69947,69993,71459,71536,71584,71645,71726,73129,73203,73271,73355,74805,74886,75023,76483,76624,78149,79720,87290
chip15,67001,68000,4,1000,80777,87010,90229,7482,7595,7715,74418,80626,80777,82270,82374,83781,83861,85263,85327,86876,87010,87057,87101,88575,88655,88700,88752,90165,90229,91627,94402
chip15,67001,68000,5,1000,69871,73176,76506,7279,7373,7458,66771,68381,69871,69954,70019,70158,71556,71605,71660,71832,73176,73210,73265,73343,74812,74855,74926,76435,76506,78051,82713
chip15,67001,68000,6,1000,80434,86992,92955,7221,7318,7410,69717,77541,80434,80768,82219,83635,83804,85183,86798,86903,86992,88478,88548,89939,90051,90113,91510,91562,92955,94321,99607
chip15,68001,69000,0,1000,76394,79609,84130,7314,7409,7517,71893,75093,76394,76525,77875,77957,78051,78103,79430,79547,79609,79647,80972,81109,81151,81218,82636,82703,84130,84223,87685
chip15,68001,69000,1,1000,75414,80056,86439,7519,7632,7756,70800,73979,75414,76880,76948,76995,78449,78502,78567,79973,80056,80107,81533,81614,81744,83136,83296,84673,86439,88107,95404
chip15,68001,69000,2,1000,75520,80128,84799,7291,7384,7484,69380,73980,75520,76819,77053,77143,78455,78627,78697,79926,80128,80224,80291,81587,81763,83061,83275,83395,84799,86538,89801
chip15,68001,69000,3,1000,71418,74826,82480,7393,7489,7589,68210,69877,71418,71476,71553,73028,73082,73186,74648,74734,74826,76294,76424,77843,78044,79501,79634,81146,82480,82743,88853
chip15,68001,69000,4,1000,82228,88525,91625,7490,7599,7712,75909,80660,82228,83692,85121,85209,86832,86925,86968,87010,88525,88580,88614,88652,90077,90141,90171,91542,91625,92976,98323
chip15,68001,69000,5,1000,68350,71570,76394,7300,7388,7481,65331,68301,68350,68432,69887,69926,69970,70032,71489,71535,71570,71630,73115,73172,73237,73357,74791,74851,76394,76495,85506
chip15,68001,69000,6,1000,80591,88417,92889,7261,7363,7467,72716,78981,80591,82094,83593,85011,85111,86746,86812,86899,88417,88469,88532,89975,90018,90061,91455,91510,92889,94194,99638
chip15,69001,70000,0,999,76393,80953,85800,7334,7443,7550,71894,76262,76393,77836,77921,78042,79368,79491,79542,80815,80953,81035,81095,82447,82541,82602,83972,84076,85800,85908,90719
chip15,69001,70000,1,999,73909,78584,86279,7450,7573,7696,69357,73735,73909,75318,75406,75549,76894,76976,77115,78466,78584,79998,80087,81491,81608,81710,83121,84541,86279,86512,92619
chip15,69001,70000,2,999,76788,80209,86358,7274,7377,7487,70849,75333,76788,76930,77856,78437,78551,78716,79969,80055,80209,81482,81602,81758,83044,83178,84507,84700,86358,88014,92583
chip15,69001,70000,3,999,71356,74669,79615,7415,7522,7629,68250,69860,71356,71433,71482,72768,72991,73064,73141,74566,74669,74743,74787,76249,76378,77801,77969,79394,79615,82475,89956
chip15,69001,70000,4,999,77549,83639,88554,7463,7575,7701,71171,77322,77549,79041,79153,80586,80665,82071,82164,82242,83639,83702,83782,85158,85228,86833,86939,87006,88554,88634,92951
chip15,69001,70000,5,999,68274,69957,73305,7259,7349,7443,65258,66805,68274,68306,68346,68388,68474,69844,69889,69922,69957,70008,70095,71466,71537,71603,71687,73150,73305,74806,84087
chip15,69001,70000,6,999,84895,91265,95717,7262,7361,7463,72652,81943,84895,86657,86771,88316,88394,89816,89916,89978,91265,91404,91453,92736,92862,92995,94269,95547,95717,97016,105881
chip15,70001,71000,0,1000,76271,79420,83910,7402,7502,7608,73254,74822,76271,76341,76520,77795,77849,77943,78046,79327,79420,79489,79540,80862,80971,81024,82345,82504,83910,84081,90716
chip15,70001,71000,1,1000,72293,76904,81783,7478,7593,7711,69247,72220,72293,73744,73822,73868,74004,75345,75411,75488,76904,76968,77029,78474,78541,78624,80074,81477,81783,84622,89663
chip15,70001,71000,2,1000,75335,80003,84707,7342,7439,7543,70703,73965,75335,76786,76853,77008,78362,78489,78563,79905,80003,80111,81342,81540,81630,82764,83140,84433,84707,86414,91131
chip15,70001,71000,3,1000,71360,74596,77977,7447,7558,7660,68204,69875,71360,71417,71504,72953,73001,73049,73095,74535,74596,74640,74696,74736,76162,76280,76348,77880,77977,80998,87050
chip15,70001,71000,4,1000,80444,85096,88604,7528,7640,7748,74111,78931,80444,80566,82037,82118,83536,83607,83669,85037,85096,85144,86766,86852,86888,86934,88484,88527,88604,90103,95650
chip15,70001,71000,5,1000,68340,71488,76256,7317,7408,7507,65270,68259,68340,69774,69826,69871,69937,71344,71386,71434,71488,71574,72965,73014,73094,74513,74640,74781,76256,77836,83976
chip15,70001,71000,6,1000,86629,92794,96969,7354,7452,7563,78684,84902,86629,88265,89787,89865,91226,91330,91365,92651,92794,92830,94127,94207,94249,95561,95605,96876,96969,99528,105917
chip15,71001,72000,0,1000,77786,82337,87382,7395,7507,7624,73256,76368,77786,77948,79284,79421,79534,80851,80949,81019,82337,82469,82528,83882,83982,85579,85704,85787,87382,88970,92201
chip15,71001,72000,1,1000,72302,76837,81521,7465,7587,7713,69261,72230,72302,73697,73803,73849,73936,75353,75393,75437,76837,76932,76982,77107,78483,78538,78666,80076,81521,83058,89604
chip15,71001,72000,2,1000,76764,80094,86352,7339,7445,7554,70804,75258,76764,76925,77012,78456,78517,78603,79997,80051,80094,81457,81573,81629,83046,83132,84541,84635,86352,86459,91222
chip15,71001,72000,3,1000,71362,74596,79462,7525,7635,7756,68217,69892,71362,71421,71476,72953,73001,73034,73064,73104,74596,74660,74705,74769,76271,76324,76396,77935,79462,80976,87120
chip15,71001,72000,4,1000,81965,86787,90044,7556,7686,7802,75664,80452,81965,82056,83489,83559,83645,85027,85077,85153,86787,86831,86861,86894,88407,88478,88509,88573,90044,90141,94327
chip15,71001,72000,5,1000,68322,71509,76256,7301,7400,7499,66667,68244,68322,69769,69806,69872,69985,71355,71394,71446,71509,72948,73002,73054,73126,74588,74666,74838,76256,77790,83937
chip15,71001,72000,6,1000,86592,91408,96921,7329,7445,7554,77191,84801,86592,88218,88284,89781,89832,89920,91318,91350,91408,92763,92807,92857,94183,94224,95541,95613,96921,98261,104717
chip15,72001,73000,0,1000,77725,82375,87365,7435,7536,7646,73266,76303,77725,77893,79218,79340,79412,80817,80890,82202,82375,82457,83843,83900,85558,85639,85677,85761,87365,87430,92165
chip15,72001,73000,1,1000,73646,78373,83094,7528,7645,7759,69200,72204,73646,73755,73844,75291,75350,76791,76862,76933,78373,78425,78506,79929,79979,80078,81493,81608,83094,86233,89602
chip15,72001,73000,2,1000,75332,81471,89460,7383,7478,7587,70659,75180,75332,76814,76943,78289,78452,79824,79957,80067,81471,81579,82961,83113,84511,86182,86305,87904,89460,89616,95443
chip15,72001,73000,3,1000,71314,74626,80954,7510,7625,7736,68148,69849,71314,71376,72868,72933,72984,73018,74475,74576,74626,76098,76181,76225,77674,77814,79273,79429,80954,82526,90141
chip15,72001,73000,4,1000,77396,83495,88440,7580,7691,7800,72542,75867,77396,78897,78977,80432,80485,80567,82008,82066,83495,83563,83623,85015,85077,86710,86807,86861,88440,88549,92936
chip15,72001,73000,5,1000,68275,71388,74682,7318,7410,7497,66658,68190,68275,69727,69757,69794,69857,71272,71327,71361,71388,71452,71525,72931,72974,73024,73136,74577,74682,76222,82332
chip15,72001,73000,6,1000,88128,92749,98229,7384,7495,7616,75550,86462,88128,88256,89746,89857,91240,91298,91371,92699,92749,94082,94135,94190,95503,95558,96854,96931,98229,99582,108513
chip15,73001,74000,0,1000,77744,82384,87343,7475,7607,7747,73283,77563,77744,79144,79294,80623,80770,80835,82178,82317,82384,83757,83843,85416,85552,85610,85677,87272,87343,88976,92177
chip15,73001,74000,1,1000,73660,76898,83035,7557,7697,7884,69184,72187,73660,73737,73852,75245,75295,75365,76802,76845,76898,78345,78405,79868,79946,80015,81464,81631,83035,84549,92512
chip15,73001,74000,2,1000,76764,81563,87961,7411,7526,7676,72095,75255,76764,76947,78335,78434,79847,79933,81332,81467,81563,82961,83019,84449,84528,86201,86260,86333,87961,89552,94006
chip15,73001,74000,3,1000,71289,74520,79380,7520,7641,7771,68195,71211,71289,71347,72802,72879,72917,72947,73002,74459,74520,74566,74607,76042,76151,76222,77714,77829,79380,80969,87100
chip15,73001,74000,4,1000,80403,86623,89969,7588,7736,7907,74020,78845,80403,81872,81967,83367,83473,83545,84923,85002,86623,86717,86757,86793,88275,88382,88428,88484,89969,90054,96936
chip15,73001,74000,5,1000,68193,69871,73129,7344,7442,7562,66643,68129,68193,68220,68269,69676,69736,69763,69796,69832,69871,71295,71350,71386,71428,71469,72875,72979,73129,74653,82406
chip15,73001,74000,6,1000,88144,94117,99572,7386,7508,7663,74166,86434,88144,89676,89785,91200,91257,92623,92697,94059,94117,94172,95468,95515,96788,96863,98155,99428,99572,102138,113611
chip15,74001,75000,0,1000,79051,82283,87124,7586,7718,7849,74545,77588,79051,79126,80518,80593,80678,80793,82082,82146,82283,83552,83642,83776,85324,85390,85500,85627,87124,87323,90522
chip15,74001,75000,1,1000,72180,75295,79939,7695,7816,7940,69156,72128,72180,73624,73669,73714,73757,75152,75211,75255,75295,75365,76767,76821,76863,78286,78377,78463,79939,81455,87908
chip15,74001,75000,2,1000,79781,84521,89521,7523,7635,7749,73557,78252,79781,81172,81360,82738,82867,82939,84317,84400,84521,86122,86180,86233,87776,87848,87908,89442,89521,91019,95376
chip15,74001,75000,3,1000,72730,75956,80764,7592,7715,7833,69563,71218,72730,72788,72844,72901,74360,74423,74474,74532,75956,76027,76081,76133,77517,77674,77759,79254,80764,82337,91487
chip15,74001,75000,4,1000,83223,86712,91351,7721,7846,7975,75534,81781,83223,83370,84835,84907,86567,86620,86646,86667,86712,88282,88319,88348,88371,88435,89902,89939,91351,91450,94257
chip15,74001,75000,5,1000,68153,69815,73054,7397,7497,7599,65214,68086,68153,68183,68222,68295,69693,69721,69752,69775,69815,69871,71269,71309,71353,71414,72859,72938,73054,74566,80901
chip15,74001,75000,6,1000,87943,93962,98272,7500,7613,7745,76983,86290,87943,88123,89618,91037,91141,91209,92607,92646,93962,94052,94100,95429,95477,96785,96841,98120,98272,100698,107178
chip15,75001,76000,0,1000,78991,82252,87103,7629,7753,7887,73136,77531,78991,79104,80476,80577,80695,81946,82061,82175,82252,83530,83647,83704,85232,85407,85487,85540,87103,87230,91973
chip15,75001,76000,1,1000,73565,76709,81297,7724,7860,7993,70568,72119,73565,73636,73699,75082,75159,75220,75265,76627,76709,76767,76818,76937,78300,78364,78454,79896,81297,81499,86195
chip15,75001,76000,2,1000,81078,86039,89458,7547,7656,7773,74933,79558,81078,81257,82652,82797,84153,84261,84347,85984,86039,86083,86128,87714,87757,87798,89264,89388,89458,90983,99275
chip15,75001,76000,3,1000,72712,75984,80775,7608,7730,7863,69529,71203,72712,72776,72892,74341,74384,74431,74523,75930,75984,76034,76157,77572,77632,77717,79172,79289,80775,82289,88555
chip15,75001,76000,4,1000,83362,88254,91397,7698,7844,7975,76997,83209,83362,84799,86474,86533,86577,86606,88133,88214,88254,88284,88325,89808,89846,89884,89920,91345,91397,92819,95555
chip15,75001,76000,5,1000,68187,71273,74582,7421,7524,7629,47005,68109,68187,69620,69657,69693,69738,71165,71217,71250,71273,71319,71398,72797,72854,72907,74322,74471,74582,76121,82375
chip15,75001,76000,6,1000,91027,96706,102068,7506,7631,7770,81401,89470,91027,91141,92559,93934,94004,94069,95380,95429,96706,96776,96850,98109,98172,99438,99528,100772,102068,103379,112256
chip15,76001,77000,0,1000,78938,82115,86988,7602,7726,7871,74457,77509,78938,79001,79167,80470,80556,80667,81943,82016,82115,82183,83468,83599,83660,85212,85396,85452,86988,87193,91858
chip15,76001,77000,1,1000,75091,81099,87615,7694,7827,7971,49021,73600,75091,76502,76639,78050,78143,78285,79597,79715,81099,81200,82578,82701,84106,84235,85904,85972,87615,89224,93792
chip15,76001,77000,2,1000,79630,85901,89377,7530,7653,7780,73524,78175,79630,80995,81192,82594,82695,82797,84201,84275,85901,85985,86030,86068,87662,87711,87762,89281,89377,90916,95284
chip15,76001,77000,3,1000,72636,75817,79157,7613,7727,7853,68081,71118,72636,72714,72771,74186,74266,74320,74374,74419,75817,75904,75948,75986,76040,77504,77566,78922,79157,80701,86934
chip15,76001,77000,4,1000,84726,88222,91353,7700,7828,7951,78544,83231,84726,86441,86474,86507,86553,88119,88157,88187,88222,88264,89751,89786,89812,89835,89883,91312,91353,92781,96857
chip15,76001,77000,5,1000,69590,72817,77589,7420,7520,7635,66540,69540,69590,69659,71111,71164,71227,72649,72715,72750,72817,74227,74311,74367,74461,75905,75983,77424,77589,79175,85180
chip15,76001,77000,6,1000,87833,93952,100682,7454,7582,7718,76859,84502,87833,87979,89510,90979,91048,92441,92528,92617,93952,94009,95347,95401,96722,96787,98073,99370,100682,102053,112232
chip15,77001,78000,0,1000,78887,82002,85461,7628,7751,7883,73040,77480,78887,78977,79068,79214,80465,80537,80632,81854,82002,82122,82212,83470,83587,83664,85202,85357,85461,87098,90386
chip15,77001,78000,1,1000,77995,83948,89222,7705,7847,7991,71953,76486,77995,78082,79540,79613,81060,81126,82533,82627,83948,84127,85726,85855,85934,86042,87595,87673,89222,90760,95198
chip15,77001,78000,2,1000,78118,82759,87727,7556,7679,7812,71982,76621,78118,79504,79645,80972,81152,81214,82509,82678,82759,84090,84202,84303,85946,85999,86052,87644,87727,89248,92400
chip15,77001,78000,3,1000,71138,74333,77555,7632,7754,7885,68009,71054,71138,71208,72638,72707,72752,72782,72848,74254,74333,74367,74396,74476,75906,75966,76003,76064,77555,79095,83702
chip15,77001,78000,4,1000,84607,88174,91363,7720,7858,8009,73930,83119,84607,84735,86414,86452,86500,88062,88104,88143,88174,88228,89712,89760,89789,89833,91249,91307,91363,92790,100752
chip15,77001,78000,5,1000,69548,72638,75982,7421,7524,7635,66570,68109,69548,69581,69635,71052,71107,71147,71187,71229,72638,72707,72757,72807,74216,74305,74400,75853,75982,77503,85127
chip15,77001,78000,6,1000,89371,93949,99457,7483,7602,7732,75364,87766,89371,89472,90946,91037,92432,92501,92558,93904,93949,94055,95352,95406,96708,96775,98065,98143,99457,100770,108418
chip15,78001,79000,0,1000,78968,83448,87050,7611,7739,7863,74572,78808,78968,80320,80455,80581,81851,81957,82064,83298,83448,83538,83623,85194,85260,85308,85362,86959,87050,88529,90388
chip15,78001,79000,1,1000,77955,83911,87649,7758,7889,8032,71955,76476,77955,79386,79542,80892,81042,81159,82451,82558,83911,83997,84121,85737,85799,85903,87473,87546,87649,89214,92286
chip15,78001,79000,2,1000,76585,81167,87569,7579,7707,7831,73439,76424,76585,77946,78103,79410,79532,79630,79746,81061,81167,81277,82560,82699,83970,84171,85804,85976,87569,87712,92417
chip15,78001,79000,3,1000,72510,74351,78856,7658,7782,7913,69461,71055,72510,72602,72662,72722,74092,74191,74241,74284,74351,75735,75818,75870,75919,75987,77396,77472,78856,79126,90007
chip15,78001,79000,4,1000,78394,84653,91165,7721,7854,7997,72268,76957,78394,78601,80099,81547,81671,83065,83159,83254,84653,84761,86411,86467,87997,88096,88167,89678,91165,91335,96808
chip15,78001,79000,5,1000,69507,72650,75997,7436,7535,7649,66523,69407,69507,69577,70994,71052,71087,71142,72533,72611,72650,72699,72792,74186,74241,74290,75685,75828,75997,77524,83468
chip15,78001,79000,6,1000,86168,92511,99397,7460,7577,7709,73718,84436,86168,87878,89412,89507,90940,91009,92371,92460,92511,93887,93954,95261,95340,96647,96757,98067,99397,100731,108401
chip15,79001,80000,0,1000,78833,83410,87007,7599,7724,7859,74370,77368,78833,78972,80304,80414,81692,81870,81954,82083,83410,83485,85063,85174,85235,85284,86884,86940,87007,88620,93295
chip15,79001,80000,1,1000,74879,79444,84072,7778,7905,8053,70423,73430,74879,74970,76385,76457,77846,77915,77984,79351,79444,79502,80782,80963,81044,82463,82549,83981,84072,85847,90750
chip15,79001,80000,2,1000,79383,83943,87600,7594,7714,7836,71922,77953,79383,79561,80941,81024,81120,82472,82541,82620,83943,84030,84080,85658,85816,85861,85911,87524,87600,89098,92307
chip15,79001,80000,3,1000,71116,74294,78986,7653,7775,7905,67969,71011,71116,72549,72618,72679,72761,74155,74202,74242,74294,75645,75765,75814,75875,77328,77404,77542,78986,80543,86821
chip15,79001,80000,4,1000,81563,86425,91158,7727,7861,8008,73701,79984,81563,83026,84460,84550,84636,86302,86333,86370,86425,87994,88039,88066,88098,88176,89649,89688,91158,91323,95437
chip15,79001,80000,5,1000,69483,72626,77257,7474,7571,7671,66541,69434,69483,70924,70997,71029,71072,71157,72540,72576,72626,72693,74093,74149,74207,74268,75734,75828,77257,77423,86686
chip15,79001,80000,6,1000,90809,96614,101995,7484,7598,7719,79659,89228,90809,92278,92367,93751,93824,95123,95228,95273,96614,96670,97974,98016,99303,99374,100644,101892,101995,104517,110867
chip15,80001,81000,0,1000,80218,84999,88532,7646,7775,7918,60822,78806,80218,80348,81654,81774,81865,83188,83318,83390,84999,85099,85133,85175,86607,86839,86888,86939,88532,88612,93178
chip15,80001,81000,1,1000,76263,80881,85924,7803,7940,8088,71817,74817,76263,76366,77742,77847,77971,79321,79401,79529,80881,80947,81067,82405,82491,83900,84033,85715,85924,87518,90770
chip15,80001,81000,2,1000,80697,85628,89126,7586,7736,7882,73290,79295,80697,80939,82293,82442,82546,83855,83958,84047,85628,85723,85785,85836,87323,87467,87527,87588,89126,90017,93691
chip15,80001,81000,3,1000,74109,78798,83487,7700,7846,7990,70878,73950,74109,75476,75640,75700,77066,77229,77277,78577,78798,78844,78895,80363,80404,80505,81931,83341,83487,84992,89901
chip15,80001,81000,4,1000,79974,86276,89705,7767,7894,8051,73748,78390,79974,81403,82836,82980,84415,84500,86158,86234,86276,86316,87911,87964,87996,88036,89571,89628,89705,91179,95365
chip15,80001,81000,5,1000,69438,72529,75800,7456,7562,7670,66510,69396,69438,69508,70916,70952,70985,71030,71090,72485,72529,72567,72625,73965,74083,74158,74244,75651,75800,77261,83476
chip15,80001,81000,6,1000,85915,92330,97976,7403,7519,7636,75138,84054,85915,87619,87705,89241,89321,90677,90827,90900,92330,92373,92441,93797,93850,95196,95258,96623,97976,99318,109554
chip15,81001,82000,0,1000,78778,83261,88393,7667,7795,7934,74347,78681,78778,80148,80282,80412,81679,81764,81906,83118,83261,83427,84931,85026,85092,86572,86748,86839,88393,88553,91731
chip15,81001,82000,1,1000,76414,82364,87435,7800,7952,8122,70389,76227,76414,77779,79207,79308,79526,80811,80912,82293,82364,83684,83816,83920,85566,85622,85783,87337,87435,89023,96331
chip15,81001,82000,2,1000,80630,85718,90624,7643,7762,7885,73248,79148,80630,80885,82210,82446,83740,83927,85462,85561,85718,85890,87264,87376,88820,88943,89035,90501,90624,92103,99109
chip15,81001,82000,3,1000,73967,77221,83378,7743,7852,7978,69427,72471,73967,74045,75503,75572,75617,75682,77116,77170,77221,77301,78717,78781,80218,80331,80425,81880,83378,84937,91270
chip15,81001,82000,4,1000,78401,84511,89592,7716,7849,8007,72095,76803,78401,79896,81377,81444,82887,82973,84376,84452,84511,86191,86234,86270,86321,87906,87970,88051,89592,91138,96748
chip15,81001,82000,5,1000,69522,73957,77219,7462,7572,7681,66469,69392,69522,70899,70962,71034,72425,72483,72532,72571,73957,74024,74061,74127,74213,75606,75656,75744,77219,78742,81920
chip15,81001,82000,6,1000,85905,92331,97963,7425,7537,7660,74990,84103,85905,87567,89150,89233,89303,90801,90846,92270,92331,92376,93758,93802,93884,95218,95334,96614,97963,99318,108347
chip15,82001,83000,0,1000,80169,84937,88466,7667,7824,7970,75677,78700,80169,81544,81654,81810,83116,83230,84738,84858,84937,85021,85076,86583,86703,86772,86832,88374,88466,89971,93211
chip15,82001,83000,1,1000,80679,85582,90577,7913,8059,8213,73243,79162,80679,82133,82224,83668,83743,85454,85490,85530,85582,87196,87250,87294,88816,88921,88979,90497,90577,92083,97773
chip15,82001,83000,2,1000,79353,85446,89009,7652,7779,7910,73272,77839,79353,80746,80900,82218,82357,82492,83766,83887,85446,85540,85632,85696,85763,87310,87390,87470,89009,89123,95017
chip15,82001,83000,3,1000,72420,75542,78782,7708,7835,7972,69304,72350,72420,72472,73883,73955,74001,74028,74059,74127,75542,75585,75623,75657,77028,77176,77227,78646,78782,80326,84940
chip15,82001,83000,4,1000,81189,86275,91128,7750,7882,8031,75022,79657,81189,81336,82816,82930,84374,84477,86145,86206,86275,87846,87892,87931,89449,89502,89563,91042,91128,92629,96801
chip15,82001,83000,5,1000,69402,72501,75734,7460,7556,7660,67860,69361,69402,70838,70886,70927,70976,71033,72419,72455,72501,72546,72610,73994,74047,74116,74208,75612,75734,77250,83471
chip15,82001,83000,6,1000,90651,95202,100632,7512,7624,7751,79563,89100,90651,90838,92255,92314,93712,93752,95091,95158,95202,96537,96593,97871,97931,97972,99257,100552,100632,101984,109612
chip15,83001,84000,0,1000,78765,83222,86812,7696,7828,7975,75685,78577,78765,80135,80251,81556,81630,81773,83050,83117,83222,84726,84832,84917,84990,85057,86594,86716,86812,88376,93012
chip15,83001,84000,1,1000,79089,83641,88833,7888,8053,8198,73156,77624,79089,79196,80595,80681,80797,82146,82218,82341,83641,83724,85369,85454,85511,85611,87185,87248,88833,88959,96325
chip15,83001,84000,2,1000,82095,87020,90479,7674,7791,7932,74675,80665,82095,82277,83605,83766,85304,85417,85525,85600,87020,87138,87246,87317,87416,88815,88956,89178,90479,92033,97688
chip15,83001,84000,3,1000,72393,75540,80158,7715,7842,7970,69252,72314,72393,73830,73911,73945,73984,74069,75452,75502,75540,75573,76882,77074,77117,77162,78611,78701,80158,81707,89765
chip15,83001,84000,4,1000,81321,87749,93897,7757,7908,8050,75104,79855,81321,82753,84085,84298,85927,86022,86106,87687,87749,87816,89324,89416,89519,90952,91029,92499,93897,95338,107000
chip15,83001,84000,5,1000,69411,73934,80072,7468,7584,7707,66430,69354,69411,70836,70889,70951,72350,72426,72479,72576,73934,74003,74091,75471,75607,76963,77157,78548,80072,81659,88053
chip15,83001,84000,6,1000,85706,90775,96594,7498,7631,7773,76465,82544,85706,85852,87473,87613,89120,89188,90646,90722,90775,92187,92259,92330,93689,93791,95120,95258,96594,99199,109558
chip15,84001,85000,0,1000,80253,84886,88358,7784,7917,8063,75802,79997,80253,81534,81676,82970,83093,83185,84692,84771,84886,84945,86396,86504,86601,86671,86736,88229,88358,89847,93041
chip15,84001,85000,1,1000,80571,85423,90398,7954,8114,8252,74576,79100,80571,81985,82104,83544,83607,85284,85350,85385,85423,87049,87098,87133,87173,88745,88796,88836,90398,90513,96341
chip15,84001,85000,2,1000,79253,85345,88938,7649,7778,7905,74645,79024,79253,80651,81989,82162,82336,83587,83723,83820,85345,85465,85552,87052,87172,87232,87296,88796,88938,90525,97659
chip15,84001,85000,3,1000,72368,75517,80093,7733,7863,7981,70731,72296,72368,73816,73881,73922,73961,75374,75441,75488,75517,75550,76956,77037,77095,77129,78595,78651,80093,80293,88219
chip15,84001,85000,4,1000,82626,89348,93888,7781,7927,8062,72061,79625,82626,84250,85973,87563,87666,87716,87792,89306,89348,89414,90871,90927,90964,92370,92434,92483,93888,95306,99316
chip15,84001,85000,5,1000,72392,78453,83205,7512,7638,7750,67825,72218,72392,73812,74001,75373,75453,76854,76949,77018,78453,78527,78603,80023,80095,81541,81603,83069,83205,86291,91043
chip15,84001,85000,6,1000,87467,93547,99240,7531,7653,7794,74920,85735,87467,89054,89139,90634,90686,92099,92183,92234,93547,93662,93715,95069,95148,96482,96579,97906,99240,101851,110837
chip15,85001,86000,0,1000,79951,84663,88156,7811,7955,8103,75649,78528,79951,80029,80206,81479,81562,82887,82987,83100,84663,84731,84839,84898,86368,86496,86595,86657,88156,88352,91590
chip15,85001,86000,1,1000,77584,82122,87133,7917,8064,8228,73099,76134,77584,77748,79094,79153,80562,80614,80713,82077,82122,82226,83571,83642,83824,85370,85427,85516,87133,88747,92001
chip15,85001,86000,2,1000,79240,83732,88768,7666,7788,7919,74698,79039,79240,80603,80738,82021,82134,82227,83442,83605,83732,83858,85381,85471,85537,87007,87151,87250,88768,88934,92109
chip15,85001,86000,3,1000,75306,78569,83213,7796,7940,8080,70634,73843,75306,75407,75449,76879,76988,77023,78413,78528,78569,78621,80032,80103,80159,81564,81676,81747,83213,84691,89617
chip15,85001,86000,4,1000,84048,89375,95261,7856,7998,8152,73476,81098,84048,85837,85948,87580,87655,87713,89263,89320,89375,90851,90907,90955,92387,92445,92540,93885,95261,95360,100558
chip15,85001,86000,5,1000,70839,75352,80093,7515,7633,7760,66402,70724,70839,72256,72302,72388,73781,73835,73902,74021,75352,75405,75489,76902,76966,77091,78490,78640,80093,81658,86480
chip15,85001,86000,6,1000,89001,93710,100525,7549,7675,7817,76428,87357,89001,90535,90613,90684,92119,92183,93583,93644,93710,95055,95116,96452,96504,97819,97906,99211,100525,101855,110759
chip15,86001,87000,0,1000,81492,86319,89707,7851,8008,8156,77041,80185,81492,82826,82986,84547,84616,84725,84825,86240,86319,86374,86458,86558,87987,88056,88122,88265,89707,89910,94381
chip15,86001,87000,1,1000,77532,82097,87147,7954,8124,8286,71627,76082,77532,77661,79018,79091,79219,80556,80639,81981,82097,82270,83535,83668,85284,85364,85487,87067,87147,88784,93402
chip15,86001,87000,2,1000,83401,87165,91866,7724,7853,7985,75974,81945,83401,85087,85204,85321,85467,86912,86978,87085,87165,88606,88663,88729,88807,90228,90335,90437,91866,92024,97615
chip15,86001,87000,3,1000,73802,76922,80194,7822,7959,8090,70630,73710,73802,73895,75294,75339,75374,75417,76825,76874,76922,76975,77052,78455,78508,78551,79929,80046,80194,81716,88078
chip15,86001,87000,4,1000,84111,90663,95192,7919,8052,8219,76410,82516,84111,85843,87489,87563,87618,89185,89242,89284,90663,90805,90843,90869,92293,92372,92425,93823,95192,95300,100604
chip15,86001,87000,5,1000,70736,73868,78593,7521,7641,7763,67774,70690,70736,72157,72204,72250,72320,73703,73755,73804,73868,73977,75318,75384,75587,76892,76959,78442,78593,81496,87896
chip15,86001,87000,6,1000,92057,97818,104398,7606,7741,7875,87153,90500,92057,93517,94920,95001,95097,96397,96456,97765,97818,99095,99172,99228,100503,101769,101845,103117,104398,105727,114573
chip15,87001,88000,0,1000,81465,86191,88174,7897,8053,8210,78376,81251,81465,82745,82885,84437,84484,84520,84589,84713,86191,86236,86271,86380,86437,87846,87954,88052,88174,89668,94242
chip15,87001,88000,1,1000,76093,80587,85462,8000,8163,8314,71743,74727,76093,77413,77538,77659,78986,79067,79287,80474,80587,80723,81987,82101,83438,83565,85200,85292,85462,87085,91846
chip15,87001,88000,2,1000,80536,85351,90238,7721,7866,7991,75950,80302,80536,81983,83281,83442,83545,85072,85156,85266,85351,86837,86904,87018,87104,88560,88650,90093,90238,90417,94832
chip15,87001,88000,3,1000,75279,79867,84542,7855,7993,8141,70561,75144,75279,76715,76807,76877,78266,78331,78409,79788,79867,79921,80006,81359,81449,81605,82968,84318,84542,86324,92528
chip15,87001,88000,4,1000,85791,90764,95192,7938,8102,8256,73449,85578,85791,87432,87509,89060,89113,89173,90680,90723,90764,90826,92233,92282,92333,93718,93769,95085,95192,96564,101844
chip15,87001,88000,5,1000,70690,73719,76993,7559,7667,7778,69145,70625,70690,70769,72131,72170,72218,72273,72355,73663,73719,73783,73862,75178,75256,75321,75433,76823,76993,78524,86149
chip15,87001,88000,6,1000,91925,99046,105617,7651,7791,7929,82164,90354,91925,93417,93535,94903,95031,96332,97654,97737,99046,99104,100372,100449,101713,101787,103069,104345,105617,108176,114566
chip15,88001,89000,0,1000,81268,84574,87957,7918,8068,8225,76903,79886,81268,81426,82693,82757,82896,84411,84452,84495,84574,84665,86124,86188,86228,86337,86442,87875,87957,89505,92683
chip15,88001,89000,1,1000,77472,82098,87002,8036,8190,8356,73057,76117,77472,78882,78956,80349,80429,80526,81904,81979,82098,83388,83457,83557,85170,85236,85320,86920,87002,88610,94756
chip15,88001,89000,2,1000,80562,86812,90320,7772,7919,8103,75944,80277,80562,81977,83292,83467,85034,85116,85245,86726,86812,86890,86958,87076,88518,88595,88692,90159,90320,91808,96203
chip15,88001,89000,3,1000,73724,78241,82938,7844,7970,8125,70563,73595,73724,75150,75205,75301,76684,76742,76793,78165,78241,78295,78360,79749,79831,79898,81329,81451,82938,86135,93879
chip15,88001,89000,4,1000,88971,93682,97926,8015,8163,8325,77691,87283,88971,89059,90598,90646,92106,92178,92220,93632,93682,93739,95084,95118,95164,96486,96537,97838,97926,99300,105709
chip15,88001,89000,5,1000,70658,73706,78306,7569,7684,7810,67736,70604,70658,70756,72116,72148,72198,72268,73611,73663,73706,73760,73836,75195,75262,75328,76736,76874,78306,79784,86094
chip15,88001,89000,6,1000,93373,100366,106837,7634,7780,7929,83544,91833,93373,94810,96224,96290,97637,97712,99029,99081,100366,100410,101687,101771,103033,103118,104349,105614,106837,108208,119618
chip15,89001,90000,0,1000,79996,84487,87956,7941,8096,8258,76876,79775,79996,81253,81392,82683,82761,82899,84399,84441,84487,84550,84671,86115,86176,86247,86339,87841,87956,89494,92742
chip15,89001,90000,1,1000,77469,82043,86959,8087,8256,8418,73045,77356,77469,78863,78969,80317,80409,80507,81831,81921,82043,83345,83429,85073,85134,85200,86801,86889,86959,88578,94716
chip15,89001,90000,2,1000,84894,88452,93150,7828,7974,8119,77462,83139,84894,84996,86621,86685,86743,86873,88361,88407,88452,88510,88585,90008,90095,90172,91633,91728,93150,93336,100219
chip15,89001,90000,3,1000,75112,78276,82878,7882,8016,8155,70579,75026,75112,75192,76632,76675,76726,78130,78198,78226,78276,78409,79734,79801,79869,81276,81349,81438,82878,84394,92410
chip15,89001,90000,4,1000,82451,89065,93726,8004,8169,8339,74762,80842,82451,83933,85638,87238,87359,87408,88930,89015,89065,89125,90609,90658,90728,92164,92220,93655,93726,96448,100532
chip15,89001,90000,5,1000,70633,73748,78358,7600,7724,7848,67691,70560,70633,70770,72102,72142,72198,72262,73603,73671,73748,73841,75171,75224,75368,76702,76802,78218,78358,79930,90895
chip15,89001,90000,6,1000,93299,100363,107044,7646,7784,7943,79173,91775,93299,94786,96170,96248,97594,97679,99003,99086,100363,100445,101714,102960,103067,104322,105591,106832,107044,109488,120911
chip15,90001,91000,0,1000,79789,84350,87816,7920,8082,8255,76891,79722,79789,81143,81213,81315,82587,82662,82777,82857,84350,84408,84476,84565,84649,86110,86193,86319,87816,88002,92587
chip15,90001,91000,1,1000,80284,85049,90035,8099,8271,8462,74363,78799,80284,81701,81773,83156,83241,83336,84951,85005,85049,85145,86707,86766,86806,86934,88444,88503,90035,90170,94684
chip15,90001,91000,2,1000,86660,90146,94722,7765,7917,8063,78794,84990,86660,86769,88294,88415,88471,89876,90017,90084,90146,91574,91642,91682,91734,93162,93218,94478,94722,96165,100266
chip15,90001,91000,3,1000,79618,85947,90846,7891,8055,8224,73526,78108,79618,81065,81197,82614,82706,84095,84222,85880,85947,86000,87550,87648,87693,89195,89296,89357,90846,92313,96511
chip15,90001,91000,4,1000,82311,87355,92157,7939,8088,8249,76127,80761,82311,83801,85513,85569,85622,87250,87293,87321,87355,88903,88979,89003,89035,89105,90611,90667,92157,93598,97748
chip15,90001,91000,5,1000,70601,73663,78297,7591,7710,7832,67704,70539,70601,70684,72037,72082,72139,72211,73527,73593,73663,73729,75066,75130,75221,76609,76683,78129,78297,79875,87684
chip15,90001,91000,6,1000,96111,102908,109422,7653,7791,7955,86854,93327,96111,97503,97606,98938,100236,100323,101569,101656,102908,102980,103059,104296,105556,105607,106862,108112,109422,111925,119527
chip15,91001,92000,0,1000,79792,84307,86292,7933,8080,8253,76849,79681,79792,81149,81219,81352,82601,82656,82721,82808,84307,84360,84408,84480,84536,84608,86108,86222,86292,87820,91138
chip15,91001,92000,1,1000,78781,83250,88425,8055,8222,8398,72986,77334,78781,78906,80259,80342,81692,81757,81843,83186,83250,83378,84980,85024,85077,86690,86763,86817,88425,88538,96109
chip15,91001,92000,2,1000,81783,86739,90193,7792,7935,8084,74321,80323,81783,83147,83276,84856,84998,85053,85141,86652,86739,86784,86848,88337,88459,88500,88579,90112,90193,91733,96171
chip15,91001,92000,3,1000,79464,84201,90752,7961,8091,8243,74870,77962,79464,79591,81008,81114,82533,82633,82771,84118,84201,85880,85950,87538,87612,87658,89147,89270,90752,90906,97810
chip15,91001,92000,4,1000,83833,89067,93645,7968,8125,8279,76242,82176,83833,85565,87186,87257,87308,88848,88914,88973,89067,90517,90565,90620,92043,92109,92165,93592,93645,95080,103042
chip15,91001,92000,5,1000,71945,75006,78210,7635,7746,7871,69059,70548,71945,72028,72066,72126,73508,73561,73600,73667,75006,75069,75116,75176,75318,76626,76689,78090,78210,79732,87651
chip15,91001,92000,6,1000,91807,98983,106810,7692,7833,7976,83438,90211,91807,93272,94721,96121,96206,97526,97607,98907,98983,100244,100351,101641,101781,102987,104261,105518,106810,108168,117024
chip15,92001,93000,0,1000,81102,84354,87753,8003,8156,8321,76819,79715,81102,81205,82538,82585,82643,82785,84259,84307,84354,84427,84512,85974,86019,86090,86173,86305,87753,87922,92749
chip15,92001,93000,1,1000,77261,81667,86690,8135,8289,8460,74344,75836,77261,77350,78722,78777,78840,78925,80255,80316,81667,81752,81818,83183,83254,83412,84995,85058,86690,86847,91692
chip15,92001,93000,2,1000,81729,86596,90041,7829,7966,8113,77163,80320,81729,83084,83257,84808,84927,84983,85024,86470,86596,86691,86748,86789,88194,88351,88436,88501,90041,90139,94656
chip15,92001,93000,3,1000,77931,81097,85984,7931,8078,8236,73336,76446,77931,78006,79418,79503,79543,79597,81005,81069,81097,81158,82580,82639,84035,84122,84206,85907,85984,87660,93678
chip15,92001,93000,4,1000,85369,88914,93534,7983,8143,8302,77547,82204,85369,85459,87113,87168,87209,87263,88840,88881,88914,88973,90472,90511,90546,90638,92053,92096,93534,93638,101685
chip15,92001,93000,5,1000,71963,73722,78160,7596,7716,7834,69029,70526,71963,72010,72064,72123,73473,73527,73570,73633,73722,75026,75077,75136,75201,76578,76616,76713,78160,79686,87626
chip15,92001,93000,6,1000,91664,97574,103007,7720,7866,8014,82030,90081,91664,93153,93219,94653,94715,96105,96167,97510,97574,98858,98964,99017,100314,100380,101652,102928,103007,105528,114441
chip15,93001,94000,0,1000,79771,84152,87636,8058,8218,8380,76790,79635,79771,81075,81135,81208,82477,82542,82612,82685,84152,84253,84321,84385,84444,85895,86044,86107,87636,87861,96968
chip15,93001,94000,1,1000,77415,83137,88297,8178,8352,8545,72921,77221,77415,78729,80098,80212,80297,81656,81721,81859,83137,83219,84795,84905,84968,85077,86652,86725,88297,88416,93052
chip15,93001,94000,2,1000,83178,86702,91407,7842,7984,8134,78558,82895,83178,84719,84788,84943,86427,86471,86509,86621,86702,88142,88206,88278,88383,88462,89869,89970,91407,91599,97312
chip15,93001,94000,3,1000,76421,81016,87473,7938,8083,8225,73322,76297,76421,77858,77950,78014,79405,79492,79538,80927,81016,81066,82406,82579,83963,84084,85713,85850,87473,87684,92254
chip15,93001,94000,4,1000,83604,87247,92040,8023,8178,8329,77669,82109,83604,85344,85402,85468,85618,87135,87171,87215,87247,88784,88844,88887,88918,90419,90481,90553,92040,93520,97818
chip15,93001,94000,5,1000,71952,75012,79576,7635,7757,7888,69037,70530,71952,72023,73396,73471,73524,73569,74889,74969,75012,75071,75161,76492,76582,76674,78069,78167,79576,81118,87555
chip15,93001,94000,6,1000,90064,96068,101627,7721,7859,8002,80415,88445,90064,91567,91679,93138,93206,93304,94654,94723,96068,96140,97466,97548,97623,98922,98992,100289,101627,104128,110556
chip15,94001,95000,0,1000,81083,85826,89258,8097,8249,8418,76753,80970,81083,82447,82528,82637,84148,84194,84245,84355,85826,85886,85938,86033,87483,87580,87661,87823,89258,90801,95474
chip15,94001,95000,1,1000,80082,84873,89903,8221,8398,8572,75714,78659,80082,80189,81585,81673,83061,83128,83258,84820,84873,84918,85092,86579,86633,86723,88259,88332,89903,91423,95895
chip15,94001,95000,2,1000,84694,88219,92886,7832,7974,8138,75714,83030,84694,84958,86396,86473,86579,87976,88093,88145,88219,88312,89682,89787,89890,89979,91358,91481,92886,93099,98671
chip15,94001,95000,3,1000,77790,80997,87353,7951,8094,8260,73323,76349,77790,77891,78007,79394,79441,79481,80882,80949,80997,82349,82471,82533,83920,84017,85716,85796,87353,87520,92257
chip15,94001,95000,4,1000,85295,90375,94933,8066,8219,8395,77520,83586,85295,86988,87057,87133,88702,88755,88794,90264,90375,90424,90506,91939,91980,92025,93458,93510,94933,96341,101635
chip15,94001,95000,5,1000,71923,74947,78127,7640,7753,7883,67618,70541,71923,71961,73318,73405,73444,73496,73559,74908,74947,75007,75058,75156,76444,76516,76622,78012,78127,79582,85843
chip15,94001,95000,6,1000,90081,96133,102890,7716,7852,8013,77450,88473,90081,91606,93094,93161,94552,94643,94724,96068,96133,97447,97511,97566,98875,98947,100249,101592,102890,105453,113190
chip15,95001,96000,0,1000,82490,85864,89289,8142,8301,8478,78102,82336,82490,84069,84106,84149,84243,84343,85789,85835,85864,85941,86007,87429,87518,87590,87685,89097,89289,90757,94080
chip15,95001,96000,1,1000,78570,82979,86658,8246,8412,8605,74298,77160,78570,78651,79976,80110,80196,81530,81592,81659,82979,83074,83137,84785,84851,84898,84965,86563,86658,88276,93025
chip15,95001,96000,2,1000,84719,89604,92948,7864,8003,8164,78544,84476,84719,86297,86395,86521,87943,88048,88123,88236,89604,89688,89766,89828,89926,91336,91416,91494,92948,94406,97392
chip15,95001,96000,3,1000,77846,82503,89004,8011,8153,8308,71893,76429,77846,79306,79389,80812,80900,80992,82354,82421,82503,83879,83946,85596,85694,85761,87351,87431,89004,89106,96394
chip15,95001,96000,4,1000,85150,88719,93464,8050,8206,8372,77434,83367,85150,85304,86867,86929,87004,87067,88599,88662,88719,88794,90298,90351,90400,91867,91931,93382,93464,94929,99066
chip15,95001,96000,5,1000,73255,76427,82482,7650,7782,7914,69007,71872,73255,73340,73416,73529,74834,74898,75009,76351,76427,76562,77897,78010,79351,79475,80881,81030,82482,85564,89034
chip15,95001,96000,6,1000,90057,96098,102891,7757,7896,8041,83198,89851,90057,91563,93034,93099,94477,94587,94672,96040,96098,97442,97504,98833,98892,100208,100277,101577,102891,104226,114451
chip15,96001,97000,0,1000,84087,87516,90939,8164,8352,8526,80851,84014,84087,85686,85726,85782,85900,87386,87421,87447,87516,87626,89074,89118,89201,89316,90733,90786,90939,92391,99728
chip15,96001,97000,1,1000,78558,81654,86580,8263,8435,8615,74236,77156,78558,78638,80016,80085,80151,80242,81545,81597,81654,82981,83065,83123,84754,84816,84888,86482,86580,88152,91571
chip15,96001,97000,2,1000,86209,89609,92846,7873,8031,8207,78433,84536,86209,86289,86425,87925,87973,88007,88068,88158,89609,89655,89700,89799,89884,91290,91338,91444,92846,93026,97340
chip15,96001,97000,3,1000,79277,85593,89055,8055,8203,8365,74699,77788,79277,80732,80844,82219,82377,83766,83878,85527,85593,85655,85749,87288,87322,87360,88910,88982,89055,90594,93651
chip15,96001,97000,4,1000,85182,88699,93353,8078,8243,8428,78879,83458,85182,85256,86875,86962,86996,87032,88604,88661,88699,88735,90241,90309,90345,90397,91885,91937,93353,93473,98961
chip15,96001,97000,5,1000,73296,76385,80996,7687,7830,7970,68993,71862,73296,73346,73467,74804,74857,74906,76238,76340,76385,76466,77838,77894,77970,79388,79464,80881,80996,82476,88921
chip15,96001,97000,6,1000,89958,96027,101589,7783,7932,8090,81749,88336,89958,91516,91641,93067,93172,94550,94599,95956,96027,96103,97448,97503,98829,98886,100211,101500,101589,102946,110626
chip15,97001,98000,0,1000,82436,85865,93886,8129,8309,8484,78119,81101,82436,83970,84032,84083,84221,85661,85725,85793,85865,85961,87441,87540,87632,89161,89287,90875,93886,95439,102436
chip15,97001,98000,1,1000,80038,84858,89816,8266,8456,8646,74244,78620,80038,81471,81603,82929,83022,84643,84699,84748,84858,86385,86445,86498,88018,88130,88209,89727,89816,91378,95898
chip15,97001,98000,2,1000,86259,91216,95839,7951,8108,8262,79816,86176,86259,87885,87944,88123,89571,89627,89715,91142,91216,91262,91374,92765,92829,92928,94309,94438,95839,97273,104037
chip15,97001,98000,3,1000,80896,87172,90617,8038,8190,8346,74771,80662,80896,82235,83649,83794,85435,85517,85579,87056,87172,87240,87287,87359,88859,88930,89009,90508,90617,92113,99070
chip15,97001,98000,4,1000,85164,90156,93439,8071,8234,8407,77411,83434,85164,86791,86901,86943,87007,88582,88620,88664,90156,90267,90306,90356,91821,91868,91912,93349,93439,94869,98943
chip15,97001,98000,5,1000,73243,76235,80843,7698,7822,7965,69005,71844,73243,73304,73368,73426,74759,74817,74873,74924,76235,76327,76413,76489,77828,77905,78034,79422,80843,82384,87420
chip15,97001,98000,6,1000,89907,96053,102876,7803,7944,8097,77405,88189,89907,91464,92948,93057,94466,94548,95888,95982,96053,97388,97441,98760,98830,100152,100255,101557,102876,105414,115618
chip15,98001,99000,0,1000,83886,85724,90617,8176,8358,8543,79376,82271,83886,83926,83971,84078,85567,85609,85639,85666,85724,85839,87280,87335,87398,87498,88972,89086,90617,92323,101020
chip15,98001,99000,1,1000,79998,84722,89697,8330,8512,8699,74223,78571,79998,81402,81588,82857,82938,84557,84603,84643,84722,86302,86346,86384,86441,88026,88081,88172,89697,89817,94347
chip15,98001,99000,2,1000,86210,91105,97264,7973,8138,8298,81206,84644,86210,86424,87873,87992,89432,89533,89649,91041,91105,91263,92659,92732,94130,94249,95670,95783,97264,99890,105228
chip15,98001,99000,3,1000,80536,85415,90500,8057,8216,8386,76057,79061,80536,80651,82056,82127,82253,83617,83695,85313,85415,85491,87072,87170,87240,88827,88876,90422,90500,92034,96337
chip15,98001,99000,4,1000,85068,88657,93338,8091,8250,8421,77347,83290,85068,85170,86805,86861,86924,88493,88542,88584,88657,90161,90214,90249,90305,91778,91825,91883,93338,94789,98960
chip15,98001,99000,5,1000,73251,77719,82361,7716,7853,8004,70305,73192,73251,74638,74700,74760,74841,76212,76261,76349,77719,77783,77865,79236,79321,79416,80788,80921,82361,83852,87420
chip15,98001,99000,6,1000,92885,98753,104179,7814,7965,8125,84819,91337,92885,94380,94442,95858,95924,97300,97357,98672,98753,98802,100118,100166,101455,101516,102807,102892,104179,105571,113111
chip15,99001,100000,0,1000,82291,85754,92353,8215,8408,8595,79381,82179,82291,83851,83906,83949,84036,85544,85594,85656,85754,87181,87309,87436,87545,89053,90571,90802,92353,95322,102346
chip15,99001,100000,1,1000,79930,84649,89637,8341,8510,8709,75560,78510,79930,81341,81439,82800,82856,82949,84534,84592,84649,84742,86288,86337,86405,86500,88027,88108,89637,89791,95840
chip15,99001,100000,2,1000,86271,91071,94369,7994,8135,8313,81236,86075,86271,87789,87862,89384,89448,89479,89521,89682,91071,91103,91155,92615,92683,92730,92904,94225,94369,95797,101234
chip15,99001,100000,3,1000,81984,87127,91979,8095,8247,8416,76130,80514,81984,82095,83496,83604,85263,85375,85468,87063,87127,87211,88734,88797,88871,90384,90437,91921,91979,93440,98939
chip15,99001,100000,4,1000,85077,90116,93387,8101,8264,8439,77442,83328,85077,86736,86794,86851,88422,88495,88540,88604,90116,90156,90201,90292,91731,91775,91854,93294,93387,94835,101587
chip15,99001,100000,5,1000,73198,74896,80770,7715,7846,7983,70306,71792,73198,73246,73293,73362,74689,74741,74784,74838,74896,76220,76278,76349,76478,77800,77911,79313,80770,82240,88805
chip15,99001,100000,6,1000,92896,98770,105435,7860,7996,8170,86490,91325,92896,94379,95769,95864,95953,97308,97357,98714,98770,100082,100141,101420,101499,102790,102852,104147,105435,107983,115576
