chip,bin_start,bin_end,sector,n,erase_us_p10,erase_us_p50,erase_us_p90,program_us_p10,program_us_p50,program_us_p90,erase_us_q00,erase_us_q05,erase_us_q10,erase_us_q15,erase_us_q20,erase_us_q25,erase_us_q30,erase_us_q35,erase_us_q40,erase_us_q45,erase_us_q50,erase_us_q55,erase_us_q60,erase_us_q65,erase_us_q70,erase_us_q75,erase_us_q80,erase_us_q85,erase_us_q90,erase_us_q95,erase_us_q100
chip02,1,1000,0,1000,31504,34203,36860,6711,6745,6776,26491,30736,31504,32047,32496,32896,33330,33492,33665,33963,34203,34442,34790,35015,35163,35457,36041,36306,36860,37819,41325
chip02,1,1000,1,1000,29233,31495,33214,6709,6744,6774,25486,28369,29233,29494,30201,30497,30585,30765,30968,31356,31495,31610,31768,31928,32073,32245,32641,33020,33214,33699,36543
chip02,1,1000,2,1000,30677,32881,35053,6709,6742,6774,26316,29989,30677,30931,31455,31789,31973,32126,32266,32535,32881,33030,33197,33401,33618,33961,34413,34699,35053,35991,39151
chip02,1,1000,3,1000,31048,34216,36366,6709,6743,6773,24116,29451,31048,32161,32666,33158,33391,33571,33716,33926,34216,34496,34641,34888,35098,35327,35572,36080,36366,36921,39369
chip02,1,1000,4,1000,29293,31368,33110,6708,6741,6774,25552,28346,29293,29509,30143,30384,30476,30596,30702,30873,31368,31565,31727,31878,32018,32142,32435,32964,33110,33546,36331
chip02,1,1000,5,1000,29236,31128,33412,6710,6742,6774,24843,28228,29236,29380,29635,30239,30486,30583,30678,30822,31128,31512,31638,31876,32007,32241,32847,33035,33412,34467,36328
chip02,1,1000,6,1000,29466,30836,32981,6709,6742,6774,25819,29267,29466,29824,30223,30392,30503,30558,30647,30726,30836,31061,31442,31511,31582,31740,32022,32218,32981,33209,35345
chip02,1001,2000,0,1000,33153,35588,37541,6714,6740,6769,31480,32935,33153,33960,34311,34435,34550,34741,35323,35479,35588,35797,36012,36138,36309,36848,37024,37234,37541,38601,40814
chip02,1001,2000,1,1000,31498,32701,34325,6712,6738,6769,30135,31209,31498,31558,31642,31700,31764,32477,32547,32634,32701,32757,32953,33027,33201,33372,33982,34100,34325,34727,37489
chip02,1001,2000,2,1000,32836,34486,37076,6711,6737,6767,30180,32765,32836,32937,33016,33786,33867,33971,34047,34355,34486,34603,34740,35356,35508,35615,35895,36241,37076,37366,40848
chip02,1001,2000,3,1000,34138,35977,39421,6712,6738,6766,31572,33229,34138,34405,34667,34786,34911,35583,35710,35858,35977,36205,36431,36972,37255,37462,37647,38449,39421,39978,42598
chip02,1001,2000,4,1000,31589,33005,34532,6713,6738,6767,30116,31502,31589,31680,31747,32501,32577,32642,32713,32941,33005,33109,33205,33295,33964,34044,34151,34254,34532,35476,37275
chip02,1001,2000,5,1000,32742,34337,36144,6712,6738,6767,30313,31782,32742,33006,33134,33231,33342,34050,34152,34225,34337,34479,34570,34797,35042,35531,35761,35980,36144,37096,40640
chip02,1001,2000,6,1000,30365,31895,34057,6712,6738,6767,28990,30297,30365,31203,31299,31359,31575,31628,31714,31806,31895,32565,32613,32680,32756,32839,33058,33301,34057,34300,35761
chip02,2001,3000,0,1000,34039,36287,38072,6736,6766,6784,32571,33894,34039,34136,34929,35060,35209,35405,35510,35631,36287,36402,36494,36605,36751,36988,37240,37888,38072,38964,42258
chip02,2001,3000,1,1000,32408,33957,35770,6735,6764,6782,30088,31437,32408,32666,32722,32799,32907,33648,33705,33781,33957,34093,34165,34262,34992,35117,35237,35474,35770,36714,40252
chip02,2001,3000,2,1000,33615,35121,37279,6735,6763,6782,31312,32736,33615,33748,33905,34008,34110,34235,34903,35025,35121,35300,35404,35523,36258,36352,36477,36667,37279,37932,39945
chip02,2001,3000,3,1000,36540,38846,41082,6735,6764,6781,32698,35665,36540,36721,37058,37185,37305,38039,38166,38314,38846,39045,39174,39381,39829,40021,40175,40597,41082,41830,43838
chip02,2001,3000,4,1000,32411,34029,35791,6735,6764,6782,31089,31483,32411,32681,32790,32864,33599,33693,33772,33841,34029,34086,34170,34351,35026,35096,35220,35494,35791,36587,39922
chip02,2001,3000,5,1000,34267,36560,38339,6735,6764,6783,32596,34079,34267,34429,35204,35371,35566,35650,35772,35896,36560,36637,36755,36895,37107,37291,38044,38196,38339,39236,43429
chip02,2001,3000,6,1000,32334,33829,35502,6735,6763,6781,30126,31478,32334,32491,32675,32757,32853,32974,33661,33742,33829,33915,34135,34207,34357,35103,35163,35270,35502,36601,39248
chip02,3001,4000,0,1000,35230,37612,40136,6714,6748,6777,33773,35122,35230,36144,36213,36481,36603,36644,37393,37537,37612,38107,38292,38426,38519,39233,39360,39485,40136,41075,44408
chip02,3001,4000,1,1000,33768,35202,36750,6712,6738,6769,32468,33484,33768,33824,33886,33944,34755,34823,34866,34914,35202,35250,35330,35395,36166,36224,36281,36371,36750,37677,39697
chip02,3001,4000,2,1000,35064,36616,39320,6713,6739,6769,33618,34990,35064,35170,35980,36031,36121,36362,36471,36518,36616,37391,37455,37504,37590,38188,38355,38525,39320,39413,41302
chip02,3001,4000,3,1000,36707,39351,41308,6713,6741,6776,35106,36591,36707,37590,38367,38439,38478,38514,38550,38590,39351,39411,39462,39504,39543,40176,40348,40437,41308,41398,44549
chip02,3001,4000,4,1000,33800,35241,37562,6712,6740,6772,32445,33472,33800,33850,33910,34745,34807,34855,34891,35157,35241,35304,35374,36147,36235,36324,36370,36649,37562,37834,41273
chip02,3001,4000,5,1000,35379,37724,39713,6716,6746,6778,33714,35228,35379,36218,36367,36658,36733,36851,37556,37656,37724,37841,38472,38608,38706,38798,39518,39616,39713,40469,43039
chip02,3001,4000,6,1000,32569,34040,36304,6713,6746,6779,31204,32523,32569,33458,33527,33556,33841,33904,33953,33983,34040,34853,34905,34938,34977,35036,35348,35445,36304,36429,40596
chip02,4001,5000,0,1000,36225,38863,40803,6751,6775,6793,34606,36155,36225,36348,37203,37294,37873,37946,37993,38101,38863,38918,38963,39019,39116,39744,39895,40710,40803,40935,44128
chip02,4001,5000,1,1000,34880,37271,39244,6736,6764,6783,32277,34559,34880,34978,35168,35958,36220,36298,36377,37195,37271,37338,37542,38091,38184,38342,39077,39160,39244,40039,42692
chip02,4001,5000,2,1000,36317,38755,40637,6735,6763,6780,33599,36142,36317,37182,37316,37814,37896,37973,38032,38126,38755,38829,38925,39021,39134,39595,39768,39969,40637,40910,44039
chip02,4001,5000,3,1000,37975,39798,41716,6752,6773,6793,34942,37306,37975,38120,38209,38323,38963,39083,39163,39292,39798,39908,40020,40141,40758,40869,40970,41109,41716,42640,45706
chip02,4001,5000,4,1000,33701,35930,37487,6738,6767,6787,32309,33641,33701,34599,34678,34886,34965,35043,35082,35136,35930,35997,36036,36100,36324,36433,36581,37351,37487,38210,40869
chip02,4001,5000,5,1000,38100,39855,41903,6750,6778,6807,33693,37341,38100,38198,38277,38351,39066,39175,39255,39346,39855,39988,40105,40180,40843,40968,41114,41307,41903,42710,44975
chip02,4001,5000,6,1000,33773,35999,37642,6753,6777,6797,32378,33715,33773,34629,34741,34816,35007,35078,35139,35243,35999,36081,36139,36224,36454,36583,37402,37479,37642,39213,41136
chip02,5001,6000,0,1000,37645,39242,40583,6759,6786,6808,35967,37558,37645,37704,37762,37830,38583,38653,38713,38764,39242,39332,39402,39491,40219,40322,40386,40477,40583,41245,43885
chip02,5001,6000,1,1000,34857,37013,38865,6751,6778,6796,32278,34753,34857,35693,35800,35891,36072,36113,36159,36252,37013,37077,37133,37208,37788,37888,38009,38798,38865,38982,42366
chip02,5001,6000,2,1000,37571,38782,40973,6745,6775,6793,34725,36999,37571,37655,37731,37783,38513,38592,38655,38728,38782,39289,39355,39482,39606,40295,40368,40473,40973,41932,43950
chip02,5001,6000,3,1000,38729,40589,42499,6766,6789,6815,36209,37888,38729,38892,38999,39485,39630,39691,40379,40476,40589,40671,41136,41238,41320,42087,42193,42259,42499,43796,45941
chip02,5001,6000,4,1000,34846,37170,39046,6752,6780,6801,33424,34769,34846,35771,35866,36100,36167,36228,37066,37124,37170,37221,37833,37926,37988,38797,38863,38926,39046,39850,42469
chip02,5001,6000,5,1000,37973,40618,43105,6763,6791,6816,34877,37861,37973,38066,38908,38988,39074,39587,39721,39853,40618,40738,40882,41280,41433,42234,42357,42906,43105,43965,46954
chip02,5001,6000,6,1000,34860,36324,38948,6763,6791,6817,33481,34611,34860,34942,34999,35834,35913,35973,36188,36245,36324,37084,37178,37241,37297,37378,37968,38179,38948,39111,41003
chip02,6001,7000,0,1000,37430,39211,40972,6783,6806,6826,35787,37382,37430,37547,38368,38431,38539,39055,39100,39164,39211,39273,40044,40098,40143,40199,40264,40831,40972,41850,45039
chip02,6001,7000,1,1000,35920,37655,39451,6773,6796,6818,34331,35667,35920,35977,36102,36900,36969,37491,37562,37609,37655,37694,38490,38558,38601,38641,38692,39295,39451,40375,42166
chip02,6001,7000,2,1000,38389,40615,43849,6759,6786,6804,35556,37452,38389,38490,39030,39133,39241,40022,40098,40184,40615,40757,40918,41655,41779,42232,42459,43280,43849,44899,49141
chip02,6001,7000,3,1000,39266,41956,44222,6783,6809,6835,37382,39165,39266,40157,40335,40903,40961,41070,41835,41900,41956,42057,42564,42638,42718,43512,43599,43678,44222,45195,47169
chip02,6001,7000,4,1000,35900,37652,40192,6781,6805,6826,33351,35614,35900,35983,36035,36123,36943,37021,37500,37571,37652,37711,38472,38539,38627,38683,38765,39321,40192,40399,42703
chip02,6001,7000,5,1000,40178,42144,45073,6782,6811,6839,35882,39339,40178,40387,40931,41046,41105,41856,41977,42063,42144,42573,42735,42826,43545,43630,43761,44220,45073,45331,48534
chip02,6001,7000,6,1000,35984,37757,39560,6789,6813,6835,34378,35771,35984,36054,36119,36968,37042,37114,37634,37701,37757,37810,37903,38635,38695,38758,38809,39385,39560,40452,42301
chip02,7001,8000,0,1000,38345,40279,42060,6789,6813,6834,35767,37341,38345,38802,38896,38942,39681,39777,39867,39926,40279,40438,40488,40581,41331,41430,41489,41579,42060,43067,44829
chip02,7001,8000,1,1000,35883,38297,40046,6774,6801,6824,33343,35590,35883,36769,36883,37324,37371,37399,37455,37594,38297,38351,38384,38463,38911,39023,39101,39910,40046,40191,42545
chip02,7001,8000,2,1000,40497,43610,46354,6762,6795,6822,37257,39850,40497,41379,41543,42009,42129,42920,43078,43307,43610,43722,44476,44613,44718,45038,45221,46106,46354,47517,51583
chip02,7001,8000,3,1000,38996,40780,43286,6792,6820,6847,37248,38911,38996,39125,39862,39966,40090,40578,40643,40711,40780,40878,41592,41643,41718,41821,42327,42418,43286,43446,46324
chip02,7001,8000,4,1000,36798,38354,40118,6784,6810,6835,34511,35864,36798,37267,37324,37385,37436,37498,38260,38312,38354,38406,38461,38974,39050,39154,39946,40036,40118,40266,44156
chip02,7001,8000,5,1000,39950,42327,45003,6804,6835,6862,37375,39030,39950,40610,40661,40751,41575,41640,41749,42277,42327,42411,42500,43284,43347,43460,43978,44181,45003,45534,48039
chip02,7001,8000,6,1000,35886,37566,39274,6802,6828,6856,34533,35812,35886,35926,36784,36872,36909,37397,37459,37523,37566,37611,38393,38440,38488,38529,38574,38637,39274,40184,43393
chip02,8001,9000,0,1000,38121,39635,41344,6803,6830,6858,36999,37991,38121,38585,38622,38660,38703,39508,39569,39600,39635,39677,40144,40236,40289,40384,41184,41262,41344,42054,45090
chip02,8001,9000,1,1000,37222,38901,41389,6802,6828,6857,34417,37163,37222,37266,38127,38199,38245,38617,38722,38841,38901,39672,39763,39852,40306,40375,40562,41336,41389,42068,45160
chip02,8001,9000,2,1000,40066,42759,46423,6785,6814,6839,38387,39525,40066,40142,41013,41092,41687,41742,41880,42709,42759,43321,43382,44289,44364,44875,44958,45911,46423,47398,50223
chip02,8001,9000,3,1000,38743,40355,42091,6811,6844,6877,37107,38228,38743,38799,38854,38944,39711,39751,39807,39871,40355,40427,40493,40565,41324,41421,41484,41555,42091,43033,45095
chip02,8001,9000,4,1000,37233,39703,42054,6795,6819,6843,35607,37134,37233,38127,38231,38670,38741,38811,38906,39648,39703,39780,39894,40371,40462,41278,41381,41478,42054,43059,47568
chip02,8001,9000,5,1000,38857,41361,43107,6826,6857,6897,37101,38809,38857,39733,39812,39881,40399,40465,40529,40566,41361,41430,41482,41532,42004,42100,42238,43023,43107,43608,46722
chip02,8001,9000,6,1000,35764,37390,39888,6823,6852,6887,34440,35722,35764,36667,36735,36767,37243,37295,37329,37361,37390,38206,38260,38300,38333,38363,38898,39004,39888,40024,41762
chip02,9001,10000,0,1000,37919,39445,41086,6821,6852,6886,35480,36978,37919,38395,38440,38466,38500,38527,38575,39403,39445,39472,39502,39956,40041,40108,40933,41020,41086,41179,44241
chip02,9001,10000,1,1000,37902,39490,41183,6806,6837,6867,35531,36984,37902,38000,38483,38544,38586,38624,38663,38711,39490,39539,39578,39606,39652,40109,40241,40374,41183,41281,43540
chip02,9001,10000,2,1000,39869,41528,44046,6794,6828,6855,38261,39392,39869,39964,40016,40736,40884,40972,41034,41435,41528,41610,41699,42436,42498,42597,42708,43137,44046,44259,47157
chip02,9001,10000,3,1000,38609,41169,43387,6830,6864,6899,37032,38545,38609,39513,39561,40126,40187,40233,40276,41117,41169,41207,41260,41790,41876,41947,42795,42857,43387,44423,47469
chip02,9001,10000,4,1000,38459,40138,41978,6810,6840,6875,35608,37931,38459,38521,38599,38665,39464,39529,39610,40083,40138,40198,40264,41042,41110,41175,41279,41789,41978,42840,45981
chip02,9001,10000,5,1000,38665,41203,42979,6847,6886,6919,36977,38606,38665,39556,39647,40173,40237,40283,40331,41146,41203,41257,41293,41816,41894,41967,42819,42901,42979,44408,47571
chip02,9001,10000,6,1000,37095,38170,39822,6838,6874,6924,34399,36633,37095,37131,37156,37181,37240,38068,38102,38137,38170,38644,38713,38760,38829,39651,39714,39769,39822,40457,43112
chip02,10001,11000,0,1000,38283,39854,42290,6818,6851,6884,36756,38225,38283,38331,39186,39238,39296,39650,39743,39785,39854,39900,40694,40759,40810,40869,40929,41382,42290,42433,45375
chip02,10001,11000,1,1000,36951,39309,40937,6790,6823,6862,35476,36872,36951,37842,37909,38338,38368,38398,38426,38472,39309,39350,39378,39405,39445,39490,39983,40054,40937,41003,42676
chip02,10001,11000,2,1000,39670,41297,43001,6781,6812,6844,38093,39568,39670,39729,39791,40624,40677,40728,41176,41249,41297,41346,41408,42203,42264,42314,42363,42837,43001,43916,46900
chip02,10001,11000,3,1000,38515,40924,42627,6805,6845,6884,36878,38423,38515,39396,39844,39928,39967,40021,40064,40864,40924,40970,41012,41056,41522,41618,42434,42524,42627,43199,46162
chip02,10001,11000,4,1000,38387,40013,42523,6821,6859,6896,36745,38287,38387,38459,39278,39352,39403,39854,39900,39940,40013,40801,40876,40941,41006,41450,41547,41675,42523,42668,45662
chip02,10001,11000,5,1000,39874,41552,44153,6837,6875,6914,36850,38517,39874,39989,40055,40855,40949,41008,41074,41489,41552,41648,42438,42522,42617,42686,43132,44044,44153,44697,47599
chip02,10001,11000,6,1000,37851,39462,41134,6853,6893,6932,36471,36959,37851,37943,38419,38479,38514,38545,38596,39424,39462,39486,39511,39537,39594,40117,40190,41059,41134,41209,44411
chip02,11001,12000,0,1000,39640,42054,43722,6840,6878,6920,38061,39570,39640,40497,40610,41060,41125,41155,41192,41244,42054,42111,42142,42185,42249,42707,42769,43623,43722,43867,46801
chip02,11001,12000,1,1000,38229,39761,41392,6813,6846,6887,36752,38163,38229,38283,38332,39162,39204,39247,39299,39704,39761,39792,39842,39915,40726,40770,40821,40908,41392,42345,43980
chip02,11001,12000,2,1000,41101,43748,47021,6804,6836,6870,38084,40551,41101,41203,42098,42223,42611,42717,43525,43639,43748,44094,44238,45064,45160,45565,45661,46580,47021,48077,52214
chip02,11001,12000,3,1000,41326,43054,45492,6854,6897,6944,38311,40818,41326,41434,42241,42347,42460,42860,42897,42940,43054,43846,43893,43955,44383,44456,45358,45419,45492,46037,49801
chip02,11001,12000,4,1000,39793,42315,44451,6849,6883,6927,38171,39719,39793,40691,40782,41266,41314,41379,42191,42268,42315,42380,42831,42904,42976,43828,43897,43977,44451,45459,48413
chip02,11001,12000,5,1000,40705,42419,44529,6866,6913,6960,38210,39796,40705,40868,41330,41380,41437,42263,42326,42377,42419,42820,42932,42989,43061,43898,43955,44023,44529,45487,48415
chip02,11001,12000,6,1000,38354,39983,42525,6866,6904,6950,36805,38314,38354,38400,39294,39335,39823,39894,39922,39953,39983,40835,40894,40929,40958,41463,41556,41639,42525,42591,45604
chip02,12001,13000,0,1000,40440,42006,44098,6852,6893,6935,37971,39526,40440,40919,40959,41005,41066,41868,41934,41963,42006,42071,42482,42547,42605,43458,43523,43589,44098,45064,46724
chip02,12001,13000,1,1000,39536,41092,42796,6845,6884,6927,37697,39020,39536,39593,39648,39698,40511,40572,40632,40706,41092,41150,41199,41251,42056,42143,42209,42268,42796,43749,46874
chip02,12001,13000,2,1000,41879,43894,46435,6836,6875,6922,39340,40937,41879,42310,42410,42468,42526,43362,43421,43472,43894,43980,44032,44834,44935,44984,45049,45523,46435,46540,49829
chip02,12001,13000,3,1000,41198,43770,46784,6895,6937,6984,39541,41132,41198,42127,42634,42687,42724,42832,43673,43715,43770,44226,44286,45107,45231,45292,45726,46588,46784,48169,51101
chip02,12001,13000,4,1000,39621,41272,43789,6896,6942,6989,38065,39572,39621,39656,40573,40614,41104,41169,41197,41231,41272,42131,42166,42196,42227,42736,42823,43700,43789,44353,48325
chip02,12001,13000,5,1000,41181,42830,45382,6918,6962,7012,39128,41113,41181,41219,42089,42155,42203,42688,42758,42786,42830,43677,43738,43777,43819,44301,44391,45302,45382,46820,52674
chip02,12001,13000,6,1000,39314,40852,42894,6881,6933,6990,36735,39126,39314,39708,39771,39830,40591,40690,40747,40794,40852,41246,41316,41424,42205,42276,42352,42428,42894,43843,45510
chip02,13001,14000,0,1000,40700,42308,44841,6886,6924,6969,38911,40241,40700,40778,40854,40929,41722,41803,41889,42253,42308,42355,42462,43258,43301,43366,43485,43899,44841,45324,49170
chip02,13001,14000,1,1000,39419,40971,42639,6868,6909,6958,37933,38979,39419,39469,39503,39585,40429,40469,40518,40891,40971,41022,41071,41852,41933,41971,42018,42078,42639,43594,46592
chip02,13001,14000,2,1000,42168,43769,46249,6873,6913,6954,39265,41744,42168,42240,42311,43121,43217,43305,43625,43728,43769,43854,44654,44717,44777,44872,45270,45422,46249,46731,49240
chip02,13001,14000,3,1000,42458,44090,46605,6932,6982,7040,39568,41927,42458,42536,42583,43414,43492,43539,43600,44028,44090,44135,44965,45045,45087,45157,45610,46478,46605,47913,50763
chip02,13001,14000,4,1000,40996,43500,45667,6956,7004,7064,38037,40526,40996,41099,41964,42088,42462,42528,42642,43412,43500,43584,43972,44055,44177,44983,45061,45309,45667,46584,49491
chip02,13001,14000,5,1000,41036,43465,45216,6944,6993,7045,39360,40980,41036,41116,41971,42046,42489,42567,42628,42680,43465,43549,43598,43659,44042,44133,44313,45095,45216,45775,49537
chip02,13001,14000,6,1000,39690,42074,43768,6939,6993,7049,38054,39574,39690,40550,40985,41076,41136,41178,41219,42013,42074,42129,42175,42606,42674,42752,43580,43673,43768,44280,48113
chip02,14001,15000,0,1000,40708,43133,44834,6915,6971,7024,39189,40651,40708,41614,41679,42117,42162,42192,42292,43086,43133,43178,43247,43632,43707,43810,44624,44677,44834,45317,48088
chip02,14001,15000,1,1000,39338,40899,43351,6894,6940,6993,37875,39285,39338,40216,40302,40371,40767,40803,40835,40864,40899,41713,41777,41808,41839,41899,42356,42452,43351,43460,46501
chip02,14001,15000,2,1000,42044,43646,46084,6890,6936,6987,39153,41595,42044,42116,42172,42988,43066,43144,43527,43588,43646,43688,44475,44538,44604,44654,45021,45197,46084,46203,49035
chip02,14001,15000,3,1000,43359,45369,48212,6973,7035,7102,40831,42412,43359,43805,43866,43931,44762,44850,44925,45278,45369,45436,46261,46339,46458,46778,47663,47827,48212,49256,53562
chip02,14001,15000,4,1000,40832,43292,45029,7002,7070,7143,37927,40768,40832,40900,41780,41849,42288,42336,42377,42458,43292,43334,43367,43435,43881,43958,44820,44882,45029,46355,48387
chip02,14001,15000,5,1000,40885,43284,45001,7002,7063,7134,39285,40808,40885,41754,41846,42246,42354,42393,42424,42463,43284,43356,43411,43450,43880,43966,44802,44923,45001,45528,47932
chip02,14001,15000,6,1000,40917,42488,44932,6988,7050,7119,39312,40465,40917,40972,41009,41826,41910,41953,42010,42415,42488,42536,42602,43383,43480,43546,43899,44036,44932,45098,47976
chip02,15001,16000,0,1000,42003,44351,46002,6975,7028,7082,40101,41883,42003,42834,42957,43054,43369,43418,43474,43551,44351,44423,44477,44549,44898,44988,45807,45910,46002,47282,50283
chip02,15001,16000,1,1000,40140,41708,43658,6915,6963,7015,37812,39224,40140,40245,40615,40688,40737,40804,41576,41657,41708,41809,42144,42245,42377,43087,43184,43261,43658,44619,46197
chip02,15001,16000,2,1000,41995,44364,46299,6928,6969,7017,39069,41827,41995,42787,42947,43032,43365,43411,43475,43592,44364,44417,44486,44553,44899,44978,45845,45926,46299,47304,48904
chip02,15001,16000,3,1000,43637,46116,48977,7026,7087,7160,40705,43176,43637,43710,44588,44670,44768,45112,45202,45302,46116,46191,46519,46608,47442,47566,47700,48019,48977,49414,52161
chip02,15001,16000,4,1000,41615,43276,46145,7051,7110,7167,39167,40696,41615,41728,42125,42190,42240,42344,43139,43194,43276,43640,43722,43810,44652,44724,44824,45239,46145,46617,51757
chip02,15001,16000,5,1000,41555,43246,44895,7045,7097,7158,39207,40712,41555,41699,42118,42200,42263,42317,43118,43183,43246,43294,43651,43757,43818,44588,44708,44765,44895,46164,49150
chip02,15001,16000,6,1000,40753,42351,44752,7043,7099,7159,39240,40692,40753,40797,40843,41702,41757,41807,42221,42297,42351,42398,43199,43275,43322,43362,43407,43885,44752,44892,46895
chip02,16001,17000,0,1000,41860,44261,45855,6982,7031,7079,40373,41791,41860,42737,42821,42961,43267,43320,43375,44188,44261,44303,44344,44401,44772,44835,45683,45786,45855,46363,48775
chip02,16001,17000,1,1000,40514,42148,44522,6947,7001,7059,38716,40099,40514,40564,41408,41502,41546,41894,42000,42057,42148,42945,42994,43058,43379,43492,43612,44439,44522,44928,47585
chip02,16001,17000,2,1000,43237,45747,48632,6955,7012,7069,40282,42842,43237,43371,44214,44292,44705,44769,44896,45684,45747,45800,46193,46271,47128,47215,47318,47704,48632,49974,54024
chip02,16001,17000,3,1000,44962,47770,51522,7083,7155,7233,40628,44480,44962,45015,45959,46312,46447,46530,47410,47466,47770,47912,48722,48882,48970,49302,50161,50362,51522,51968,56796
chip02,16001,17000,4,1000,42017,44509,46639,7080,7157,7229,40394,41915,42017,42121,42994,43064,43486,43559,43630,44444,44509,44579,44962,45072,45861,45972,46078,46445,46639,47573,50715
chip02,16001,17000,5,1000,41958,44418,46455,7085,7150,7221,39118,41518,41958,42049,42189,43008,43155,43476,43551,43651,44418,44490,44560,44645,44982,45097,45948,46049,46455,47476,50331
chip02,16001,17000,6,1000,40683,43067,44713,7083,7140,7195,39119,40628,40683,41547,41635,41728,42113,42163,42209,42273,43067,43113,43166,43207,43579,43688,43795,44624,44713,45109,47998
chip02,17001,18000,0,1000,42681,44531,47390,7007,7061,7117,38946,41756,42681,42750,43129,43204,43280,44121,44190,44273,44531,44614,44718,45499,45649,45959,46092,46960,47390,48424,51213
chip02,17001,18000,1,1000,40467,42837,44896,6976,7031,7097,37715,40356,40467,41341,41416,41728,41819,41880,41982,42784,42837,42916,43192,43307,43397,44242,44337,44669,44896,45828,48626
chip02,17001,18000,2,1000,44541,47341,50212,7000,7049,7108,41611,44054,44541,44694,45538,45888,46000,46067,46907,47015,47341,47475,48313,48405,48468,48803,48930,49844,50212,51281,56393
chip02,17001,18000,3,1000,43411,46247,48987,7122,7191,7264,41750,43332,43411,44333,44714,44810,44857,45715,45803,45879,46247,46326,47163,47252,47308,47658,47804,48693,48987,50090,54071
chip02,17001,18000,4,1000,41861,43463,45871,7158,7222,7294,40014,41779,41861,41927,42783,42849,42898,43296,43352,43405,43463,44283,44337,44389,44437,44831,44917,45788,45871,46308,48874
chip02,17001,18000,5,1000,41941,44313,46394,7125,7190,7259,40360,41813,41941,42797,42918,43231,43331,43405,43471,44194,44313,44387,44456,44754,44887,45019,45817,45910,46394,47342,50184
chip02,17001,18000,6,1000,40553,43016,45170,7110,7168,7235,39068,40500,40553,41436,41546,41923,41996,42054,42107,42933,43016,43068,43412,43483,43611,44413,44478,44876,45170,45973,48818
chip02,18001,19000,0,1000,42992,45369,47237,7032,7092,7151,41470,42914,42992,43892,43952,44345,44391,44431,44484,45327,45369,45412,45453,45782,45881,45948,46828,46885,47237,48297,52451
chip02,18001,19000,1,1000,41740,44134,46956,6996,7052,7122,39893,41645,41740,42629,43019,43084,43136,43206,44023,44081,44134,44435,44578,44650,45470,45583,45646,46026,46956,47162,51226
chip02,18001,19000,2,1000,43929,45817,48272,7011,7063,7124,41446,42996,43929,44331,44365,44429,45299,45350,45397,45766,45817,45864,46682,46777,46816,46856,47246,47355,48272,48745,52490
chip02,18001,19000,3,1000,44569,46929,49000,7142,7211,7284,41652,44071,44569,44631,44690,45579,45624,45990,46065,46106,46929,47040,47083,47122,47502,47578,48471,48551,49000,49979,52634
chip02,18001,19000,4,1000,42589,44314,46287,7181,7251,7323,38921,41706,42589,42780,43114,43168,43248,44047,44122,44193,44314,44589,44648,44753,45568,45621,45704,46086,46287,47128,50022
chip02,18001,19000,5,1000,41888,44212,45848,7128,7192,7270,40273,41769,41888,42782,43160,43225,43254,43300,44048,44169,44212,44254,44311,44681,44743,44841,45674,45722,45848,46282,48979
chip02,18001,19000,6,1000,41815,43333,45769,7143,7205,7274,38939,41443,41815,41861,41909,42763,42806,42865,43222,43298,43333,43371,43479,44278,44320,44374,44788,44872,45769,45845,48703
chip02,19001,20000,0,1000,43760,45275,47146,7073,7134,7193,41422,42833,43760,43837,44181,44238,44281,44344,45162,45210,45275,45385,45657,45709,45789,46632,46695,46791,47146,48088,50954
chip02,19001,20000,1,1000,41561,43930,45519,7012,7077,7144,40065,41495,41561,41655,42515,42581,42920,42980,43040,43092,43930,43972,44017,44090,44431,44506,45354,45439,45519,45955,49714
chip02,19001,20000,2,1000,44258,46624,48543,7048,7109,7175,42697,44181,44258,45138,45247,45575,45654,45713,45760,46578,46624,46683,46757,47059,47163,47997,48076,48179,48543,49494,53515
chip02,19001,20000,3,1000,43936,45479,47344,7224,7297,7376,41530,43032,43936,44067,44428,44471,44509,44547,45395,45435,45479,45523,45884,45942,46013,46866,46907,46960,47344,48348,52556
chip02,19001,20000,4,1000,42957,44557,46966,7239,7314,7389,40191,42539,42957,43012,43094,43943,44004,44130,44447,44497,44557,45365,45427,45474,45544,45908,45979,46871,46966,47389,51228
chip02,19001,20000,5,1000,43020,44581,46975,7192,7270,7349,41200,42590,43020,43108,43177,44028,44081,44135,44463,44536,44581,44640,45470,45511,45552,45609,45970,46125,46975,47117,49887
chip02,19001,20000,6,1000,41765,44115,45732,7180,7258,7337,40153,41659,41765,42629,42721,43085,43137,43179,43231,44068,44115,44159,44213,44587,44650,44740,45581,45636,45732,47015,49915
chip02,20001,21000,0,1000,43717,45589,48054,7067,7130,7195,41016,42771,43717,44089,44154,44227,45073,45138,45210,45528,45589,45642,46482,46576,46634,46952,47030,47947,48054,48431,51254
chip02,20001,21000,1,1000,42431,44367,47275,7073,7150,7220,40047,41497,42431,42833,42880,42948,43799,43850,43940,44271,44367,45117,45267,45352,45659,45810,46649,46810,47275,48267,52245
chip02,20001,21000,2,1000,44136,46557,49368,7117,7182,7264,41278,44049,44136,45063,45439,45521,45555,45604,46485,46515,46557,46938,46977,47028,47910,47955,48307,48409,49368,49839,53477
chip02,20001,21000,3,1000,43887,45372,47194,7270,7355,7429,41535,42964,43887,43995,44342,44386,44411,44446,45297,45343,45372,45413,45758,45817,45861,46737,46791,46828,47194,47341,50081
chip02,20001,21000,4,1000,41535,43921,45847,7274,7366,7453,40097,41475,41535,42475,42521,42900,42942,42971,43017,43873,43921,43945,44275,44389,44426,45305,45376,45423,45847,46781,49723
chip02,20001,21000,5,1000,43003,45335,46917,7229,7314,7395,41432,42927,43003,43880,43989,44302,44376,44419,44446,44491,45335,45390,45426,45459,45844,45884,46751,46854,46917,48228,51108
chip02,20001,21000,6,1000,41607,43994,45903,7250,7338,7420,40123,41563,41607,41700,42577,42646,43017,43050,43079,43144,43994,44033,44064,44151,44521,44571,45470,45525,45903,46885,48445
chip02,21001,22000,0,1000,44099,46468,49113,7145,7211,7291,42274,43976,44099,44957,45098,45398,45454,45499,46379,46424,46468,46772,46857,46934,47786,47838,47893,48212,49113,49286,54506
chip02,21001,22000,1,1000,44190,46944,49826,7135,7208,7290,41303,44024,44190,45118,45451,45537,46373,46471,46557,46869,46944,47101,47885,47971,48291,48414,49305,49411,49826,50811,54730
chip02,21001,22000,2,1000,45367,48200,52279,7186,7266,7352,42532,44951,45367,46260,46383,46749,46827,46954,47789,47875,48200,48286,49182,49244,49602,50574,50668,51881,52279,53661,61242
chip02,21001,22000,3,1000,45187,47038,49486,7364,7454,7547,42756,44267,45187,45299,45609,45695,45767,46607,46679,46780,47038,47106,47941,48002,48061,48355,48481,49393,49486,50771,53566
chip02,21001,22000,4,1000,42825,45187,47080,7393,7476,7555,41025,42712,42825,42891,43782,43854,44193,44237,44300,44430,45187,45230,45283,45641,45696,45764,46645,46703,47080,48081,50921
chip02,21001,22000,5,1000,43744,45681,48536,7321,7403,7482,41402,42837,43744,43891,44191,44297,45128,45241,45311,45575,45681,45757,46596,46702,46975,47148,48016,48126,48536,49533,52570
chip02,21001,22000,6,1000,42842,44344,46759,7329,7402,7484,41119,42418,42842,42904,42951,43006,43848,43894,43948,44199,44344,44396,44445,45292,45342,45390,45482,45832,46759,46874,49987
chip02,22001,23000,0,1000,46221,48105,50868,7165,7232,7304,42471,45282,46221,46515,46677,46769,47574,47697,47899,48032,48105,48226,49017,49118,49355,49472,50327,50493,50868,51856,55659
chip02,22001,23000,1,1000,43616,45461,47928,7168,7240,7314,41190,42647,43616,43976,44027,44108,44963,45003,45058,45375,45461,45517,46365,46435,46485,46588,46905,47741,47928,48394,52324
chip02,22001,23000,2,1000,46202,49018,51844,7242,7318,7398,43545,45276,46202,46586,46689,46767,47651,47965,48055,48168,49018,49099,49403,49469,50347,50440,50791,51748,51844,53126,59842
chip02,22001,23000,3,1000,46849,49181,51125,7463,7545,7628,44042,46534,46849,46936,47759,47864,48005,48249,48309,48375,49181,49233,49316,49601,49682,49780,50642,50748,51125,52079,54848
chip02,22001,23000,4,1000,44207,46910,49454,7419,7503,7591,41329,44060,44207,45124,45437,45532,45612,46443,46526,46614,46910,47005,47797,47898,48005,48286,48390,49282,49454,50743,54694
chip02,22001,23000,5,1000,44258,46563,48324,7360,7437,7521,42663,44129,44258,45113,45218,45505,45573,45625,45691,46513,46563,46607,46708,46960,47025,47100,47949,48009,48324,49314,52080
chip02,22001,23000,6,1000,42821,44368,46703,7340,7422,7504,41319,42696,42821,42879,43743,43793,43854,44168,44221,44285,44368,45163,45208,45244,45292,45631,45724,46622,46703,47209,50851
chip02,23001,24000,0,1000,45182,47550,50298,7201,7284,7359,42402,44865,45182,45272,46151,46253,46552,46605,46643,47406,47550,47613,47692,47984,48060,48944,49008,49238,50298,50760,54756
chip02,23001,24000,1,1000,43526,45331,47739,7174,7245,7322,41134,42568,43526,43889,43962,44024,44849,44922,44962,45236,45331,45407,45457,46285,46354,46418,46716,46855,47739,47868,51825
chip02,23001,24000,2,1000,46484,48863,51698,7263,7336,7412,43357,45223,46484,46568,46639,47509,47557,47859,47944,47999,48863,48926,48975,49303,49378,50266,50342,50707,51698,52151,57014
chip02,23001,24000,3,1000,46357,48173,50544,7483,7565,7647,43830,45373,46357,46694,46763,46804,47597,47726,47783,48121,48173,48212,48242,49101,49152,49188,49413,49633,50544,50971,54687
chip02,23001,24000,4,1000,45385,48139,50962,7480,7562,7650,42482,45271,45385,46331,46675,46744,46823,47673,47740,47839,48139,48227,49086,49165,49251,49599,50439,50585,50962,52033,57156
chip02,23001,24000,5,1000,44170,46492,48373,7386,7467,7553,42573,44012,44170,45035,45312,45444,45499,45583,46400,46445,46492,46541,46841,46905,47027,47828,47879,47966,48373,49311,52020
chip02,23001,24000,6,1000,43634,45135,47003,7364,7455,7542,41272,42712,43634,43714,44055,44098,44145,44968,45043,45082,45135,45457,45529,45580,46408,46491,46538,46604,47003,47970,50785
chip02,24001,25000,0,1000,45931,47706,50188,7265,7340,7421,43641,45025,45931,46056,46348,46419,46490,47311,47397,47457,47706,47819,47889,48721,48810,48882,49124,49272,50188,50624,54480
chip02,24001,25000,1,1000,43931,46281,48794,7229,7307,7415,42353,43785,43931,44840,45112,45193,45253,45324,46147,46213,46281,46515,46603,46678,46801,47552,47647,47991,48794,49042,53384
chip02,24001,25000,2,1000,46108,47877,50587,7305,7395,7488,43637,45150,46108,46420,46496,47378,47420,47463,47768,47820,47877,48732,48779,48813,48873,49201,50071,50199,50587,51587,55560
chip02,24001,25000,3,1000,46600,48895,50517,7540,7626,7734,43879,46456,46600,46674,47545,47613,47733,47971,48021,48079,48895,48961,49021,49074,49342,49440,50275,50389,50517,51717,57087
chip02,24001,25000,4,1000,45331,47764,50402,7503,7594,7704,43755,45177,45331,46169,46320,46586,46646,47494,47585,47635,47764,48012,48069,48206,48979,49050,49365,49495,50402,50794,53506
chip02,24001,25000,5,1000,45276,47603,49519,7432,7525,7649,42550,44876,45276,45400,46267,46339,46578,46679,46736,46795,47603,47687,47741,47840,48130,48284,49083,49212,49519,50507,53160
chip02,24001,25000,6,1000,43912,45424,47781,7426,7530,7692,42493,43548,43912,43965,44036,44880,44932,45001,45330,45370,45424,45477,46302,46345,46394,46462,46794,47670,47781,48105,51886
chip02,25001,26000,0,1000,45879,47710,50173,7362,7443,7533,43561,44933,45879,46241,46310,46387,47250,47301,47358,47646,47710,47780,48610,48671,48753,49047,49166,50048,50173,51309,55534
chip02,25001,26000,1,1000,45019,47360,49281,7327,7409,7492,42379,44610,45019,45131,45967,46087,46234,46412,46496,46580,47360,47461,47528,47748,47898,48717,48842,48939,49281,50234,54164
chip02,25001,26000,2,1000,47628,50046,52791,7429,7516,7594,43615,46434,47628,47761,48635,48750,48979,49045,49137,49978,50046,50162,50370,50437,51321,51397,51696,51828,52791,54046,58610
chip02,25001,26000,3,1000,46588,49233,51937,7667,7755,7856,43758,46467,46588,47478,47788,47867,47938,48791,48874,48974,49233,49309,50137,50225,50313,50591,51457,51599,51937,52982,58402
chip02,25001,26000,4,1000,46052,47938,51613,7640,7735,7840,43623,45106,46052,46415,46495,46574,47444,47500,47814,47883,47938,48786,48865,48947,49295,50209,50311,50645,51613,52050,57478
chip02,25001,26000,5,1000,46505,48990,51666,7569,7663,7765,43727,46070,46505,46658,47520,47668,47881,47985,48096,48889,48990,49153,49285,49396,50239,50334,50583,50781,51666,52056,55627
chip02,25001,26000,6,1000,43868,46228,48023,7561,7672,7791,42404,43789,43868,44787,44866,45188,45237,45279,46139,46192,46228,46258,46532,46625,46685,47519,47610,47659,48023,48967,51848
chip02,26001,27000,0,1000,46211,48598,51309,7434,7515,7615,43500,45893,46211,47085,47218,47503,47574,47638,48464,48541,48598,48846,48954,49060,49878,49978,50307,51170,51309,51449,55218
chip02,26001,27000,1,1000,44980,47352,49939,7385,7490,7602,42291,44691,44980,45868,45950,46204,46341,46404,46466,47283,47352,47401,47628,47770,47847,48681,48791,48989,49939,50223,52998
chip02,26001,27000,2,1000,47234,48999,51647,7500,7589,7680,44515,46268,47234,47545,47597,48443,48549,48596,48911,48952,48999,49870,49923,49976,50272,50335,51250,51320,51647,52656,56584
chip02,26001,27000,3,1000,47356,49110,51516,7714,7815,7927,44956,46404,47356,47458,47726,47784,47902,48702,48774,48855,49110,49178,49264,50072,50139,50204,50487,50607,51516,51903,55500
chip02,26001,27000,4,1000,45935,47831,51862,7735,7858,7983,43576,44995,45935,46046,46376,46416,47234,47375,47467,47770,47831,48732,48794,49132,49235,50144,50475,51455,51862,52930,57337
chip02,26001,27000,5,1000,47371,49210,51610,7669,7779,7885,44978,46424,47371,47700,47793,47878,48681,48783,48885,49110,49210,49289,50088,50172,50265,50510,50653,51504,51610,52002,55541
chip02,26001,27000,6,1000,45078,46564,48916,7726,7818,7927,42408,44718,45078,45130,45202,46057,46111,46156,46470,46516,46564,46650,47471,47510,47577,47879,47942,48840,48916,49300,52106
chip02,27001,28000,0,1000,46118,48407,50309,7538,7623,7730,43474,45744,46118,46194,47070,47145,47205,47475,47539,47583,48407,48501,48559,48819,48915,48981,49888,49948,50309,51306,56550
chip02,27001,28000,1,1000,45851,47761,50291,7532,7629,7727,43271,44910,45851,45999,46314,46396,47233,47328,47600,47688,47761,48557,48622,48684,48771,49075,49915,50050,50291,51376,54100
chip02,27001,28000,2,1000,48796,51496,55133,7567,7671,7773,44778,47519,48796,48886,49789,49885,50173,50245,51144,51213,51496,51569,52434,52522,52612,52880,53855,54110,55133,56400,60807
chip02,27001,28000,3,1000,47661,49116,51499,7826,7936,8047,44922,47272,47661,47704,47754,48657,48682,48735,49044,49077,49116,50003,50047,50078,50118,50444,50489,51413,51499,52765,55487
chip02,27001,28000,4,1000,46277,47817,50518,7854,7958,8084,43519,45015,46277,46349,46387,47288,47340,47393,47728,47765,47817,48709,48734,48763,49076,49146,50056,50130,50518,51761,55487
chip02,27001,28000,5,1000,47691,50039,52779,7737,7844,7960,45067,47290,47691,47776,47832,48703,48772,49056,49149,49207,50039,50106,50166,50434,50534,51375,51502,51822,52779,54032,60984
chip02,27001,28000,6,1000,45059,47440,48929,7818,7935,8057,43629,44986,45059,45135,46035,46103,46426,46472,46520,47390,47440,47470,47520,47840,47883,47938,48818,48880,48929,50167,54179
chip02,28001,29000,0,1000,46189,48813,51220,7624,7724,7823,43529,46057,46189,47107,47389,47472,48348,48422,48494,48747,48813,48877,49741,49797,49863,50128,50207,51122,51220,51643,55206
chip02,28001,29000,1,1000,46231,48878,52681,7612,7707,7814,43252,45865,46231,47119,47254,47480,47589,47738,48539,48649,48878,48968,49803,49930,50222,50454,51320,51641,52681,53977,57965
chip02,28001,29000,2,1000,52381,56341,60640,7691,7788,7890,47384,51412,52381,52724,53570,53780,54104,55005,55207,55454,56341,56802,57030,57820,58254,58329,59260,59380,60640,61024,64591
chip02,28001,29000,3,1000,47630,49991,52635,7925,8030,8135,44928,47536,47630,48543,48626,48946,48985,49019,49893,49955,49991,50231,50328,50375,51195,51306,51363,51684,52635,52710,55427
chip02,28001,29000,4,1000,44938,47302,49973,7935,8056,8181,42254,44869,44938,45846,45926,46253,46295,46334,46391,47256,47302,47346,47660,47709,48541,48659,48718,49050,49973,50160,55468
chip02,28001,29000,5,1000,51205,54458,58608,7910,8040,8172,46217,50021,51205,51572,51730,52639,52898,53100,54006,54230,54458,55252,55493,55688,56554,57061,57953,58140,58608,59645,63484
chip02,28001,29000,6,1000,45899,47385,49238,7911,8024,8151,43550,44967,45899,46001,46330,46366,46402,46453,47307,47347,47385,47448,47761,47813,48682,48752,48787,49112,49238,50177,52927
chip02,29001,30000,0,1000,47319,49729,52407,7693,7791,7903,45693,46970,47319,47481,48341,48634,48689,48739,49600,49667,49729,49993,50060,50140,51017,51077,51334,51494,52407,53615,57809
chip02,29001,30000,1,1000,47550,50993,54115,7691,7796,7910,44662,47371,47550,48477,48754,48850,49726,49832,50087,50165,50993,51132,51381,51509,52425,52549,52793,53749,54115,55135,59518
chip02,29001,30000,2,1000,53759,57679,60559,7721,7830,7953,49573,52535,53759,54784,55098,55994,56173,56654,56710,56814,57679,57781,58148,58222,59088,59159,59241,59600,60559,60899,64521
chip02,29001,30000,3,1000,47579,50196,52879,8030,8130,8253,44804,47482,47579,48508,48791,48873,48923,49789,49854,49929,50196,50249,51043,51194,51245,51529,51626,52558,52879,53949,58649
chip02,29001,30000,4,1000,44926,47259,49932,8024,8151,8282,43487,44852,44926,45834,46095,46209,46260,46321,47182,47220,47259,47547,47603,47667,48541,48589,48645,48982,49932,50361,54301
chip02,29001,30000,5,1000,51425,56801,60745,8009,8149,8282,46103,50222,51425,52444,52852,53778,54120,55076,55351,56315,56801,56919,57822,57920,58335,58434,59356,59778,60745,61179,64975
chip02,29001,30000,6,1000,46205,47732,50088,7961,8082,8203,43559,45829,46205,46297,46374,47211,47282,47369,47614,47682,47732,48547,48618,48671,48734,49012,49111,49991,50088,50511,54048
chip02,30001,31000,0,1000,47197,49658,52348,7700,7815,7925,44571,46886,47197,47284,48184,48291,48567,48637,49468,49571,49658,49917,49993,50873,50939,51023,51288,52182,52348,53628,57738
chip02,30001,31000,1,1000,48269,50101,53645,7808,7920,8032,44626,47327,48269,48400,48659,48777,49595,49694,49777,50008,50101,50906,51024,51133,51338,51534,52384,52640,53645,54051,57894
chip02,30001,31000,2,1000,53444,56659,59518,7848,7965,8080,49466,52184,53444,53767,54728,55001,55090,56017,56148,56598,56659,57538,57598,57689,58090,58152,59052,59123,59518,60525,63467
chip02,30001,31000,3,1000,48783,51436,55038,8061,8175,8289,46048,48461,48783,49690,49800,50093,50147,51023,51100,51176,51436,51521,52429,52489,52769,52847,53769,54051,55038,55469,60821
chip02,30001,31000,4,1000,45803,47542,49912,8141,8275,8394,43429,44817,45803,46107,46151,46203,47090,47146,47440,47506,47542,48399,48481,48521,48597,48874,48934,49854,49912,50293,54218
chip02,30001,31000,5,1000,49695,52478,56065,8106,8224,8353,45719,48692,49695,50059,50189,51055,51178,51408,51538,52369,52478,52711,52814,53682,53833,54062,55031,55186,56065,56978,62076
chip02,30001,31000,6,1000,46294,48869,51317,8014,8138,8269,44672,46154,46294,47152,47487,47547,47584,48429,48516,48576,48869,48938,48993,49876,49923,49995,50306,51217,51317,52612,55549
chip02,31001,32000,0,1000,47107,49440,51340,7762,7866,7978,44504,45923,47107,47200,47278,48156,48230,48470,48540,48598,49440,49523,49586,49839,49910,49995,50876,50988,51340,52249,56619
chip02,31001,32000,1,1000,48598,51409,56690,7855,7963,8074,44747,48160,48598,49484,49685,49938,50100,50910,51126,51288,51409,52268,52490,52632,53529,53769,54026,55022,56690,57768,61956
chip02,31001,32000,2,1000,54953,58970,62025,7938,8045,8168,49682,53656,54953,55991,56509,57446,57519,57958,58021,58895,58970,59330,59431,60328,60423,60740,60823,61748,62025,63081,65620
chip02,31001,32000,3,1000,51195,54040,57877,8151,8270,8379,47239,49989,51195,51362,52316,52618,52688,53613,53694,53976,54040,54933,55014,55296,56227,56331,56867,57805,57877,59307,61175
chip02,31001,32000,4,1000,46105,48459,51126,8229,8365,8498,43343,46021,46105,46997,47085,47368,47425,47477,48345,48405,48459,48737,48807,49647,49743,49792,50095,50215,51126,51528,56444
chip02,31001,32000,5,1000,49991,52667,56354,8195,8305,8435,45949,49612,49991,50908,51055,51315,51404,52260,52319,52578,52667,52774,53630,53717,53980,54147,55021,55357,56354,57816,61037
chip02,31001,32000,6,1000,47122,48898,51513,8114,8245,8382,44677,46129,47122,47450,47516,48368,48432,48497,48793,48844,48898,49748,49819,49874,50145,50235,51114,51216,51513,52547,55492
chip02,32001,33000,0,1000,48076,49848,52446,7871,7999,8115,45745,47109,48076,48379,48463,48530,49394,49481,49711,49790,49848,50643,50768,50822,51045,51145,51959,52132,52446,53503,57602
chip02,32001,33000,1,1000,48137,49939,52606,7918,8031,8146,45803,47161,48137,48434,48551,48608,49456,49543,49605,49850,49939,50744,50870,50937,51134,51271,52154,52285,52606,53596,57682
chip02,32001,33000,2,1000,53574,57451,60690,8001,8111,8231,50603,53187,53574,54542,54856,55838,56368,56417,56478,57394,57451,57895,57938,58848,58906,59320,59387,60319,60690,61739,65817
chip02,32001,33000,3,1000,49932,52426,55165,8226,8349,8467,47298,49583,49932,50008,50920,51129,51243,51314,52177,52253,52426,52562,52645,53534,53599,53870,53970,54896,55165,56192,59204
chip02,32001,33000,4,1000,47305,49672,51479,8461,8598,8733,44649,46964,47305,47383,48270,48344,48632,48696,48757,49618,49672,49716,49986,50062,50937,51008,51052,51357,51479,52420,55314
chip02,32001,33000,5,1000,49869,52610,56676,8241,8378,8515,46899,49492,49869,49986,50892,51036,51292,51472,52270,52415,52610,53501,53600,53814,53984,54879,55179,56148,56676,57743,60618
chip02,32001,33000,6,1000,47403,49766,52388,8284,8426,8558,44642,47282,47403,48314,48395,48674,48744,48781,49611,49714,49766,49997,50105,50170,51009,51085,51148,51431,52388,52800,56344
chip02,33001,34000,0,1000,48029,50581,52420,7959,8064,8174,44396,47036,48029,48335,48387,49278,49351,49591,49674,49729,50581,50647,50708,50946,51030,51115,51978,52069,52420,53441,55959
chip02,33001,34000,1,1000,49385,51248,54811,7982,8087,8204,45813,48411,49385,49692,49804,49952,50752,50863,51034,51149,51248,52046,52162,52366,52532,53358,53531,53804,54811,55958,59051
chip02,33001,34000,2,1000,50847,53446,56483,7960,8074,8218,48254,49635,50847,50938,51880,51943,52218,52276,53179,53228,53446,53555,54410,54521,54573,54860,55786,55885,56483,57885,60370
chip02,33001,34000,3,1000,49826,52439,54864,8299,8413,8545,46802,49513,49826,49904,50799,51102,51156,51216,52104,52167,52439,52495,52587,53449,53501,53759,53853,54771,54864,56087,59210
chip02,33001,34000,4,1000,47170,49529,51329,8500,8628,8760,44263,45948,47170,47245,48145,48207,48292,48546,48595,48649,49529,49577,49631,49902,49959,50843,50919,51001,51329,52340,56785
chip02,33001,34000,5,1000,49734,52222,55120,8346,8486,8630,45838,48587,49734,49859,50705,50871,51084,51195,51321,52132,52222,52425,52561,53396,53508,53572,53881,54821,55120,56126,59223
chip02,33001,34000,6,1000,47333,49998,52593,8340,8463,8595,44574,47225,47333,48293,48616,48685,49569,49622,49679,49947,49998,50052,50908,50980,51042,51308,51431,52308,52593,53627,57854
chip02,34001,35000,0,1000,47031,49372,51965,7949,8063,8178,45342,46917,47031,47944,48221,48277,48336,49171,49275,49319,49372,49600,49667,50507,50602,50662,50964,51068,51965,52325,55835
chip02,34001,35000,1,1000,47985,49750,52497,8019,8154,8277,44515,47035,47985,48266,48404,48448,48523,49355,49431,49629,49750,49847,50681,50749,50854,51096,51986,52110,52497,53582,57553
chip02,34001,35000,2,1000,50543,53110,56281,8086,8208,8326,47909,49523,50543,50823,51683,51799,51957,52131,52166,53064,53110,53147,53417,53488,54396,54446,54738,55706,56281,57318,60657
chip02,34001,35000,3,1000,49395,51147,54648,8338,8457,8577,45752,48420,49395,49694,49761,50624,50720,50771,51046,51086,51147,52043,52072,52144,52407,53224,53399,53660,54648,54996,61854
chip02,34001,35000,4,1000,47110,48570,51168,8583,8703,8835,44533,46762,47110,47164,47213,48107,48152,48236,48488,48530,48570,49429,49487,49528,49765,49844,50694,50852,51168,52172,56153
chip02,34001,35000,5,1000,48493,51108,53866,8462,8590,8724,46738,48165,48493,49396,49555,49783,49878,50725,50800,50908,51108,51242,52086,52158,52301,52470,53394,53532,53866,54935,59044
chip02,34001,35000,6,1000,49484,53651,58139,8452,8602,8736,45846,48479,49484,49852,49996,50950,51254,52198,52393,53363,53651,53910,54862,55148,56082,56618,57567,57657,58139,59130,62166
chip02,35001,36000,0,1000,48158,50410,52184,7986,8100,8236,45340,47829,48158,48226,49059,49172,49273,49482,49530,49580,50410,50477,50533,50785,50872,51750,51829,51910,52184,53188,57265
chip02,35001,36000,1,1000,48278,50690,54710,8082,8235,8396,45625,47948,48278,48364,49230,49335,49559,49668,50508,50612,50690,50964,51720,51956,52019,52322,53236,53539,54710,56324,60317
chip02,35001,36000,2,1000,51717,54267,57623,8109,8232,8361,48008,50740,51717,51981,52068,52929,53033,53094,53316,53407,54267,54357,54594,54703,55608,55733,56189,57129,57623,58607,61489
chip02,35001,36000,3,1000,49561,51958,54594,8467,8587,8724,46941,49170,49561,49659,49772,50637,50893,50968,51045,51895,51958,52033,52243,52318,53222,53282,53536,54433,54594,55786,59431
chip02,35001,36000,4,1000,47061,49339,51089,8629,8760,8894,44420,46746,47061,47129,47992,48076,48151,48376,48434,48485,49339,49411,49456,49685,49752,49829,50719,50779,51089,52075,54701
chip02,35001,36000,5,1000,48398,50975,53417,8504,8639,8784,45706,48229,48398,49331,49445,49689,49738,49822,50669,50745,50975,51055,51133,51998,52089,52288,52398,53319,53417,54617,57496
chip02,35001,36000,6,1000,49668,52374,57528,8520,8647,8778,46776,48454,49668,49753,50667,50781,51039,51107,52007,52079,52374,53295,53388,53690,54619,54750,55895,56548,57528,58033,60522
chip02,36001,37000,0,1000,49007,50762,53380,8158,8285,8405,46506,48103,49007,49127,49386,49450,50279,50378,50447,50688,50762,50828,51686,51748,51932,52078,52161,53050,53380,54374,57631
chip02,36001,37000,1,1000,47937,50538,53481,8222,8348,8483,45582,46957,47937,48218,48290,49183,49262,49481,49600,50395,50538,50594,50838,50937,51843,51938,52218,53163,53481,54600,60334
chip02,36001,37000,2,1000,51634,54215,57581,8230,8363,8494,48899,50631,51634,51901,51949,52884,52928,53202,53244,54167,54215,54465,54538,55469,55529,56052,56116,57052,57581,58580,63206
chip02,36001,37000,3,1000,50605,53210,56335,8555,8700,8850,46978,49612,50605,50874,50986,51891,52139,52190,52252,53147,53210,53433,53523,54418,54498,54762,55665,55792,56335,57312,61783
chip02,36001,37000,4,1000,48244,49679,52007,8668,8803,8935,45647,47031,48244,48313,48340,48388,49282,49324,49432,49646,49679,49723,50615,50653,50696,50990,51037,51955,52007,52385,55958
chip02,36001,37000,5,1000,49602,51898,54477,8624,8775,8938,45726,49184,49602,49683,50559,50635,50854,50934,50990,51069,51898,51968,52019,52248,52331,53211,53297,53388,54477,54665,60246
chip02,36001,37000,6,1000,49258,51922,54710,8604,8742,8898,46924,48316,49258,49574,49655,50537,50621,50697,50974,51027,51922,51980,52037,52330,53250,53321,53598,54543,54710,55956,58998
chip02,37001,38000,0,1000,49058,51557,53353,8182,8296,8423,45516,48083,49058,49313,49390,50231,50331,50496,50623,50715,51557,51637,51689,51927,52005,52847,52968,53055,53353,54344,58543
chip02,37001,38000,1,1000,48153,50489,53097,8234,8378,8517,45544,47828,48153,48256,49151,49224,49435,49522,49580,50417,50489,50577,50788,50875,51730,51804,51900,52156,53097,53281,57781
chip02,37001,38000,2,1000,52683,55410,58344,8305,8437,8575,49303,51766,52683,52970,53140,53220,54122,54229,54422,54595,55410,55500,55940,55998,56835,56954,57014,57472,58344,58531,62644
chip02,37001,38000,3,1000,50751,53365,56304,8673,8807,8949,48067,50397,50751,50840,51758,52019,52102,52172,53062,53126,53365,53422,54342,54390,54539,54721,55651,55731,56304,57301,61695
chip02,37001,38000,4,1000,48279,50823,53438,8780,8935,9079,45630,48202,48279,49192,49314,49538,49613,50478,50534,50609,50823,50894,50984,51843,51902,52154,52286,53189,53438,54528,58740
chip02,37001,38000,5,1000,50382,53020,55741,8741,8879,9039,47820,49494,50382,50626,50840,50967,51830,51924,52125,52210,53020,53151,53232,53414,53521,54388,54517,54749,55741,56308,59210
chip02,37001,38000,6,1000,50490,52300,55937,8683,8825,8973,46965,49536,50490,50634,50860,50941,51798,51910,52140,52229,52300,53161,53244,53479,53603,54498,54600,54955,55937,57401,60712
chip02,38001,39000,0,1000,49249,51612,54464,8291,8415,8536,46639,48938,49249,49355,50255,50340,50574,50620,51498,51555,51612,51841,51918,52825,52885,53081,53237,54155,54464,55948,59892
chip02,38001,39000,1,1000,48977,50721,53292,8282,8412,8539,45445,48083,48977,49136,49353,49420,49522,50357,50414,50614,50721,50791,51658,51709,51779,52018,52814,53041,53292,54332,57255
chip02,38001,39000,2,1000,51648,54052,56901,8384,8512,8665,47846,50506,51648,51767,51828,52744,52809,53051,53109,54013,54052,54105,54340,54388,55320,55367,55866,56729,56901,57467,61245
chip02,38001,39000,3,1000,51593,53373,57066,8793,8934,9085,48014,50649,51593,51856,51975,52050,52941,53011,53203,53312,53373,54247,54310,54397,54630,55453,55619,56120,57066,57547,60168
chip02,38001,39000,4,1000,49467,51793,54421,8948,9098,9243,46852,49181,49467,50396,50450,50506,50756,50797,51679,51757,51793,52030,52095,52154,53046,53097,53343,53485,54421,55657,60197
chip02,38001,39000,5,1000,50728,53126,55714,8868,9031,9203,48068,50428,50728,50872,51736,51948,52063,52143,52983,53062,53126,53364,53428,54275,54341,54406,54659,55557,55714,57174,59187
chip02,38001,39000,6,1000,50527,53060,55712,8801,8961,9114,46633,49535,50527,50783,50896,51749,51835,52059,52131,52202,53060,53116,53183,53431,53525,54387,54475,54746,55712,56275,60184
chip02,39001,40000,0,1000,50157,52748,55782,8332,8470,8616,46627,49186,50157,50446,50530,51400,51472,51729,51808,51902,52748,52820,52949,53121,53897,54096,54278,55217,55782,57150,60979
chip02,39001,40000,1,1000,49010,51531,54084,8285,8413,8550,46659,48042,49010,49269,49356,50223,50335,50508,50619,50679,51531,51605,51674,51868,51970,52846,52936,53077,54084,54383,58525
chip02,39001,40000,2,1000,52563,54993,57341,8410,8540,8666,49137,51599,52563,52781,52921,53030,53859,53983,54176,54280,54993,55196,55295,55675,55790,55906,56749,56852,57341,58320,61591
chip02,39001,40000,3,1000,51940,55308,58957,8858,9023,9177,49138,51628,51940,52877,53090,53263,54070,54226,54309,54536,55308,55534,55870,56092,56898,57126,57611,58484,58957,60211,66577
chip02,39001,40000,4,1000,50764,54184,57157,8988,9147,9319,48081,50607,50764,51700,51955,52059,52932,53011,53223,53307,54184,54288,54423,54591,55447,55592,56059,56934,57157,58473,61453
chip02,39001,40000,5,1000,50687,54070,57145,8949,9099,9245,46786,50370,50687,51633,51893,51998,52866,52964,53185,53269,54070,54232,54388,54558,55476,55643,56082,56996,57145,58504,60491
chip02,39001,40000,6,1000,50695,55464,59014,8855,9008,9158,46821,49459,50695,50809,51763,52097,53017,53260,54134,54509,55464,55737,56119,56239,57118,57464,57675,58583,59014,60040,62773
chip02,40001,41000,0,1000,51431,53900,57089,8276,8445,8595,48700,50302,51431,51556,52470,52699,52799,52870,53728,53820,53900,54104,54277,55087,55167,55631,55794,56635,57089,58089,60023
chip02,40001,41000,1,1000,50423,52938,56663,8307,8453,8596,47756,50096,50423,51340,51544,51638,51717,52558,52672,52839,52938,53035,53882,53994,54149,54329,55203,55744,56663,56907,59802
chip02,40001,41000,2,1000,52788,56477,59470,8346,8489,8630,50103,52622,52788,53791,54012,54930,55041,55482,55552,56387,56477,56533,56914,57011,57111,57981,58096,58508,59470,60859,63609
chip02,40001,41000,3,1000,51388,53949,56805,8772,8967,9123,47807,50414,51388,51618,51714,52571,52709,52957,53007,53043,53949,54002,54147,54293,55153,55284,55675,55865,56805,57362,61092
chip02,40001,41000,4,1000,51584,54058,57290,8912,9055,9220,47862,50432,51584,51721,52628,52709,52966,53022,53090,53987,54058,54279,54355,55269,55344,55805,55920,56818,57290,58305,61538
chip02,40001,41000,5,1000,51433,53945,56894,8801,8966,9128,47878,50455,51433,51652,51767,52639,52740,52834,53014,53125,53945,54031,54119,54305,54426,55311,55793,55944,56894,57451,61146
chip02,40001,41000,6,1000,52711,55883,58750,8806,9009,9179,49135,51730,52711,53003,53091,54014,54268,54370,55311,55396,55883,55934,56822,56879,56955,57408,58320,58381,58750,59813,62645
chip02,41001,42000,0,1000,52612,55419,58367,8259,8389,8508,48877,51494,52612,52751,53667,53860,53973,54113,54919,55044,55419,55546,56345,56452,56558,56938,57068,57945,58367,59401,62258
chip02,41001,42000,1,1000,50056,52554,55194,8222,8345,8475,46498,49028,50056,50273,50365,51258,51328,51553,51605,52488,52554,52611,52823,52896,53801,53878,54130,54979,55194,55726,59650
chip02,41001,42000,2,1000,54866,57803,60754,8316,8468,8604,50013,53876,54866,55369,55433,56320,56403,56801,56875,56932,57803,57880,57961,58325,58402,59304,59413,59809,60754,61151,64792
chip02,41001,42000,3,1000,52451,55089,58165,8663,8805,8949,48812,51531,52451,52643,52848,52928,53835,53946,54124,54192,55089,55164,55566,55696,56494,56657,56753,57217,58165,58633,63734
chip02,41001,42000,4,1000,51575,54068,57280,8865,9005,9151,48966,51224,51575,51665,52582,52650,52859,52930,53784,53908,54068,54192,54286,55162,55290,55733,56620,56742,57280,58293,62482
chip02,41001,42000,5,1000,51374,53871,56794,8769,8905,9046,47793,50384,51374,51641,51694,52539,52643,52741,52937,53011,53871,53942,54085,54234,55082,55221,55664,56549,56794,58173,61185
chip02,41001,42000,6,1000,54062,57250,60156,8779,8940,9098,50272,52891,54062,54327,55250,55701,55807,56664,56770,57168,57250,57325,58204,58259,58588,58732,59638,59747,60156,61152,64133
chip02,42001,43000,0,1000,53467,56286,59204,8346,8476,8609,49975,52514,53467,53615,53851,54731,54860,55303,55364,55457,56286,56349,56746,56848,56924,57799,57867,58282,59204,59375,62424
chip02,42001,43000,1,1000,49938,52414,54143,8298,8429,8579,47372,48967,49938,50177,50255,50333,51212,51254,51502,51554,52414,52497,52536,52777,52832,53718,53794,53848,54143,55156,59567
chip02,42001,43000,2,1000,55248,58203,62082,8441,8561,8694,51146,54743,55248,56204,56663,56734,56780,57689,57734,57828,58203,58295,59178,59241,59631,60563,60658,61080,62082,63394,68697
chip02,42001,43000,3,1000,51551,54128,58058,8735,8866,9007,48890,51479,51551,52507,52765,52819,53733,53792,53867,54070,54128,55038,55087,55577,55630,56553,56597,57084,58058,58445,62289
chip02,42001,43000,4,1000,51562,54157,58073,8900,9044,9197,47799,51286,51562,52499,52719,52832,53700,53804,53874,54083,54157,55033,55124,55542,55685,56580,56679,57110,58073,58578,62348
chip02,42001,43000,5,1000,52753,55079,57201,8859,9007,9173,50186,52428,52753,52856,53756,53850,54029,54103,54160,55012,55079,55155,55582,55644,55725,56571,56648,57043,57201,58148,61008
chip02,42001,43000,6,1000,55620,58604,61411,8863,9008,9160,50209,54164,55620,56574,57023,57123,57175,58077,58174,58551,58604,59479,59554,59663,60007,60063,60965,61027,61411,62419,66253
chip02,43001,44000,0,1000,52252,54781,57779,8428,8554,8678,48753,51274,52252,52486,52575,53474,53536,53752,53839,54694,54781,54868,55286,55348,56213,56297,56368,56827,57779,58307,62121
chip02,43001,44000,1,1000,50216,52746,56368,8365,8500,8637,47540,49995,50216,51168,51375,51446,51565,52403,52465,52668,52746,53588,53680,53752,53926,54034,54927,55106,56368,56997,59870
chip02,43001,44000,2,1000,57585,60420,62359,8538,8687,8823,52472,56615,57585,58031,58119,58990,59077,59247,59502,59563,60420,60499,60555,60817,60907,60973,61883,62008,62359,63325,68354
chip02,43001,44000,3,1000,52394,54039,56586,8786,8918,9067,48885,51432,52394,52504,52708,52784,53679,53740,53904,53987,54039,54915,54965,55012,55475,55536,56418,56500,56586,57964,60929
chip02,43001,44000,4,1000,54091,58110,61223,9073,9227,9393,50211,52841,54091,55375,55500,56409,56858,56959,57804,57907,58110,58412,59273,59382,59464,59841,60760,60880,61223,62354,66174
chip02,43001,44000,5,1000,52756,55518,58084,8948,9105,9266,49905,52406,52756,53629,53770,53988,54060,54866,55019,55129,55518,55589,56319,56487,56577,56940,57044,57923,58084,59351,63563
chip02,43001,44000,6,1000,56483,59497,62522,8901,9063,9213,52606,55511,56483,56985,57913,58015,58413,58474,59320,59409,59497,59863,59947,60837,60883,61208,61322,62226,62522,63535,66187
chip02,44001,45000,0,1000,52423,55109,57721,8536,8681,8836,49904,51239,52423,52514,53430,53607,53714,53769,54645,54712,55109,55223,55267,56175,56223,56287,56689,56782,57721,58207,60998
chip02,44001,45000,1,1000,51307,53618,56343,8412,8562,8723,47621,50958,51307,51386,52305,52382,52567,52625,52692,53552,53618,53695,53850,53922,54798,54897,55261,55445,56343,56785,59388
chip02,44001,45000,2,1000,56499,58919,61776,8626,8791,8937,53287,56084,56499,56593,57452,57582,57923,57980,58028,58799,58919,58972,59069,59415,59473,60341,60406,60557,61776,63135,66113
chip02,44001,45000,3,1000,52574,54958,57897,8954,9113,9270,48837,52282,52574,52640,53583,53669,53871,53920,54819,54868,54958,55387,55456,56324,56387,56458,56873,57733,57897,58399,61210
chip02,44001,45000,4,1000,53545,56431,59384,9098,9269,9446,50046,52558,53545,53772,53919,54854,55299,55367,55441,56333,56431,56806,56882,57770,57834,57980,58381,59285,59384,60737,63632
chip02,44001,45000,5,1000,53598,55503,57941,9110,9281,9444,50024,52602,53598,53876,53938,54803,54907,55224,55393,55438,55503,56349,56394,56429,56501,56906,57015,57876,57941,58456,61250
chip02,44001,45000,6,1000,55331,58298,61169,9006,9198,9379,51248,53899,55331,55448,56349,56777,56849,56928,57821,57911,58298,58361,59238,59313,59399,59765,60679,60760,61169,62172,66058
chip02,45001,46000,0,1000,53276,55955,58060,8570,8713,8854,49823,52328,53276,53525,53641,53722,54599,54694,55080,55168,55955,56068,56140,56459,56581,56709,57537,57647,58060,59059,63162
chip02,45001,46000,1,1000,52251,54709,56910,8478,8635,8798,49681,51248,52251,52457,52527,53410,53497,53608,53754,53834,54709,54768,55088,55264,55345,56198,56282,56620,56910,57829,60925
chip02,45001,46000,2,1000,56378,57928,60336,8673,8822,8964,53486,55871,56378,56444,56496,57353,57420,57766,57872,57908,57928,58001,58835,58872,58911,59238,59344,60226,60336,60784,65671
chip02,45001,46000,3,1000,52265,54736,56795,8921,9068,9209,49972,51295,52265,52537,52569,53498,53538,53748,53806,53840,54736,54788,54808,55242,55314,55356,56274,56311,56795,57794,59335
chip02,45001,46000,4,1000,56178,59251,63276,9213,9389,9546,51309,55177,56178,56628,56852,57701,58061,58173,58317,59124,59251,59563,59704,60551,60660,60975,61887,62039,63276,63623,68393
chip02,45001,46000,5,1000,53887,56758,59216,9165,9314,9479,49743,53600,53887,54823,55208,55308,56131,56248,56360,56684,56758,56828,57635,57715,57770,57861,58208,58309,59216,59678,63431
chip02,45001,46000,6,1000,56687,60656,64958,9142,9321,9495,52482,55325,56687,56873,57798,58196,59144,59239,59627,60509,60656,61050,61964,62228,62415,63303,63641,64632,64958,66214,70909
chip02,46001,47000,0,1000,53516,56051,58032,8606,8768,8937,48525,53207,53516,54439,54563,54970,55034,55095,55934,55991,56051,56439,56502,56546,57342,57464,57515,57903,58032,58989,62079
chip02,46001,47000,1,1000,52489,55189,57706,8544,8691,8830,49792,52323,52489,53411,53582,53672,53749,54634,54710,55102,55189,55247,56093,56162,56244,56638,56741,57630,57706,59009,61904
chip02,46001,47000,2,1000,56305,58737,60675,8767,8932,9099,53145,55905,56305,56377,57273,57344,57739,57799,57841,58622,58737,58784,58827,59205,59265,59357,60213,60273,60675,61651,64329
chip02,46001,47000,3,1000,53739,56628,59126,9004,9164,9327,50007,53448,53739,54701,55134,55196,55239,56112,56186,56234,56628,56688,56742,57603,57660,57727,58134,59054,59126,59602,63701
chip02,46001,47000,4,1000,58906,61827,64858,9283,9450,9618,53590,57936,58906,59394,59470,60378,60435,60808,60854,61782,61827,62144,62234,63153,63217,63513,63623,64548,64858,65882,69633
chip02,46001,47000,5,1000,55086,57536,59604,9233,9408,9584,51131,53796,55086,55221,55980,56165,56296,56613,56695,56773,57536,57648,57758,58074,58180,58965,59099,59192,59604,60582,64915
chip02,46001,47000,6,1000,58001,61862,65879,9214,9368,9540,53557,56649,58001,58904,59144,59500,60430,60546,60876,60956,61862,62212,62296,63218,63317,63607,64563,64888,65879,67140,74434
chip02,47001,48000,0,1000,55864,57780,60313,8713,8878,9050,52168,54926,55864,56213,56339,56400,57242,57326,57395,57689,57780,57869,58669,58770,58827,59111,59267,60192,60313,61565,65611
chip02,47001,48000,1,1000,53398,56325,58937,8627,8780,8935,49837,52374,53398,53582,54544,54911,55022,55113,55911,56019,56325,56441,56519,56650,57418,57502,57850,58022,58937,59361,63096
chip02,47001,48000,2,1000,57233,59149,61820,8802,8957,9119,53326,56283,57233,57541,57670,57821,58573,58676,58970,59070,59149,59922,60061,60152,60403,60507,61360,61465,61820,62858,66843
chip02,47001,48000,3,1000,56055,58043,60856,9097,9253,9424,53299,55082,56055,56489,56539,56632,57485,57571,57937,57985,58043,58902,58958,59038,59395,59501,60358,60430,60856,61833,64844
chip02,47001,48000,4,1000,57928,61732,64772,9392,9561,9723,53272,57784,57928,58899,59327,60214,60335,60690,60777,61671,61732,62071,62159,63061,63119,63406,64331,64459,64772,65783,68551
chip02,47001,48000,5,1000,55093,57584,60377,9304,9477,9656,52005,54977,55093,55975,56115,56485,56545,56649,57434,57507,57584,57934,58017,58088,58920,59004,59095,59466,60377,60541,63207
chip02,47001,48000,6,1000,56020,58935,63155,9290,9470,9634,52232,55040,56020,56488,56534,57427,57505,57568,57987,58027,58935,58982,59025,59432,59513,60447,60846,61833,63155,64494,69545
chip02,48001,49000,0,1000,56211,57808,60544,8836,8977,9150,53257,55743,56211,56292,56365,57215,57277,57640,57703,57753,57808,58664,58713,58759,59126,59191,60102,60167,60544,61557,64199
chip02,48001,49000,1,1000,54848,57248,59322,8697,8851,9051,50906,54357,54848,54956,55027,55865,55965,56322,56420,56462,57248,57366,57421,57466,57832,57926,58807,58903,59322,60334,62161
chip02,48001,49000,2,1000,57135,59079,61833,8864,9027,9215,53134,56115,57135,57498,57607,58410,58535,58610,58953,59037,59079,59920,60001,60057,60412,60469,61347,61431,61833,62810,66765
chip02,48001,49000,3,1000,55054,57882,60347,9101,9276,9470,53266,54987,55054,55991,56412,56464,56513,57405,57459,57508,57882,57922,57970,58866,58906,58944,59356,60272,60347,60777,64487
chip02,48001,49000,4,1000,55926,59294,63034,9409,9588,9768,50990,54941,55926,56381,56521,57465,57848,58762,58850,59234,59294,60204,60291,60654,60737,61647,61737,62076,63034,63443,67115
chip02,48001,49000,5,1000,53660,56164,58944,9381,9552,9751,51050,53536,53660,54570,54983,55054,55103,55949,56026,56072,56164,56524,56585,57372,57481,57546,57642,58013,58944,59118,63187
chip02,48001,49000,6,1000,57446,60422,63492,9398,9600,9831,53532,56455,57446,57892,57989,58912,59328,59386,60260,60342,60422,60759,61615,61746,61790,62105,62201,63145,63492,64748,69588
chip02,49001,50000,0,1000,56259,57798,60194,9026,9192,9361,53378,55801,56259,56316,56362,57220,57290,57368,57730,57765,57798,57855,58702,58744,58783,58843,59223,60045,60194,60555,63015
chip02,49001,50000,1,1000,54961,57398,59351,8942,9111,9278,52186,54840,54961,55053,55919,56004,56370,56434,56485,57262,57398,57462,57744,57894,57973,58835,58898,58948,59351,60347,62121
chip02,49001,50000,2,1000,57555,59928,61819,9077,9277,9456,55584,57045,57555,57660,58446,58606,58903,59045,59089,59125,59928,60041,60078,60318,60490,60534,61419,61501,61819,62829,66809
chip02,49001,50000,3,1000,56449,58895,60809,9442,9588,9778,52253,56001,56449,56491,57412,57465,57884,57926,57962,58862,58895,58918,58941,59347,59385,60297,60347,60386,60809,61797,64584
chip02,49001,50000,4,1000,57856,62081,68513,9765,10015,10243,53489,56434,57856,58789,58940,59365,60275,60683,60856,61726,62081,63040,63392,64405,64716,65891,66989,68206,68513,70694,74310
chip02,49001,50000,5,1000,54636,57864,61657,9719,9947,10168,51032,53650,54636,55107,55201,56090,56435,56572,56670,57570,57864,57994,58120,58963,59224,59457,60389,60739,61657,61935,64734
chip02,49001,50000,6,1000,55967,58005,60817,9691,9846,10014,51042,55040,55967,56417,56491,56543,57398,57488,57542,57937,58005,58054,58915,58962,59012,59406,60315,60421,60817,61836,67129
chip02,50001,51000,0,1000,56164,57763,60491,9077,9238,9401,52090,55681,56164,56231,56294,57163,57206,57266,57637,57684,57763,58626,58670,58709,59075,59136,60041,60121,60491,61496,65515
chip02,50001,51000,1,1000,56273,57866,60278,8971,9133,9292,53421,55832,56273,56350,56409,57265,57344,57436,57782,57822,57866,58637,58773,58807,58856,59210,59312,60192,60278,60718,63129
chip02,50001,51000,2,1000,57477,59968,62815,9190,9345,9512,54530,57050,57477,57589,58425,58544,58884,58966,59025,59875,59968,60022,60354,60437,61300,61398,61703,62537,62815,64096,69438
chip02,50001,51000,3,1000,57362,59263,61683,9497,9661,9826,54914,56395,57362,57784,57832,57867,57929,58807,58837,58895,59263,59289,59322,60210,60267,60300,60678,60742,61683,61758,65788
chip02,50001,51000,4,1000,57796,61537,64379,9718,9903,10104,53459,57279,57796,58762,59179,59309,60160,60539,60594,60680,61537,61593,61908,62005,62858,62978,63337,64275,64379,65694,72820
chip02,50001,51000,5,1000,57341,59232,61766,9732,9906,10087,54414,56372,57341,57515,57842,57913,57964,58768,58887,58950,59232,59345,59420,60212,60299,60380,60698,61562,61766,62179,67041
chip02,50001,51000,6,1000,56423,58057,60400,9730,9904,10076,53421,56356,56423,56478,57345,57419,57532,57883,57923,57955,58057,58864,58901,58934,59283,59393,60068,60353,60400,60846,63208
chip02,51001,52000,0,1000,56231,59008,61486,9171,9356,9541,53245,56115,56231,57164,57509,57615,57657,58546,58613,58662,59008,59083,59149,60012,60062,60115,60471,61362,61486,62775,65499
chip02,51001,52000,1,1000,54876,57333,59313,9016,9165,9327,52138,54441,54876,54934,55845,55922,56322,56377,56415,57234,57333,57371,57672,57823,57888,58778,58823,58872,59313,60263,63040
chip02,51001,52000,2,1000,58431,60354,62762,9276,9439,9616,55877,57460,58431,58818,58937,58983,59821,59901,59957,60295,60354,60395,61226,61314,61362,61597,61751,62638,62762,64049,65794
chip02,51001,52000,3,1000,57337,59256,61688,9494,9652,9814,52278,56374,57337,57404,57808,57841,57917,58794,58823,59172,59256,59285,60179,60234,60267,60644,60713,61640,61688,62133,64774
chip02,51001,52000,4,1000,56398,59302,63376,9784,10009,10221,50947,56288,56398,57370,57751,57836,58715,58771,59149,59201,59302,60159,60205,60555,60638,61555,61700,62915,63376,65654,70711
chip02,51001,52000,5,1000,57765,60319,63316,9902,10099,10304,53300,57243,57765,57897,58735,58913,59197,59319,60076,60208,60319,60614,60726,61551,61637,61807,62098,62980,63316,64364,68231
chip02,51001,52000,6,1000,57302,58898,61643,9810,9982,10174,54843,56373,57302,57419,57819,57877,57913,57989,58805,58858,58898,59276,59333,59375,60248,60322,60369,60729,61643,61795,64555
chip02,52001,53000,0,1000,56169,58736,61429,9302,9473,9665,54193,56066,56169,57086,57449,57554,57599,57711,58516,58567,58736,58973,59036,59904,59987,60035,60391,60494,61429,61849,65727
chip02,52001,53000,1,1000,55852,57808,60590,9085,9264,9485,52125,54856,55852,56248,56322,56388,57271,57346,57706,57754,57808,58689,58734,58781,59163,59222,60140,60194,60590,61593,64372
chip02,52001,53000,2,1000,58937,61579,64421,9351,9527,9715,55940,58736,58937,59839,60143,60209,60324,61133,61245,61386,61579,61683,62499,62587,62710,62991,63886,64065,64421,65565,70417
chip02,52001,53000,3,1000,57691,59219,61636,9557,9727,9930,54772,57251,57691,57746,57785,58687,58725,58755,59140,59191,59219,60105,60170,60197,60229,60604,60658,61577,61636,62086,64763
chip02,52001,53000,4,1000,57224,60117,63312,9977,10193,10430,53406,56257,57224,57656,57719,57895,58712,59102,59157,59270,60117,60160,60504,60582,61501,61581,61941,62905,63312,64678,70906
chip02,52001,53000,5,1000,57202,59250,61713,9939,10124,10337,53349,56293,57202,57641,57749,57842,58646,58738,58854,59152,59250,59309,60102,60188,60274,60546,60692,61544,61713,62944,64691
chip02,52001,53000,6,1000,57808,60242,63038,9971,10151,10372,54875,57652,57808,58686,58790,59157,59221,59274,60117,60198,60242,60316,60654,60717,61587,61657,61733,62088,63038,63440,68187
chip02,53001,54000,0,1000,57487,59910,62709,9460,9629,9812,55667,57108,57487,57552,58452,58513,58882,58939,58985,59843,59910,59969,60309,60372,61204,61341,61406,61790,62709,63113,65733
chip02,53001,54000,1,1000,54845,57275,59233,9320,9517,9719,52173,54771,54845,55756,55837,56242,56282,56325,56400,57240,57275,57310,57669,57736,57795,58681,58737,58820,59233,60213,64370
chip02,53001,54000,2,1000,59646,61580,64264,9510,9727,9934,56977,58727,59646,59824,60124,60235,60298,61107,61237,61489,61580,61673,62535,62623,62712,62978,63824,63966,64264,65326,69139
chip02,53001,54000,3,1000,57195,58769,61585,9693,9919,10168,53424,56267,57195,57271,57698,57719,57755,58648,58695,58724,58769,59157,59192,59257,60144,60187,60563,60652,61585,62009,65742
chip02,53001,54000,4,1000,58612,61865,66846,10195,10426,10661,53343,57633,58612,59011,59149,60023,60368,60510,61400,61529,61865,62788,62898,63237,64152,64318,64621,65810,66846,68176,75349
chip02,53001,54000,5,1000,56402,58855,61647,10121,10329,10555,53440,56244,56402,57327,57631,57757,57828,57921,58744,58791,58855,59166,59255,59338,60188,60275,60576,60742,61647,62094,64615
chip02,53001,54000,6,1000,59110,61550,64379,10117,10341,10568,56201,58662,59110,59205,59996,60159,60270,60559,60618,60684,61550,61595,61643,61973,62042,62945,63033,63391,64379,65637,69430
chip02,54001,55000,0,1000,57462,59929,62744,9452,9617,9802,55531,57029,57462,58326,58456,58836,58895,58944,59826,59869,59929,60266,60327,61140,61268,61324,61687,62623,62744,64005,68163
chip02,54001,55000,1,1000,55767,57641,60085,9353,9523,9687,52105,54828,55767,56168,56210,56245,57117,57184,57218,57299,57641,57683,57716,58594,58649,58688,59083,59158,60085,60167,63291
chip02,54001,55000,2,1000,59768,62536,65483,9545,9739,9916,55756,58776,59768,60141,60224,61117,61228,61523,61603,62421,62536,62633,62904,63032,63853,63970,64272,65196,65483,66563,70597
chip02,54001,55000,3,1000,57202,58753,61538,9847,10011,10179,54783,56230,57202,57616,57663,57685,57727,58629,58655,58679,58753,59100,59128,60035,60082,60115,60530,61454,61538,61970,66948
chip02,54001,55000,4,1000,57586,60395,63230,10117,10317,10535,54711,57112,57586,57676,58596,58988,59037,59100,59975,60025,60395,60448,60517,61399,61452,61792,61901,62828,63230,64225,68075
chip02,54001,55000,5,1000,57640,60226,63281,10237,10419,10620,54743,57218,57640,57787,58635,58797,59077,59179,60001,60100,60226,60505,61279,61451,61580,61846,62027,62908,63281,64276,68167
chip02,54001,55000,6,1000,59009,61474,64290,10121,10295,10493,56168,58542,59009,59094,59980,60063,60128,60494,60532,60591,61474,61517,61581,61924,61991,62900,62964,63337,64290,65543,68453
chip02,55001,56000,0,1000,58366,60267,62888,9535,9721,9914,55488,57422,58366,58744,58825,58894,59769,59837,60115,60211,60267,60350,61176,61239,61315,61596,62419,62584,62888,63992,67835
chip02,55001,56000,1,1000,56025,57601,60025,9456,9661,9871,52054,54770,56025,56110,56157,56218,57094,57132,57183,57569,57601,57636,57675,58552,58589,58626,58968,59077,60025,60112,63224
chip02,55001,56000,2,1000,58663,61166,63863,9634,9836,10044,55736,58279,58663,59519,59679,59972,60099,60873,60985,61098,61166,61423,61528,62349,62476,62558,62805,63672,63863,65084,69006
chip02,55001,56000,3,1000,57569,59942,61830,9889,10097,10323,54719,57140,57569,57609,57692,58555,58622,58992,59038,59074,59942,59993,60027,60086,60429,60482,61401,61452,61830,62831,65557
chip02,55001,56000,4,1000,58902,61730,65411,10250,10459,10689,55631,58466,58902,59006,59903,60306,60354,61218,61316,61455,61730,61811,62701,62779,63100,64049,64133,64460,65411,66689,69284
chip02,55001,56000,5,1000,57536,59901,61929,10291,10501,10763,54634,57110,57536,57625,57732,58536,58638,58927,59054,59127,59901,60015,60096,60338,60479,60591,61457,61557,61929,63104,66838
chip02,55001,56000,6,1000,58585,61468,65523,10172,10378,10606,56010,57631,58585,58994,59093,59992,60239,60434,60497,61399,61468,61826,61941,62811,63151,63267,64188,64541,65523,66805,70548
chip02,56001,57000,0,1000,58642,60183,62878,9657,9844,10031,55798,58211,58642,58706,58746,59575,59702,59747,60100,60144,60183,61072,61131,61179,61522,61586,62473,62533,62878,63906,68974
chip02,56001,57000,1,1000,55623,57508,59949,9588,9786,9989,53168,54656,55623,56008,56080,56122,56915,57047,57096,57145,57508,57551,57590,58453,58515,58549,58942,59025,59949,60032,61832
chip02,56001,57000,2,1000,59486,61505,64195,9780,9970,10182,56646,58543,59486,59676,59947,60064,60883,61013,61102,61389,61505,62239,62415,62474,62699,62846,63676,63852,64195,65275,67875
chip02,56001,57000,3,1000,58435,60368,63153,10064,10242,10423,55960,57497,58435,58527,58919,58955,59867,59907,59941,60330,60368,60405,61308,61347,61382,61776,61887,62768,63153,64146,68129
chip02,56001,57000,4,1000,58843,61671,65360,10454,10706,10956,55668,58398,58843,58934,59856,60218,60284,61190,61262,61407,61671,62556,62652,62765,63032,63128,64013,64322,65360,65766,69145
chip02,56001,57000,5,1000,57487,59096,61763,10482,10696,10920,54638,57014,57487,57585,58401,58501,58573,58878,58971,59027,59096,59925,59994,60047,60390,60489,61350,61434,61763,62806,69280
chip02,56001,57000,6,1000,58394,60059,62734,10283,10484,10688,55982,57503,58394,58537,58870,58959,59037,59882,59943,59984,60059,60365,60434,61242,61349,61417,61656,61813,62734,63138,66809
chip02,57001,58000,0,1000,58713,61411,65011,9691,9888,10095,55700,58555,58713,59635,59921,60050,60104,60973,61046,61102,61411,61477,62354,62441,62502,62819,63743,63869,65011,65443,71396
chip02,57001,58000,1,1000,56938,58828,61267,9625,9786,9967,54499,55984,56938,57351,57399,57457,58330,58376,58425,58743,58828,58870,58943,59799,59852,59921,60280,60397,61267,61731,65416
chip02,57001,58000,2,1000,58587,61011,63729,9746,9918,10106,55647,58460,58587,59468,59603,59900,59976,60064,60836,60935,61011,61290,61375,62180,62303,62391,62708,63579,63729,64141,67650
chip02,57001,58000,3,1000,58389,60225,62650,10089,10259,10445,55922,57461,58389,58465,58826,58873,58910,59781,59836,59881,60225,60274,60312,60374,61244,61285,61345,61702,62650,62751,65685
chip02,57001,58000,4,1000,59759,62610,66516,10578,10776,11002,54549,58747,59759,60166,61053,61157,61511,61560,62462,62546,62610,62921,62978,63900,63950,64261,65216,65318,66516,67827,71714
chip02,57001,58000,5,1000,57477,59850,61815,10502,10679,10878,54560,57287,57477,57552,58406,58487,58769,58902,58956,58997,59850,59911,59952,60254,60376,61194,61352,61446,61815,62763,65749
chip02,57001,58000,6,1000,59870,61751,64525,10326,10509,10709,56055,58897,59870,60269,60316,60396,61276,61339,61664,61704,61751,62647,62686,62721,63043,63099,64028,64089,64525,65460,70464
chip02,58001,59000,0,1000,59620,62264,65039,9847,10024,10204,57059,58619,59620,59929,59989,60886,60947,61265,61332,61371,62264,62319,62361,62657,62723,63643,63726,64069,65039,66327,70385
chip02,58001,59000,1,1000,56878,58787,61151,9694,9876,10070,54346,55934,56878,57270,57339,57397,58275,58327,58380,58704,58787,58833,59679,59739,59784,59841,60176,60257,61151,61539,64036
chip02,58001,59000,2,1000,58151,59948,62670,9795,9985,10203,55563,57115,58151,58462,58535,59372,59474,59543,59831,59896,59948,60744,60870,60928,61215,61327,62217,62305,62670,63704,66606
chip02,58001,59000,3,1000,57364,59781,61698,10123,10312,10497,54431,57295,57364,58262,58345,58437,58776,58811,58852,59740,59781,59810,60153,60218,60278,61170,61219,61562,61698,62625,68201
chip02,58001,59000,4,1000,58206,61050,64262,10625,10823,11042,54570,57258,58206,58360,58701,58768,59662,59727,60077,60131,61050,61122,61242,61516,62449,62533,62919,63867,64262,65520,71644
chip02,58001,59000,5,1000,57400,59806,62589,10597,10807,10999,55466,57260,57400,57475,58383,58705,58801,58863,58913,59751,59806,59863,60145,60239,60309,61173,61246,61627,62589,62966,66650
chip02,58001,59000,6,1000,58825,61593,64310,10366,10556,10754,55858,58444,58825,59737,60082,60195,60250,61129,61190,61270,61593,61635,62531,62588,62640,62970,63889,63980,64310,65311,69417
chip02,59001,60000,0,1000,58506,60907,63610,9866,10102,10393,56952,58435,58506,58572,59474,59562,59879,59923,60027,60869,60907,60944,61286,61322,62221,62271,62307,62636,63610,64022,67890
chip02,59001,60000,1,1000,56903,58699,61095,9805,10036,10443,54443,55910,56903,57231,57283,57332,58161,58235,58293,58630,58699,58730,58770,59639,59688,59723,60084,60166,61095,61179,65228
chip02,59001,60000,2,1000,58399,60803,63494,9918,10153,10595,55521,58285,58399,58526,59363,59455,59758,59830,59881,60709,60803,60839,61098,61223,61292,62144,62238,62544,63494,63631,66330
chip02,59001,60000,3,1000,58647,60995,62894,10266,10510,10887,54362,58191,58647,58696,59558,59640,59688,60061,60098,60133,60995,61061,61104,61397,61517,61582,62480,62524,62894,63879,66597
chip02,59001,60000,4,1000,57252,59658,62452,10668,10983,11403,54474,56864,57252,58156,58229,58570,58646,58704,58785,59616,59658,59722,60046,60114,60227,61065,61140,61473,62452,62877,69254
chip02,59001,60000,5,1000,58727,61135,63777,10708,11020,11468,55840,58578,58727,59582,59704,59979,60108,60168,60919,61088,61135,61178,61450,61569,62304,62513,62561,62857,63777,64234,68168
chip02,59001,60000,6,1000,61012,62902,66473,10550,10852,11322,55837,60071,61012,61337,61488,61559,62389,62488,62573,62852,62902,63744,63851,63929,64208,64327,65213,65493,66473,66851,70573
chip02,60001,61000,0,1000,59376,61194,63883,10165,10340,10533,56919,58441,59376,59671,59805,59845,59897,60760,60821,60882,61194,61245,62074,62166,62228,62504,62620,63518,63883,64912,69994
chip02,60001,61000,1,1000,57206,59573,61421,10189,10377,10568,55302,57140,57206,58116,58187,58554,58592,58621,58654,59512,59573,59602,59651,60006,60045,60100,60984,61033,61421,62388,65137
chip02,60001,61000,2,1000,58246,60653,63287,10292,10501,10703,55440,57051,58246,58355,59192,59322,59603,59705,59766,60532,60653,60744,60959,61084,61179,62002,62121,62371,63287,63471,66180
chip02,60001,61000,3,1000,58554,60932,62790,10544,10735,10944,54210,58122,58554,58599,58677,59549,59591,59963,60013,60043,60932,60980,61008,61307,61414,61480,62378,62419,62790,63795,67704
chip02,60001,61000,4,1000,57204,59829,62396,11140,11380,11604,54351,57130,57204,58131,58223,58579,58657,59491,59571,59622,59829,59998,60073,60931,60994,61084,61401,61521,62396,62795,69308
chip02,60001,61000,5,1000,58288,60130,62869,11150,11381,11594,55716,57268,58288,58597,58686,59494,59624,59693,59930,60068,60130,60943,61058,61167,61429,61530,62387,62507,62869,63905,66769
chip02,60001,61000,6,1000,60829,62689,65103,11056,11274,11474,57172,59938,60829,60987,61317,61399,61444,62257,62360,62407,62689,62781,62831,63679,63748,63804,64096,64179,65103,65462,70269
chip02,61001,62000,0,1000,59739,62125,64858,10191,10388,10586,57902,59347,59739,60613,60709,60974,61109,61144,62019,62084,62125,62437,62500,62562,63469,63514,63816,64778,64858,66118,73787
chip02,61001,62000,1,1000,58152,59991,63526,10208,10401,10603,55663,57141,58152,58503,58557,58643,59499,59543,59861,59941,59991,60850,60931,60980,61297,61383,62276,62392,63526,63808,67621
chip02,61001,62000,2,1000,58309,60711,63456,10298,10507,10711,55409,58193,58309,59199,59281,59591,59689,59768,60611,60671,60711,60969,61087,61143,62007,62081,62273,62515,63456,64741,70012
chip02,61001,62000,3,1000,59898,62421,66352,10602,10777,10983,57038,59442,59898,60049,60910,60995,61290,61378,62234,62311,62421,62687,62883,63659,63764,64050,65025,65339,66352,67639,72666
chip02,61001,62000,4,1000,58141,60911,63683,11201,11397,11591,55654,57170,58141,58512,58635,59497,59610,59905,59974,60849,60911,60982,61297,61360,62201,62305,62385,62745,63683,64088,66489
chip02,61001,62000,5,1000,58165,60032,62429,11197,11405,11625,55747,57190,58165,58520,58595,58661,59527,59588,59714,59990,60032,60086,60923,60991,61031,61097,61454,62341,62429,62808,65193
chip02,61001,62000,6,1000,60925,63609,66351,11026,11228,11438,58386,59946,60925,61298,61388,62273,62339,62535,62682,62761,63609,63700,63759,64050,64139,65028,65076,65388,66351,66690,71404
chip02,62001,63000,0,1000,59640,62000,64722,10301,10486,10688,56734,59247,59640,59695,60590,60646,60947,61023,61062,61111,62000,62032,62082,62407,62452,63359,63405,63731,64722,65021,68672
chip02,62001,63000,1,1000,59320,61165,63608,10323,10521,10720,56517,58405,59320,59408,59783,59829,59874,60754,60802,60827,61165,61219,61250,62112,62202,62244,62592,62681,63608,64895,67818
chip02,62001,63000,2,1000,59230,61862,63764,10384,10585,10796,56382,58318,59230,59527,59617,60455,60586,60832,60954,61041,61862,61963,62041,62292,62384,63224,63343,63464,63764,64760,67632
chip02,62001,63000,3,1000,59441,62183,65003,10700,10914,11138,56904,58480,59441,59830,59897,60800,60873,61205,61238,61294,62183,62224,62283,62615,63523,63600,63941,64873,65003,66251,69175
chip02,62001,63000,4,1000,56746,58589,61296,11201,11407,11651,53896,55756,56746,57075,57117,57996,58054,58106,58447,58512,58589,59446,59507,59553,59876,59965,60844,60928,61296,62305,66338
chip02,62001,63000,5,1000,58210,60027,62787,11345,11544,11768,55605,57192,58210,58518,58580,59392,59518,59586,59891,59967,60027,60866,60941,60989,61327,61423,62311,62420,62787,63741,66351
chip02,62001,63000,6,1000,60690,62622,65010,11128,11333,11542,58296,59866,60690,60907,61233,61290,61363,62220,62266,62326,62622,62672,62710,63590,63641,63684,64003,64080,65010,65381,69217
chip02,63001,64000,0,1000,60979,63664,68482,10449,10643,10849,58126,60608,60979,61893,61981,62307,62360,62424,63319,63367,63664,63731,64642,64712,65013,65975,66254,67303,68482,70044,75835
chip02,63001,64000,1,1000,58395,60768,63481,10431,10610,10805,56818,58270,58395,59322,59586,59732,59777,59823,60681,60739,60768,60826,61140,61202,62077,62147,62205,62523,63481,63861,66527
chip02,63001,64000,2,1000,59487,61929,64638,10492,10677,10883,57598,59382,59487,60365,60503,60784,60881,60940,61746,61851,61929,62168,62262,62369,63221,63321,63594,64493,64638,65898,70054
chip02,63001,64000,3,1000,59350,61205,63895,10828,11025,11219,56924,58395,59350,59723,59782,59838,60738,60788,61100,61165,61205,62063,62141,62191,62480,62575,63473,63543,63895,64889,69070
chip02,63001,64000,4,1000,57116,59821,63578,11295,11528,11769,54222,56970,57116,58039,58366,58436,58519,59357,59452,59714,59821,59957,60781,60908,61185,62035,62183,62561,63578,64845,72472
chip02,63001,64000,5,1000,59814,62223,64771,11370,11606,11831,58023,59631,59814,60680,60829,61121,61216,61257,61329,62155,62223,62284,62563,62633,63452,63567,63630,63855,64771,65031,67928
chip02,63001,64000,6,1000,60747,62527,64925,11161,11359,11571,58276,59801,60747,61072,61157,61216,62028,62126,62188,62438,62527,62593,62664,63498,63554,63599,63916,64747,64925,65303,68854
chip02,64001,65000,0,1000,62182,65824,69963,10552,10733,10934,58085,61766,62182,62246,63199,63538,63645,64529,64607,64882,65824,65876,66166,67113,67183,67463,68445,68770,69963,72159,76979
chip02,64001,65000,1,1000,58376,60733,63352,10467,10699,10938,56788,58236,58376,59287,59603,59677,59721,60536,60628,60676,60733,61012,61078,61131,61968,62057,62112,62445,63352,63483,66110
chip02,64001,65000,2,1000,60412,62217,64824,10660,10868,11097,57887,59426,60412,60740,60837,61664,61765,61826,62014,62155,62217,62271,63126,63185,63301,63543,64358,64532,64824,65845,68420
chip02,64001,65000,3,1000,61068,63801,67388,10971,11217,11461,58249,60722,61068,61970,62105,62401,62477,63383,63468,63733,63801,64688,64769,64843,65127,66035,66140,66440,67388,68689,74814
chip02,64001,65000,4,1000,58275,60704,62625,11421,11647,11911,55488,57013,58275,58349,59240,59316,59624,59709,59761,60615,60704,60755,60854,61117,61222,62088,62159,62489,62625,63563,66411
chip02,64001,65000,5,1000,58356,60772,63503,11585,11837,12138,55567,58015,58356,58452,59324,59438,59757,59815,59881,60716,60772,60833,61110,61201,62002,62161,62218,62579,63503,63791,67457
chip02,64001,65000,6,1000,61005,63401,66124,11401,11635,11898,58230,60589,61005,61119,61995,62082,62352,62443,62499,63296,63401,63465,63697,63800,63920,64772,64837,65153,66124,66499,69974
chip02,65001,66000,0,1000,62190,66055,70797,10677,10872,11088,59318,61762,62190,63130,63448,64393,64474,64753,64855,65776,66055,66157,67062,67307,67439,68381,68651,69648,70797,72064,79191
chip02,65001,66000,1,1000,59588,61944,63817,10635,10829,11014,58066,59447,59588,59662,60539,60630,60930,60983,61033,61847,61944,61998,62166,62339,62390,63289,63373,63643,63817,64754,69898
chip02,65001,66000,2,1000,61807,64789,69565,10687,10904,11127,58053,60732,61807,62100,63006,63303,63444,64278,64430,64657,64789,65648,65774,66016,66969,67277,68264,68530,69565,70838,78069
chip02,65001,66000,3,1000,60518,62323,64730,11022,11216,11411,56828,59567,60518,60595,60943,60984,61009,61919,61953,61995,62323,62363,62392,63307,63346,63398,63735,64675,64730,66025,69955
chip02,65001,66000,4,1000,59179,61166,64703,11523,11745,11979,56493,58219,59179,59533,59632,59717,60581,60661,60935,61021,61166,61973,62041,62337,62461,63325,63421,63746,64703,65135,69921
chip02,65001,66000,5,1000,59184,61105,63502,11702,11921,12147,56793,58297,59184,59595,59686,59747,60590,60666,60722,61037,61105,61160,61992,62081,62129,62436,62503,63407,63502,63902,67495
chip02,65001,66000,6,1000,60924,63288,66061,11398,11607,11823,58140,59661,60924,61017,61064,61930,62017,62303,62379,62422,63288,63372,63406,63681,63784,64687,64760,65080,66061,66423,71404
chip02,66001,67000,0,1000,61681,64366,67329,10717,10923,11127,58024,60702,61681,62027,62067,62980,63038,63111,63400,63476,64366,64414,64714,65642,65708,65774,66063,67026,67329,68606,73467
chip02,66001,67000,1,1000,60808,62320,64954,10714,10911,11120,56675,60429,60808,60877,60930,61819,61874,62129,62246,62276,62320,63205,63260,63365,63625,63682,64579,64629,64954,65957,68870
chip02,66001,67000,2,1000,64109,66913,70828,10854,11056,11273,60115,62941,64109,64340,64613,64666,65587,65637,65932,66003,66913,66968,67240,67316,68242,68515,69511,69628,70828,72096,78237
chip02,66001,67000,3,1000,59595,62305,64963,11072,11290,11511,57947,59508,59595,60544,60890,60934,61011,61882,61933,62249,62305,62380,63229,63288,63363,63627,63718,64623,64963,65960,69832
chip02,66001,67000,4,1000,60417,63617,67593,11590,11836,12111,56665,59449,60417,60773,60952,61827,62089,62252,63171,63377,63617,64517,64639,64898,65809,65979,66280,67241,67593,68824,73455
chip02,66001,67000,5,1000,59597,62317,65942,11800,12021,12261,56349,59251,59597,59771,60614,60935,61022,61841,61963,62029,62317,62395,63286,63388,63662,63781,64690,64801,65942,66355,69878
chip02,66001,67000,6,1000,61772,63687,66355,11497,11739,11985,58155,60886,61772,61939,62256,62344,63229,63288,63395,63629,63687,63776,64624,64673,64974,65040,65968,66048,66355,67386,72276
chip02,67001,68000,0,1000,61662,64565,68529,10791,10995,11212,57806,60654,61662,62003,62903,62977,63057,63336,64199,64316,64565,64661,65567,65672,65952,66921,67152,68192,68529,69773,74588
chip02,67001,68000,1,1000,60801,63133,64915,10720,10923,11115,58081,60417,60801,60866,61781,61872,62143,62176,62207,62260,63133,63168,63198,63484,63554,63619,64504,64561,64915,65899,68537
chip02,67001,68000,2,1000,63256,66798,69788,10957,11167,11388,59046,62835,63256,64227,64528,64595,65455,65557,65809,65913,66798,66884,67142,67215,68162,68246,68504,69464,69788,71013,76756
chip02,67001,68000,3,1000,60472,62266,64911,11149,11337,11548,57954,59462,60472,60809,60856,61756,61801,61852,62155,62207,62266,63148,63194,63235,63548,63603,64514,64575,64911,65920,71301
chip02,67001,68000,4,1000,59120,61736,63676,11679,11907,12166,56667,58107,59120,59427,59507,60381,60451,60759,60822,60867,61736,61795,61864,62162,62230,62336,63205,63375,63676,64588,68486
chip02,67001,68000,5,1000,62177,64930,68814,11921,12214,12454,56644,60987,62177,62302,63193,63303,63591,63697,64560,64680,64930,65076,65919,66180,66304,67266,67567,68528,68814,70096,76148
chip02,67001,68000,6,1000,60810,63231,65964,11519,11752,11989,58005,60473,60810,60941,61784,61916,62194,62262,63077,63161,63231,63477,63585,63672,64547,64604,64909,65834,65964,67193,71272
chip02,68001,69000,0,1000,61903,64537,68182,10845,11038,11216,57744,61542,61903,61972,62908,62997,63254,63306,64208,64259,64537,64613,65542,65602,65900,66846,66929,67200,68182,69437,74411
chip02,68001,69000,1,1000,59460,62035,64498,10780,10972,11180,57631,59355,59460,60365,60660,60748,60795,60890,61735,61777,62035,62153,62191,63071,63129,63171,63500,63564,64498,64861,68518
chip02,68001,69000,2,1000,64272,66858,70685,10949,11164,11371,61485,63149,64272,64458,64538,65418,65529,65782,65879,66763,66858,67102,67972,68083,68329,68436,69381,69655,70685,71934,76739
chip02,68001,69000,3,1000,60388,62142,64508,11243,11452,11661,57947,59433,60388,60733,60780,60818,61709,61758,61803,62093,62142,62185,63064,63109,63149,63413,63511,64435,64508,65761,68455
chip02,68001,69000,4,1000,59035,61749,64721,11854,12061,12264,56618,58078,59035,59404,59490,60357,60442,60724,60831,61625,61749,61813,62043,62140,62260,63125,63254,63626,64721,65854,69737
chip02,68001,69000,5,1000,62057,65821,70915,12047,12264,12495,58107,60817,62057,62191,63114,63474,63542,64479,64802,64910,65821,66122,66239,67148,67437,68415,68704,69714,70915,71314,77267
chip02,68001,69000,6,1000,60798,63206,65851,11688,11913,12112,58028,60678,60798,61690,61780,62074,62141,62255,63073,63141,63206,63459,63524,63596,64456,64523,64807,65704,65851,67089,69922
chip02,69001,70000,0,1000,62770,64554,68060,10910,11110,11301,59141,61834,62770,62835,63147,63209,64129,64189,64252,64516,64554,65454,65501,65541,65811,65862,66810,66935,68060,68391,74243
chip02,69001,70000,1,1000,60677,63044,65673,10894,11097,11304,57750,60578,60677,61565,61687,61952,62015,62074,62824,62970,63044,63115,63363,63442,64289,64378,64457,64732,65673,65816,69624
chip02,69001,70000,2,1000,64007,66795,70776,11019,11233,11473,60250,62997,64007,64330,64453,65342,65469,65734,66550,66698,66795,67035,67866,68046,68338,69273,69504,69680,70776,71880,77865
chip02,69001,70000,3,1000,60682,63012,64727,11350,11551,11751,57910,60308,60682,60739,61647,61683,61945,62053,62088,62137,63012,63047,63072,63128,63430,63494,64382,64422,64727,65745,68442
chip02,69001,70000,4,1000,60269,63494,69567,11890,12142,12396,56637,59277,60269,60632,60769,61692,61945,62109,62988,63290,63494,64389,64672,65660,65965,66935,67285,68309,69567,71064,78102
chip02,69001,70000,5,1000,60360,63062,65821,12052,12273,12494,57897,59397,60360,60716,60781,61628,61761,61851,62127,62172,63062,63116,63165,63478,63546,64461,64523,64859,65821,66205,69686
chip02,69001,70000,6,1000,61710,63476,65835,11693,11900,12129,59195,60733,61710,62006,62086,62137,62984,63074,63305,63425,63476,64302,64374,64428,64466,64747,64829,65756,65835,67095,72107
chip02,70001,71000,0,1000,60418,62819,65490,10923,11175,11395,57618,60074,60418,60502,61405,61490,61781,61837,62667,62763,62819,63083,63154,63221,64108,64159,64418,64539,65490,66650,71677
chip02,70001,71000,1,1000,60617,62985,65673,10919,11184,11409,57787,60469,60617,61491,61588,61832,61952,62013,62852,62940,62985,63066,63321,63380,64266,64341,64562,64737,65673,66015,71890
chip02,70001,71000,2,1000,64028,66833,70513,11054,11339,11616,60143,62953,64028,64329,65158,65367,65641,65708,66544,66647,66833,66981,67799,67951,68132,68291,69228,69501,70513,71774,78969
chip02,70001,71000,3,1000,60646,62987,65636,11376,11621,11862,57821,60563,60646,61521,61618,61678,61970,62009,62064,62948,62987,63050,63333,63371,64134,64322,64366,64669,65636,65773,69623
chip02,70001,71000,4,1000,59259,61641,64323,11856,12140,12390,56520,58863,59259,59368,60239,60494,60615,60667,61474,61591,61641,61720,61997,62058,62936,63001,63053,63403,64323,64421,67353
chip02,70001,71000,5,1000,59361,62004,64432,12010,12283,12562,57477,59256,59361,60286,60628,60708,60759,61624,61687,61743,62004,62077,62131,63009,63069,63124,63432,64321,64432,64814,70925
chip02,70001,71000,6,1000,62014,64398,67116,11892,12247,12498,59200,61691,62014,62843,63021,63311,63368,63428,64286,64358,64398,64653,64737,65596,65688,65759,66048,66936,67116,68322,73489
chip02,71001,72000,0,1000,60224,61846,64493,11053,11259,11468,56335,59099,60224,60395,60446,61322,61398,61471,61744,61798,61846,62725,62784,63055,63130,63194,64090,64162,64493,65472,69397
chip02,71001,72000,1,1000,60235,61991,64356,11080,11288,11523,56414,59262,60235,60545,60597,60690,61540,61609,61865,61945,61991,62056,62903,62951,62992,63283,63362,64268,64356,65573,69471
chip02,71001,72000,2,1000,65238,69176,74176,11295,11520,11757,61240,64219,65238,65622,66579,66883,67814,67917,68189,68300,69176,69455,70361,70467,70732,71689,71953,72967,74176,75394,80135
chip02,71001,72000,3,1000,61553,64204,66921,11550,11756,11995,59201,60576,61553,61897,61958,62845,62916,62971,63253,63301,64204,64265,64344,64613,64671,65585,65634,65949,66921,67277,72064
chip02,71001,72000,4,1000,60195,62040,64757,12018,12274,12534,57788,59208,60195,60515,60592,60668,61546,61622,61891,61963,62040,62893,62959,63034,63294,64180,64294,64400,64757,65863,68324
chip02,71001,72000,5,1000,60493,62975,65657,12269,12522,12791,57863,59389,60493,60631,60734,61594,61696,61959,62036,62854,62975,63030,63286,63377,64215,64339,64401,64698,65657,66050,69708
chip02,71001,72000,6,1000,63166,65675,68634,12119,12344,12623,60535,61995,63166,63309,64163,64309,64571,64655,64760,65608,65675,65933,65988,66882,66988,67258,68122,68280,68634,69823,78208
chip02,72001,73000,0,1000,60325,62655,64436,11204,11412,11626,57598,59910,60325,60400,61277,61353,61622,61706,61743,61787,62655,62705,62751,63018,63094,63914,64046,64094,64436,65413,70571
chip02,72001,73000,1,1000,60557,63142,65611,11197,11419,11658,58761,60462,60557,61488,61766,61864,61903,61962,62834,62876,63142,63222,63275,64150,64220,64265,64570,65517,65611,66877,68497
chip02,72001,73000,2,1000,64175,66865,70453,11367,11583,11805,61413,63784,64175,64376,65248,65482,65566,66455,66547,66775,66865,67712,67840,68096,68170,69090,69173,69491,70453,71712,82439
chip02,72001,73000,3,1000,61498,63239,65899,11624,11838,12064,58740,60509,61498,61822,61867,61913,62817,62859,63160,63202,63239,63290,64178,64209,64271,64564,65493,65561,65899,66878,70967
chip02,72001,73000,4,1000,60474,62925,65817,12157,12397,12636,57767,60093,60474,60561,61460,61553,61832,61899,62044,62845,62925,63144,63242,63324,64180,64260,64532,65487,65817,66858,73091
chip02,72001,73000,5,1000,61407,63339,66943,12470,12699,12976,57716,60488,61407,61621,61895,61983,62822,62940,63141,63267,63339,64188,64295,64539,64689,65571,65801,65990,66943,68128,73206
chip02,72001,73000,6,1000,63237,65924,69486,12146,12397,12651,60457,62873,63237,64160,64474,64570,64631,65533,65589,65870,65924,66836,66895,67173,67271,68193,68253,68527,69486,70765,74506
chip02,73001,74000,0,1000,60313,62877,65331,11233,11445,11673,57610,60212,60313,61215,61363,61621,61678,61743,62603,62664,62877,62971,63017,63092,63973,64038,64333,65250,65331,66575,69172
chip02,73001,74000,1,1000,61778,64175,66802,11236,11455,11657,58976,61447,61778,62697,62781,63078,63136,63181,64058,64117,64175,64456,64507,64566,65454,65492,65749,65842,66802,67137,70696
chip02,73001,74000,2,1000,62918,66441,70322,11348,11571,11804,60026,62713,62918,64032,64169,65039,65167,65402,65494,66324,66441,66535,66780,67669,67835,68113,69036,69340,70322,71505,74304
chip02,73001,74000,3,1000,61782,64141,66803,11716,11918,12138,58992,61399,61782,61825,62757,62823,63135,63171,63212,64105,64141,64184,64475,64513,64584,65473,65526,65832,66803,67110,70971
chip02,73001,74000,4,1000,61434,64099,66869,12184,12457,12722,57697,60404,61434,61771,61832,62730,62829,63098,63173,63283,64099,64189,64417,64512,65391,65549,65769,66725,66869,68056,73315
chip02,73001,74000,5,1000,62684,65516,69358,12450,12699,12958,59077,61705,62684,63083,63200,64079,64266,64467,64588,65429,65516,65719,65846,66717,66840,67062,68006,68245,69358,70646,76925
chip02,73001,74000,6,1000,65692,68413,74539,12226,12506,12791,61397,64498,65692,65819,66588,66779,67057,67129,68057,68132,68413,69341,69435,69683,70650,70924,71997,73167,74539,76756,83857
chip02,74001,75000,0,1000,60324,62927,65506,11263,11480,11703,57522,60226,60324,61265,61535,61616,62434,62543,62605,62867,62927,62980,63840,63928,63996,64254,65155,65236,65506,66563,69189
chip02,74001,75000,1,1000,61317,63112,65788,11345,11565,11811,57662,60369,61317,61450,61713,61768,61844,62697,62771,63037,63112,63185,64047,64100,64338,64448,65363,65455,65788,66809,71835
chip02,74001,75000,2,1000,62904,65462,68970,11365,11590,11821,60117,62730,62904,63772,64042,64125,64205,65066,65139,65300,65462,65540,66412,66476,66687,66818,67733,67803,68970,69351,75500
chip02,74001,75000,3,1000,63104,65478,68067,11753,11986,12235,60406,62797,63104,64024,64095,64366,64412,64474,65354,65393,65478,65711,65752,66666,66714,66793,67047,67973,68067,68425,71807
chip02,74001,75000,4,1000,63023,66701,71799,12360,12619,12889,58918,62617,63023,64009,64339,65210,65329,65606,65725,66608,66701,66950,67076,67963,68237,69213,69533,70579,71799,73297,80340
chip02,74001,75000,5,1000,63005,65647,69345,12532,12785,13048,60307,62582,63005,63166,64074,64337,64455,64529,65380,65465,65647,65791,65898,66740,66839,67087,68005,68151,69345,69650,74372
chip02,74001,75000,6,1000,65717,69292,75502,12350,12599,12910,61617,65358,65717,66657,66734,67029,67124,68022,68299,68341,69292,69484,69637,70598,70860,71819,72091,73354,75502,76932,84871
chip02,75001,76000,0,1000,61194,62964,65609,11328,11559,11787,58726,60265,61194,61518,61594,62473,62556,62771,62863,62902,62964,63819,63879,64112,64226,65082,65189,65253,65609,66552,69139
chip02,75001,76000,1,1000,61669,64028,66680,11418,11675,11932,58978,61331,61669,61725,62631,62705,63009,63048,63099,63988,64028,64075,64366,64401,65311,65372,65466,65738,66680,67033,71738
chip02,75001,76000,2,1000,63960,66613,70254,11477,11714,11969,61054,63603,63960,64107,65003,65209,65366,66219,66328,66405,66613,66724,67570,67704,67899,68033,68950,69199,70254,71410,75210
chip02,75001,76000,3,1000,65384,68278,72942,11936,12191,12471,61608,64307,65384,65638,66584,66873,66956,67882,67968,68211,68278,69195,69248,69512,70444,70569,70817,71789,72942,74218,78973
chip02,75001,76000,4,1000,62645,65678,70451,12488,12749,13012,58969,61631,62645,62999,63915,64044,64302,64451,65313,65573,65678,66595,66782,67005,67946,68216,69156,69399,70451,71787,78904
chip02,75001,76000,5,1000,63963,66738,70541,12630,12892,13167,60209,63008,63963,64330,64415,65334,65418,65697,65753,66675,66738,67008,67077,68008,68270,68336,69281,69532,70541,70889,74549
chip02,75001,76000,6,1000,65328,69228,74283,12330,12636,12949,61569,64328,65328,65657,66590,66660,66950,67863,67964,68274,69228,69495,69581,70528,70797,71776,72032,73042,74283,76647,82519
chip02,76001,77000,0,1000,61069,62817,65197,11466,11681,11902,57534,60149,61069,61338,61460,61538,62362,62455,62504,62757,62817,62880,63726,63789,63839,64062,64177,65057,65197,66441,69119
chip02,76001,77000,1,1000,62904,65288,67974,11675,11901,12127,60187,62517,62904,62981,63894,63975,64261,64312,65175,65253,65288,65519,65601,65653,66538,66601,66881,67841,67974,69174,72957
chip02,76001,77000,2,1000,64992,67864,71383,11571,11800,12042,59996,63911,64992,65254,66159,66436,66577,67412,67549,67719,67864,68039,68832,68947,69135,70012,70176,70412,71383,72691,77629
chip02,76001,77000,3,1000,64251,66916,70490,12005,12243,12494,61546,63962,64251,65211,65514,65569,65635,66535,66584,66853,66916,67835,67885,68168,68221,69143,69238,69513,70490,71729,76637
chip02,76001,77000,4,1000,63809,66640,70481,12499,12781,13041,58832,62823,63809,64140,64232,65133,65235,65534,65661,66523,66640,66856,67762,67861,68129,69025,69168,69465,70481,71861,80122
chip02,76001,77000,5,1000,63884,66593,69333,12662,12923,13205,60173,62945,63884,64048,64341,65201,65319,65385,65641,65696,66593,66657,66863,66982,67030,67954,68026,69130,69333,70558,75395
chip02,76001,77000,6,1000,65243,68215,73035,12396,12704,12991,61573,64247,65243,65585,65673,66606,66881,66951,67850,67942,68215,69113,69209,69461,70430,70714,71707,72008,73035,74273,80116
chip02,77001,78000,0,1000,61287,63738,66389,11503,11737,11981,58629,60160,61287,61432,62301,62414,62627,62730,62795,63641,63738,63823,64058,64138,65015,65082,65335,66177,66389,67579,70206
chip02,77001,78000,1,1000,62528,65122,66890,11694,11935,12168,60088,61559,62528,62849,62911,63796,63875,63973,64200,64248,65122,65186,65226,65455,65534,65605,66503,66599,66890,68084,74116
chip02,77001,78000,2,1000,64994,67672,71396,11657,11888,12106,62228,63992,64994,65182,66047,66201,66395,66488,66608,67461,67672,67811,68658,68804,68999,69921,70096,70338,71396,72548,78828
chip02,77001,78000,3,1000,64126,66464,69119,12080,12304,12552,60192,62889,64126,64182,65079,65148,65409,65486,65516,66425,66464,66510,66794,66840,67759,67808,68084,69009,69119,70345,74214
chip02,77001,78000,4,1000,63814,66768,71480,12632,12884,13158,61129,62820,63814,64118,64238,65101,65207,65500,66440,66538,66768,67671,67755,67850,68121,69066,69324,70316,71480,72816,78973
chip02,77001,78000,5,1000,63825,66564,70367,12792,13096,13362,60220,62870,63825,64170,64266,65190,65275,65541,65608,66495,66564,66791,66899,67798,67871,68147,68254,69201,70367,70777,75378
chip02,77001,78000,6,1000,65129,68162,74354,12597,12885,13160,60168,64116,65129,65482,65555,66492,66776,66850,67791,67866,68162,69132,69412,70378,70650,71646,71976,73151,74354,76498,84707
chip02,78001,79000,0,1000,62295,64915,67617,11530,11756,11981,59867,61304,62295,62580,62675,62784,63629,63693,63961,64031,64915,64994,65088,65310,65362,66265,66332,66628,67617,68866,74924
chip02,78001,79000,1,1000,62855,65507,69083,11721,11956,12213,60141,62742,62855,63804,64102,64165,65059,65124,65340,65460,65507,66398,66459,66678,66785,67692,67807,68152,69083,70358,78761
chip02,78001,79000,2,1000,66382,71465,77495,11735,11987,12206,61152,65992,66382,67419,68506,68773,69006,69961,70214,71183,71465,72423,72685,73681,73925,74947,76045,76329,77495,78733,85475
chip02,78001,79000,3,1000,64130,66447,69358,12093,12298,12528,61280,64055,64130,65044,65101,65405,65441,65490,66372,66406,66447,66726,66776,67694,67745,68037,68995,69060,69358,70586,74295
chip02,78001,79000,4,1000,62775,66429,71736,12534,12806,13083,58835,62348,62775,63753,64053,64193,65075,65227,65424,66324,66429,66710,67630,67743,68009,68946,69236,70392,71736,73904,81211
chip02,78001,79000,5,1000,63772,66781,74044,12728,13012,13399,60184,62837,63772,64067,64233,64306,65213,65459,65582,66528,66781,66921,67848,68181,69253,70344,71579,72793,74044,76411,81220
chip02,78001,79000,6,1000,64173,66810,70346,12569,12815,13103,61487,63859,64173,65107,65370,65480,66355,66446,66514,66760,66810,67686,67770,67813,68082,69011,69080,69370,70346,70686,75613
chip02,79001,80000,0,1000,63534,66431,71423,11650,11881,12168,58571,62541,63534,63815,63971,64811,64988,65191,66008,66244,66431,67268,67487,67675,67894,68878,69908,70249,71423,73545,83319
chip02,79001,80000,1,1000,63688,66425,71425,11784,12043,12309,61331,62706,63688,64026,64094,65000,65091,65381,65441,66354,66425,66695,67619,67699,67965,68906,69074,70223,71425,72692,78936
chip02,79001,80000,2,1000,65898,68954,73549,11852,12101,12383,61181,64797,65898,66102,66422,67318,67568,67751,68624,68816,68954,69836,69940,70215,71115,71355,72313,72477,73549,74802,80879
chip02,79001,80000,3,1000,65038,67653,70488,12249,12481,12712,62663,64062,65038,65330,65386,66293,66356,66601,66688,67547,67653,67697,67924,68013,68921,68980,69229,70203,70488,71577,78855
chip02,79001,80000,4,1000,65060,68867,72711,12776,13057,13369,60071,64035,65060,65392,66315,66599,67531,67611,67892,67954,68867,68933,69177,69248,70178,70432,71406,71528,72711,73977,79933
chip02,79001,80000,5,1000,66305,70239,75246,13006,13272,13563,61375,65117,66305,66691,66775,67721,68005,68946,69039,69297,70239,70296,70578,71533,71799,72775,73056,74060,75246,76648,83733
chip02,79001,80000,6,1000,63989,66461,69361,12566,12825,13118,60022,62841,63989,64107,65009,65099,65400,65465,66346,66400,66461,66690,66784,67664,67745,67976,68127,69029,69361,70372,75160
chip02,80001,81000,0,1000,63804,66513,71167,11633,11866,12119,61084,63437,63804,64665,64871,65077,65208,66065,66179,66339,66513,67348,67472,67669,68578,68761,69051,70007,71167,72452,80822
chip02,80001,81000,1,1000,64052,67573,70501,11785,12047,12314,61339,63696,64052,65047,65322,65411,66298,66377,66622,66685,67573,67631,67860,67942,68872,68977,69254,70212,70501,71484,76371
chip02,80001,81000,2,1000,64601,67299,70302,11912,12164,12420,61083,63674,64601,64788,65027,65158,66022,66228,66334,66435,67299,67414,67614,67764,68600,68770,68977,69923,70302,71441,77186
chip02,80001,81000,3,1000,63958,66303,68906,12186,12441,12716,60025,62745,63958,64012,64066,64990,65038,65312,65352,65401,66303,66335,66391,66633,66685,67608,67656,67948,68906,69293,73925
chip02,80001,81000,4,1000,63946,67567,71658,12813,13125,13451,60046,63524,63946,64878,65008,65279,66176,66329,66586,66720,67567,67798,67956,68867,69129,70083,70375,71347,71658,73830,80066
chip02,80001,81000,5,1000,63933,66429,70508,13064,13324,13611,61039,62778,63933,64060,64182,65050,65254,65399,65486,66361,66429,66695,66797,67696,67963,68691,69005,70140,70508,71778,76657
chip02,80001,81000,6,1000,63622,65432,68988,12687,12945,13213,59958,62679,63622,63899,64022,64113,64985,65050,65295,65378,65432,66318,66393,66642,66772,67659,67714,68015,68988,70234,76398
chip02,81001,82000,0,1000,63787,67590,72560,11777,12029,12312,59942,62589,63787,64715,65013,65152,66084,66308,66459,67361,67590,67724,68647,68839,69796,69993,71026,71379,72560,73942,80886
chip02,81001,82000,1,1000,63984,66591,69185,11941,12220,12506,60964,63689,63984,64903,65013,65294,65371,66243,66289,66524,66591,66652,67527,67584,67684,67910,68856,68951,69185,70206,73935
chip02,81001,82000,2,1000,64951,67542,71136,12043,12326,12586,60714,63764,64951,65067,65991,66162,66324,66401,67282,67364,67542,67643,67729,68602,68736,68923,69850,69949,71136,71438,78503
chip02,81001,82000,3,1000,64022,66611,70144,12349,12614,12892,61352,63906,64022,64963,65120,65286,65375,66245,66308,66551,66611,67494,67569,67653,67882,68794,68869,69166,70144,70467,75147
chip02,81001,82000,4,1000,62599,65262,70090,12862,13155,13423,59935,62237,62599,62689,63605,63711,63973,64050,64934,65005,65262,65344,66215,66292,66561,66740,67639,68856,70090,71609,77533
chip02,81001,82000,5,1000,63956,66366,69031,13178,13459,13776,61299,62761,63956,64047,64957,65051,65303,65360,65490,66305,66366,66586,66672,66732,67634,67715,67975,68916,69031,70243,77598
chip02,81001,82000,6,1000,63861,66313,68922,12787,13061,13360,60995,62748,63861,64003,64827,64945,65152,65277,65359,66202,66313,66482,66573,66688,67531,67622,67844,68001,68922,70140,73933
chip02,82001,83000,0,1000,64606,67558,72268,11793,12013,12235,59730,63608,64606,64946,65057,65943,66187,66318,67221,67356,67558,68394,68556,68772,68987,69928,70151,71142,72268,73512,77387
chip02,82001,83000,1,1000,64924,67505,70343,12020,12230,12452,62529,63918,64924,65193,65262,66181,66446,66502,66553,67464,67505,67549,67812,68743,68804,69060,69160,70088,70343,71579,75062
chip02,82001,83000,2,1000,66295,70014,73726,12212,12434,12654,63637,66089,66295,67381,67534,68452,68560,68781,69676,69803,70014,70108,71002,71091,71322,72180,72353,72612,73726,74878,80804
chip02,82001,83000,3,1000,65198,67541,70102,12372,12603,12833,62569,64913,65198,66083,66177,66429,66505,66539,67458,67500,67541,67794,67828,67875,68788,68818,69085,69147,70102,70444,76522
chip02,82001,83000,4,1000,62646,65256,68825,12875,13115,13350,59883,62543,62646,63555,63670,63907,64023,64871,64934,65149,65256,66142,66234,66447,66573,67478,67622,67897,68825,70100,75240
chip02,82001,83000,5,1000,63949,66601,70395,13248,13498,13764,61291,63621,63949,64089,64969,65201,65333,66224,66313,66509,66601,66726,67581,67814,67929,68822,69072,69282,70395,71672,78706
chip02,82001,83000,6,1000,63516,65335,68790,12809,13066,13341,59900,62584,63516,63823,63919,63988,64857,64919,65002,65260,65335,66195,66257,66327,66566,66671,67549,67780,68790,69128,72563
chip02,83001,84000,0,1000,64560,67205,70099,11860,12083,12292,60917,63600,64560,64738,64947,65068,65948,66126,66255,66338,67205,67304,67525,67604,68502,68594,68835,69800,70099,71359,77197
chip02,83001,84000,1,1000,64779,67341,70098,12045,12247,12467,61216,63849,64779,64926,65176,65249,66143,66207,66442,66491,67341,67444,67524,67735,67833,68723,68856,69940,70098,71242,72745
chip02,83001,84000,2,1000,65861,68502,72503,12204,12454,12701,62209,64886,65861,66167,66256,67180,67420,67493,67552,68454,68502,68748,68804,69729,69830,70084,71044,71382,72503,73816,83151
chip02,83001,84000,3,1000,65081,67444,70053,12509,12733,12973,61221,63883,65081,65170,65236,66150,66210,66459,66514,67367,67444,67502,67736,67800,68690,68769,68961,69088,70053,71216,74029
chip02,83001,84000,4,1000,62558,65248,70211,12937,13197,13453,59922,62203,62558,62650,63568,63836,63917,63984,64886,65050,65248,66135,66240,66503,67460,67703,68746,69063,70211,72476,77557
chip02,83001,84000,5,1000,64907,67734,71336,13488,13750,14035,61332,63909,64907,65213,66130,66240,66494,66560,67443,67538,67734,67842,68702,68800,69002,69138,70066,70305,71336,72645,77740
chip02,83001,84000,6,1000,62553,65066,67525,12942,13198,13457,59899,62211,62553,62658,63588,63840,63916,63973,64827,64913,65066,65185,65257,66064,66200,66257,66485,67390,67525,67893,71413
chip02,84001,85000,0,1000,64855,67496,71076,11858,12077,12295,60910,64488,64855,65744,65909,66142,66254,67094,67198,67365,67496,67588,68429,68506,68742,68850,69795,70074,71076,72468,80774
chip02,84001,85000,1,1000,65996,68631,71495,12213,12454,12706,62365,65034,65996,66130,66376,66467,67367,67612,67676,67728,68631,68681,68891,68984,69889,69959,70216,71198,71495,72690,81082
chip02,84001,85000,2,1000,64597,67448,71179,12323,12576,12850,61041,63568,64597,64903,65833,66079,66202,67044,67172,67309,67448,67549,68413,68516,68740,69598,69755,70031,71179,72510,80740
chip02,84001,85000,3,1000,64814,67362,69106,12537,12779,13062,61143,63825,64814,65102,65156,66073,66112,66364,66421,66457,67362,67401,67429,67638,67745,68653,68717,68967,69106,70258,74997
chip02,84001,85000,4,1000,62517,65144,68708,13001,13258,13568,59956,62214,62517,63421,63571,63815,63881,64770,64824,64917,65144,65227,66123,66182,66432,66534,67414,67645,68708,69968,73765
chip02,84001,85000,5,1000,65069,67773,71323,13502,13773,14064,61345,64748,65069,65221,66122,66389,66468,67347,67437,67675,67773,68621,68708,68786,69052,69931,70051,70341,71323,72591,79777
chip02,84001,85000,6,1000,63710,65232,67775,13184,13445,13743,61141,63412,63710,63798,63858,64711,64802,64874,65114,65171,65232,66095,66135,66195,66443,66493,67398,67486,67775,68747,72598
chip02,85001,86000,0,1000,64712,67190,70915,11891,12125,12346,61903,63603,64712,64874,64956,65846,65929,66126,66218,67105,67190,67380,67499,68348,68506,68698,69568,69805,70915,72163,77092
chip02,85001,86000,1,1000,65967,67623,70186,12289,12509,12740,62366,65003,65967,66067,66316,66349,66411,67304,67332,67402,67623,67654,68556,68618,68694,68928,69860,69918,70186,71207,75151
chip02,85001,86000,2,1000,64461,67086,69837,12380,12612,12826,61807,63500,64461,64688,64819,64905,65814,65924,66114,66186,67086,67161,67386,67460,68354,68446,68697,69625,69837,70965,76036
chip02,85001,86000,3,1000,66012,68588,71212,12756,12977,13222,63246,65032,66012,66315,66370,67287,67338,67558,67633,67680,68588,68635,68866,68937,69864,69920,70173,70265,71212,72446,78608
chip02,85001,86000,4,1000,63794,67574,71517,13299,13564,13814,60786,63368,63794,64787,65080,65894,66121,66348,67210,67415,67574,67711,68578,68784,69042,70051,70222,71164,71517,72645,76328
chip02,85001,86000,5,1000,64723,67348,69998,13517,13763,14023,61151,63757,64723,65037,65122,66014,66084,66181,66402,66463,67348,67403,67451,67701,67781,68681,68762,69037,69998,71201,74961
chip02,85001,86000,6,1000,63723,66066,68683,13240,13470,13730,60825,63361,63723,63830,64729,64801,65046,65108,65150,65989,66066,66116,66272,66410,66492,67393,67471,67720,68683,69068,72523
chip02,86001,87000,0,1000,67380,70943,75848,12201,12438,12679,64407,67054,67380,68351,68579,68680,69578,69737,69899,70787,70943,71154,72019,72156,72400,73373,73627,74714,75848,77260,86277
chip02,86001,87000,1,1000,66230,68579,71192,12440,12761,13039,62266,65842,66230,66307,67222,67298,67555,67594,67647,68529,68579,68830,68884,69797,69850,70065,70155,71114,71192,72403,77273
chip02,86001,87000,2,1000,64448,67102,69952,12454,12725,13012,60558,63479,64448,64744,65601,65753,65874,66053,66123,67001,67102,67316,67398,68250,68361,68584,69497,69641,69952,71082,75850
chip02,86001,87000,3,1000,67201,69899,73594,12951,13244,13523,63585,66240,67201,67488,67599,68489,68593,68825,68889,69784,69899,70095,70169,71058,71152,71381,72327,72439,73594,74886,82235
chip02,86001,87000,4,1000,64619,67339,71085,13505,13791,14063,61017,63657,64619,64936,65050,65942,66035,66247,66354,67260,67339,67539,67637,68530,68624,68854,69796,70074,71085,72322,79870
chip02,86001,87000,5,1000,63846,67351,71410,13767,14070,14384,59864,63690,63846,64798,65060,65151,66064,66283,66383,67220,67351,67632,67718,68641,68907,69065,69946,70279,71410,72523,77397
chip02,86001,87000,6,1000,63705,66076,68674,13452,13725,13971,61043,63404,63705,63798,64690,64932,65015,65071,65943,66007,66076,66322,66382,67239,67323,67385,67651,68552,68674,69715,73647
chip02,87001,88000,0,1000,67161,69856,74650,12171,12418,12661,63333,66040,67161,67349,68217,68364,68564,68698,69559,69728,69856,70728,70873,71069,72016,72267,73277,73503,74650,76841,85101
chip02,87001,88000,1,1000,65855,68450,71080,12435,12694,12941,62234,64879,65855,66163,66230,67139,67191,67269,67502,67554,68450,68500,68531,68782,68848,69769,69821,70096,71080,72313,76025
chip02,87001,88000,2,1000,66003,69364,72393,12525,12758,13007,63122,65668,66003,66936,67126,67284,68110,68279,68404,68569,69364,69556,69674,69847,70728,70899,71094,72041,72393,74413,80821
chip02,87001,88000,3,1000,65900,68457,71065,12919,13233,13516,62376,64934,65900,66182,66241,66325,67204,67249,67505,67553,68457,68509,68543,68791,68840,69765,69817,70084,71065,71377,76084
chip02,87001,88000,4,1000,64666,67466,72272,13452,13723,14019,61942,63633,64666,64927,65804,65943,66205,66291,67184,67263,67466,67588,68435,68570,68806,69764,70004,71076,72272,73657,80745
chip02,87001,88000,5,1000,66285,68917,72616,13952,14242,14526,62315,65957,66285,67215,67310,67566,67618,68509,68581,68838,68917,69811,69874,70132,70228,71155,71387,72332,72616,73894,78539
chip02,87001,88000,6,1000,64925,67299,69870,13396,13647,13936,62221,64598,64925,65038,65925,66021,66238,66310,66400,67228,67299,67512,67600,67659,68528,68588,68796,68928,69870,71038,73615
chip02,88001,89000,0,1000,68104,71046,75711,12277,12519,12782,64583,67138,68104,68424,68555,69436,69665,69813,70700,70813,71046,71916,72057,72303,73236,73481,74453,74698,75711,77091,83976
chip02,88001,89000,1,1000,67081,69723,73510,12532,12769,13016,63286,66109,67081,67191,67449,67497,68431,68692,68748,69655,69723,69966,70054,71002,71244,71356,72257,72512,73510,74721,79787
chip02,88001,89000,2,1000,64383,66903,70591,12564,12809,13041,62015,63406,64383,64635,64712,65584,65666,65729,65954,66022,66903,66989,67157,67311,68191,68286,68523,69522,70591,71072,78389
chip02,88001,89000,3,1000,66187,68743,71325,12991,13250,13505,63563,66096,66187,67129,67419,67463,67513,68407,68463,68679,68743,68798,69688,69728,69781,70035,70951,71032,71325,72525,77224
chip02,88001,89000,4,1000,64488,67116,69816,13458,13704,13945,60873,63545,64488,64789,64882,65761,65868,66083,66165,66246,67116,67191,67250,67488,67580,68488,68586,68838,69816,70992,75001
chip02,88001,89000,5,1000,65967,68538,72294,13925,14187,14449,63447,64969,65967,66214,66314,67194,67274,67510,67576,68450,68538,68751,68846,69751,69813,70075,71025,71164,72294,72646,77489
chip02,88001,89000,6,1000,64882,67216,69824,13427,13672,13916,60900,64518,64882,64973,65822,65928,66137,66235,66297,67136,67216,67271,67464,67597,68471,68547,68714,68890,69824,70117,74922
chip02,89001,90000,0,1000,67093,70684,74506,12325,12551,12799,63244,65947,67093,68018,68217,68436,69306,69479,69650,69790,70684,70847,71004,71913,72056,72250,73218,73478,74506,75768,82876
chip02,89001,90000,1,1000,67004,70937,77303,12650,12908,13172,63415,65958,67004,67382,68332,68439,68711,69643,69759,69988,70937,71161,72156,72480,73585,74598,75785,76066,77303,79466,85515
chip02,89001,90000,2,1000,65639,68196,70996,12566,12794,13048,61969,64634,65639,65889,65961,66862,66937,67105,67230,68106,68196,68255,68487,68571,69420,69508,69732,70667,70996,72192,75960
chip02,89001,90000,3,1000,67024,71126,75928,13015,13268,13515,62179,65744,67024,67376,68369,68637,69587,69689,69936,70874,71126,71268,72184,72425,73365,73635,74624,74911,75928,77161,82090
chip02,89001,90000,4,1000,64481,67057,69747,13477,13737,14013,60842,63519,64481,64787,64875,65734,65814,65937,66129,66189,67057,67142,67203,67445,67513,68426,68501,68781,69747,70922,77218
chip02,89001,90000,5,1000,65868,68521,72198,13923,14183,14464,62181,64890,65868,66160,66344,67179,67442,67501,68363,68463,68521,68774,69672,69747,69913,70057,70981,71064,72198,72596,76080
chip02,89001,90000,6,1000,67166,69736,72519,13602,13877,14134,63525,66164,67166,67434,68349,68447,68656,68731,68794,69683,69736,69941,70035,70915,71008,71227,71311,72258,72519,73707,79523
chip02,90001,91000,0,1000,67175,70645,74549,12317,12568,12802,63225,66838,67175,68143,68346,69267,69459,69590,69693,70532,70645,70791,70955,71818,72000,72180,73093,73436,74549,75724,80615
chip02,90001,91000,1,1000,69781,74494,79590,12683,12937,13200,64672,68551,69781,70767,71036,71137,72091,72364,73324,73550,74494,74712,74905,75831,76895,77118,78163,79314,79590,80792,88845
chip02,90001,91000,2,1000,65867,68414,71946,12590,12837,13061,61969,65474,65867,66802,66908,67124,67215,68082,68171,68290,68414,68501,69353,69438,69629,69766,70694,70963,71946,73064,78103
chip02,90001,91000,3,1000,67335,70840,74588,13015,13311,13567,64701,67034,67335,68306,68590,69373,69561,69629,69862,69929,70840,70886,71138,72064,72138,72376,73299,73426,74588,75794,79695
chip02,90001,91000,4,1000,63463,65822,68459,13511,13803,14065,60560,63134,63463,63543,64417,64507,64728,64822,64888,65749,65822,65894,66132,66206,67090,67167,67394,68287,68459,69579,73461
chip02,90001,91000,5,1000,64917,68374,71191,13828,14138,14448,62219,64785,64917,65836,66113,66209,67097,67175,67394,67507,68374,68441,68584,68731,68814,69700,69909,70757,71191,72298,77206
chip02,90001,91000,6,1000,65847,68437,71280,13678,13950,14226,62133,64814,65847,66125,67000,67102,67322,67405,67502,68360,68437,68655,68745,69632,69708,69924,70735,70952,71280,72428,75938
chip02,91001,92000,0,1000,68034,70678,74341,12503,12735,12942,63109,66982,68034,68295,68447,69323,69461,69611,69740,70564,70678,70858,70963,71859,72013,72194,73091,73320,74341,75512,81543
chip02,91001,92000,1,1000,68503,72248,79359,12847,13112,13441,63402,68152,68503,69449,69565,69831,70779,71045,71095,72035,72248,72338,73322,73560,74559,74827,76858,77287,79359,81683,90921
chip02,91001,92000,2,1000,66822,70589,74698,12758,13036,13305,63238,65804,66822,67151,68097,68208,68418,69327,69462,69688,70589,70729,70960,71851,72024,72994,73239,74293,74698,75891,81629
chip02,91001,92000,3,1000,67259,69891,74788,13260,13519,13793,63378,66006,67259,67336,68283,68542,68603,69500,69589,69811,69891,70813,70893,71141,72083,72319,73326,73671,74788,76979,81770
chip02,91001,92000,4,1000,63522,66092,68632,13769,14022,14269,60789,63389,63522,64457,64733,64804,64879,65745,65817,66018,66092,66141,67023,67078,67135,67369,67484,68393,68632,69688,73428
chip02,91001,92000,5,1000,65993,68410,71227,14101,14360,14625,62222,64834,65993,66128,66971,67112,67317,67400,67492,68352,68410,68630,68716,68812,69671,69745,69996,70946,71227,72506,77356
chip02,91001,92000,6,1000,67296,69638,72459,13887,14159,14430,63353,66968,67296,67378,68281,68350,68603,68639,69508,69588,69638,69884,69938,70855,70905,71141,71270,72173,72459,73712,78346
chip02,92001,93000,0,1000,66810,69551,73123,12545,12844,13240,63085,65782,66810,67063,67163,68090,68263,68412,69303,69380,69551,69661,70519,70624,70827,70937,71865,72070,73123,74311,84891
chip02,92001,93000,1,1000,68109,70768,74754,12943,13198,13485,64644,67098,68109,68294,68487,69421,69487,69730,69784,70703,70768,70987,71101,72018,72253,73175,73285,74445,74754,76917,82893
chip02,92001,93000,2,1000,67899,70837,74580,12853,13086,13332,64295,66902,67899,68172,68346,69248,69431,69604,70494,70648,70837,71714,71865,72070,72971,73090,73337,74285,74580,75697,80277
chip02,92001,93000,3,1000,70948,74517,78396,13469,13739,14038,66840,69738,70948,71056,72018,72284,73199,73263,73499,74394,74517,74748,74821,75748,75975,76954,77183,78147,78396,79639,85325
chip02,92001,93000,4,1000,64835,68501,73663,13903,14229,14586,60775,64468,64835,65825,66040,66996,67089,67348,68168,68338,68501,68701,69643,69909,70866,71132,72123,73219,73663,76064,84139
chip02,92001,93000,5,1000,66019,68670,72419,14287,14612,14956,62167,65685,66019,66970,67074,67308,67387,68288,68391,68596,68670,69570,69648,69876,70759,70912,71179,72148,72419,73639,80624
chip02,92001,93000,6,1000,66817,68622,72060,14035,14315,14601,64325,65928,66817,67190,67287,67361,68231,68299,68488,68564,68622,69490,69569,69771,69899,70805,70878,71067,72060,72399,78223
chip02,93001,94000,0,1000,66884,69521,73253,12782,13048,13319,63096,65758,66884,67056,67948,68059,68261,68375,69274,69348,69521,69630,70510,70599,70812,71728,71897,72968,73253,74572,79352
chip02,93001,94000,1,1000,67177,70680,73435,12948,13224,13516,64265,66866,67177,68146,68215,68462,68578,69464,69698,69756,70680,70761,70986,71061,71962,72061,72255,73198,73435,74493,81652
chip02,93001,94000,2,1000,69424,73259,79152,12910,13203,13523,65406,68238,69424,70266,70613,70820,71736,71903,72079,73007,73259,74177,74349,75314,75519,76550,76805,77962,79152,80361,86317
chip02,93001,94000,3,1000,67201,70916,79319,13401,13682,13996,64564,66927,67201,68160,68429,68508,69424,69668,69777,70691,70916,71887,71989,72288,73414,74494,75736,77152,79319,80727,88655
chip02,93001,94000,4,1000,64640,67218,69828,13951,14241,14520,61939,64327,64640,65539,65661,65914,65981,66838,66932,67001,67218,67283,68147,68241,68308,68549,69449,69557,69828,70835,77140
chip02,93001,94000,5,1000,67210,69896,73635,14518,14814,15121,63492,66872,67210,68103,68295,68530,68643,69523,69639,69800,69896,70739,70846,71086,71978,72134,72378,73363,73635,75657,80506
chip02,93001,94000,6,1000,66883,68648,72038,14089,14369,14686,63314,65932,66883,67174,67260,67364,68235,68294,68517,68579,68648,69506,69553,69612,69838,69914,70815,71039,72038,72371,77063
chip02,94001,95000,0,1000,66944,69589,73076,12777,13030,13314,64019,66650,66944,67884,68135,68269,68365,69217,69309,69507,69589,70421,70519,70624,70806,71700,71831,72104,73076,74263,76796
chip02,94001,95000,1,1000,68357,71874,74716,13044,13282,13549,64564,67164,68357,68474,69406,69662,70560,70675,70904,70973,71874,71952,72177,72253,73176,73407,73496,74458,74716,75844,81708
chip02,94001,95000,2,1000,67912,71709,75649,12930,13203,13463,64268,66840,67912,68229,69162,69336,69519,70442,70662,70831,71709,71873,72045,72928,73067,73298,74234,74514,75649,76876,83849
chip02,94001,95000,3,1000,68415,71972,75901,13487,13765,14044,65747,68094,68415,69395,69637,69737,70682,70871,70961,71879,71972,72176,72297,73185,73396,74326,74589,75626,75901,77089,82846
chip02,94001,95000,4,1000,64635,67205,69585,14082,14363,14667,61985,64341,64635,65570,65674,65922,65994,66848,66919,66985,67205,67271,67361,68190,68256,68468,68576,69479,69585,70770,73521
chip02,94001,95000,5,1000,67280,69830,73324,14530,14811,15125,63306,66979,67280,68216,68447,68539,69403,69503,69559,69775,69830,70714,70796,70890,71087,71990,72093,72368,73324,74523,78435
chip02,94001,95000,6,1000,66796,68553,71973,14137,14422,14705,64346,65875,66796,67056,67168,67252,68111,68205,68382,68479,68553,69423,69494,69559,69754,69845,70762,70926,71973,72319,76038
chip02,95001,96000,0,1000,69437,73252,78899,12997,13234,13491,65643,69072,69437,70442,70663,71542,71754,71952,72857,73026,73252,74142,74367,75269,75490,76465,76693,77759,78899,80300,87254
chip02,95001,96000,1,1000,68384,72081,75695,13284,13554,13844,64522,68012,68384,69365,69642,70580,70682,70900,70996,71877,72081,72169,73101,73151,73402,74346,74417,74669,75695,77008,83914
chip02,95001,96000,2,1000,68171,71844,76569,13012,13301,13564,65279,67722,68171,69133,69377,69554,70428,70662,70767,71690,71844,72022,72916,73078,73259,74254,74470,75489,76569,77898,82670
chip02,95001,96000,3,1000,70836,74602,79263,13709,13983,14262,66825,69624,70836,71847,72112,73055,73283,73388,74315,74405,74602,75544,75630,75841,76797,76920,77940,78112,79263,80462,85191
chip02,95001,96000,4,1000,64670,67238,70599,14214,14501,14767,61920,64261,64670,65611,65844,65941,66792,66892,67079,67167,67238,68079,68161,68231,68449,68608,69462,69685,70599,70988,73520
chip02,95001,96000,5,1000,66973,69514,73166,14672,14983,15256,63283,65929,66973,67210,68068,68199,68412,68496,69311,69451,69514,69726,69808,70693,70773,70993,71917,72057,73166,73531,82817
chip02,95001,96000,6,1000,67058,69654,72338,14270,14539,14831,63195,65952,67058,67235,68096,68267,68399,68527,69352,69461,69654,69760,70617,70702,70915,71013,71920,72050,72338,73469,78212
chip02,96001,97000,0,1000,69246,71992,76581,12833,13085,13329,65649,68956,69246,69444,70357,70531,70680,71538,71681,71850,71992,72839,72991,73170,74075,74262,75236,75472,76581,77783,83603
chip02,96001,97000,1,1000,68011,70808,74529,13342,13570,13819,64393,67013,68011,68315,69203,69314,69529,69614,70510,70590,70808,70914,71813,71949,72124,73046,73245,74205,74529,75661,80386
chip02,96001,97000,2,1000,69263,72800,76583,12993,13268,13536,66479,68130,69263,70257,70402,70611,71432,71595,71811,71913,72800,72878,73077,73184,74114,74328,75318,75567,76583,77799,83786
chip02,96001,97000,3,1000,70445,73283,77042,13718,13962,14222,65720,69294,70445,70761,70833,71778,72000,72068,73004,73052,73283,73348,74281,74355,74575,75545,75779,76754,77042,79182,87448
chip02,96001,97000,4,1000,64630,68014,70627,14182,14452,14713,60624,64277,64630,65587,65805,65915,66769,66892,67076,67149,68014,68088,68165,68369,68471,69346,69423,69626,70627,70976,77061
chip02,96001,97000,5,1000,66824,69396,72211,14634,14895,15186,63330,65868,66824,67086,67170,68016,68108,68328,68427,69317,69396,69496,69676,69754,70641,70736,70954,71925,72211,73326,75929
chip02,96001,97000,6,1000,68005,70532,73103,14156,14442,14702,64388,67028,68005,68284,68370,69237,69337,69522,69590,69676,70532,70622,70712,70867,70988,71835,71922,72134,73103,73433,77070
chip02,97001,98000,0,1000,69258,72714,75522,12971,13220,13488,65114,68110,69258,70155,70374,70580,71431,71598,71759,71896,72714,72813,72911,73090,73991,74143,74356,75242,75522,76702,81220
chip02,97001,98000,1,1000,67022,69577,73244,13402,13680,13968,63151,66741,67022,67965,68173,68254,68318,69232,69285,69506,69577,70462,70544,70749,70857,71774,72015,72935,73244,74365,81686
chip02,97001,98000,2,1000,68085,71599,75223,13154,13449,13773,64160,67700,68085,69043,69266,69435,70296,70450,70604,71513,71599,71779,71871,72770,72864,73079,74006,74113,75223,75625,83710
chip02,97001,98000,3,1000,69230,72021,75713,13857,14116,14388,65498,68232,69230,69494,70391,70495,70732,70786,71705,71781,72021,72082,73020,73079,73300,74275,74511,75439,75713,76818,81593
chip02,97001,98000,4,1000,64447,66871,70438,14286,14582,14862,61726,63319,64447,64571,65462,65582,65795,65855,66733,66789,66871,67071,67141,68020,68096,68354,69181,69378,70438,70954,76845
chip02,97001,98000,5,1000,68359,70929,74421,14923,15232,15548,65692,68238,68359,69313,69562,69613,70463,70583,70776,70857,70929,71802,71890,72081,72166,73101,73202,73425,74421,75560,79476
chip02,97001,98000,6,1000,69293,73216,78063,14489,14862,15244,65575,68302,69293,69570,70541,70712,70948,71858,72090,73005,73216,74097,74298,74532,75424,75617,76606,76877,78063,80282,86209
chip02,98001,99000,0,1000,68002,71384,74388,13062,13335,13595,65087,67753,68002,68889,69064,69308,70090,70272,70376,70548,71384,71530,71613,71816,72687,72843,73063,74052,74388,75553,79118
chip02,98001,99000,1,1000,68241,71969,75664,13551,13833,14185,64318,67934,68241,69215,69488,70443,70583,70783,71690,71767,71969,72067,72974,73196,73302,74233,74469,75423,75664,76900,81497
chip02,98001,99000,2,1000,68957,71558,75259,13317,13638,13961,65147,67889,68957,69192,69318,70232,70335,70533,70598,71485,71558,71686,71818,72724,72807,73017,73916,74134,75259,76475,83712
chip02,98001,99000,3,1000,68162,70831,75507,13879,14149,14429,65564,67846,68162,68254,69190,69453,69506,70439,70493,70752,70831,71735,71966,72040,72991,73272,74243,74526,75507,76996,86148
chip02,98001,99000,4,1000,65392,67956,70622,14451,14728,15050,63073,64431,65392,65643,65783,66667,66751,66925,67034,67093,67956,68034,68091,68295,68385,69264,69378,69647,70622,71946,80319
chip02,98001,99000,5,1000,69449,72051,75740,15008,15301,15635,65692,68270,69449,69561,70481,70685,70817,71681,71792,71929,72051,72124,73025,73129,73321,74252,74458,75433,75740,76899,81592
chip02,98001,99000,6,1000,68129,72019,76860,14544,14856,15172,64255,66958,68129,69146,69338,69593,70524,70739,71620,71825,72019,72929,73162,73301,74257,74517,75501,75805,76860,78146,86275
chip02,99001,100000,0,1000,68026,71538,75303,13025,13276,13533,64114,67713,68026,68963,69179,69298,70192,70327,70514,71373,71538,71669,72563,72745,72934,73816,74032,75057,75303,76498,84766
chip02,99001,100000,1,1000,67886,70711,74421,13610,13860,14122,64318,66898,67886,68163,68240,69162,69408,69482,70416,70481,70711,70780,71701,71774,72017,72952,73171,73290,74421,75687,81437
chip02,99001,100000,2,1000,68828,71426,74106,13390,13649,13942,65353,67924,68828,69099,69237,69357,70216,70321,70496,70552,71426,71497,71574,71749,71845,72738,72830,73872,74106,75252,81361
chip02,99001,100000,3,1000,67853,70459,74462,13871,14115,14405,63097,66880,67853,67975,68187,69092,69202,69430,69490,70395,70459,70688,70761,71688,71810,72041,72985,73250,74462,76696,82911
chip02,99001,100000,4,1000,65643,68036,70659,14519,14782,15058,61796,65297,65643,65732,66615,66704,66941,67010,67864,67975,68036,68242,68314,69149,69238,69318,69602,70500,70659,71809,75541
chip02,99001,100000,5,1000,69473,72065,75595,15089,15348,15647,66909,69130,69473,70438,70662,70769,70855,71736,71875,72015,72065,72959,73027,73216,73337,74229,74483,75411,75595,76711,81441
chip02,99001,100000,6,1000,67742,69542,73000,14597,14862,15171,65282,66840,67742,68033,68226,69093,69198,69266,69437,69495,69542,70396,70496,70674,70804,71695,71813,72024,73000,73414,81640
