chip,bin_start,bin_end,sector,n,erase_us_p10,erase_us_p50,erase_us_p90,program_us_p10,program_us_p50,program_us_p90
chip01,1,1000,0,1000,31983,34630,37305,6960,6986,7001
chip01,1,1000,1,1000,32215,35151,38944,6958,6984,7001
chip01,1,1000,2,1000,31919,34541,36552,6958,6984,7000
chip01,1,1000,3,1000,39066,41356,43449,6957,6985,7001
chip01,1,1000,4,1000,34568,37182,39733,6957,6984,7001
chip01,1,1000,5,1000,32980,35481,37428,6956,6984,7000
chip01,1,1000,6,1000,35734,38772,42101,6957,6984,7000
chip01,1001,2000,0,1000,35633,38132,40785,6964,6990,7003
chip01,1001,2000,1,1000,36182,38824,41525,6965,6991,7005
chip01,1001,2000,2,1000,36150,38299,40446,6965,6990,7004
chip01,1001,2000,3,1000,41946,43357,45559,6964,6990,7004
chip01,1001,2000,4,1000,37982,40524,43006,6963,6990,7004
chip01,1001,2000,5,1000,35668,37298,38985,6963,6989,7004
chip01,1001,2000,6,1000,37514,40635,43352,6963,6989,7004
chip01,2001,3000,0,1000,38532,40200,42016,6949,6982,7001
chip01,2001,3000,1,1000,40231,42808,45354,6952,6986,7004
chip01,2001,3000,2,1000,37835,39818,42426,6950,6987,7004
chip01,2001,3000,3,1000,41855,43893,45537,6951,6986,7004
chip01,2001,3000,4,1000,41547,43208,45456,6952,6986,7005
chip01,2001,3000,5,1000,36723,38689,41082,6951,6985,7004
chip01,2001,3000,6,1000,38203,42958,45639,6951,6985,7004
chip01,3001,4000,0,1000,39793,41567,43531,6959,6987,7003
chip01,3001,4000,1,1000,41016,43378,45120,6961,6988,7003
chip01,3001,4000,2,1000,40324,42036,43812,6959,6988,7004
chip01,3001,4000,3,1000,42883,45387,47728,6958,6988,7003
chip01,3001,4000,4,1000,42847,45258,47815,6959,6988,7003
chip01,3001,4000,5,1000,38852,40769,42780,6960,6988,7003
chip01,3001,4000,6,1000,42639,45402,47837,6957,6988,7003
chip01,4001,5000,0,1000,41624,43975,45799,6945,6972,6999
chip01,4001,5000,1,1000,41965,43589,45100,6947,6979,7003
chip01,4001,5000,2,1000,40695,43096,45084,6947,6980,7002
chip01,4001,5000,3,1000,44919,46561,48919,6946,6979,7003
chip01,4001,5000,4,1000,45166,47728,51033,6946,6979,7002
chip01,4001,5000,5,1000,39869,41717,43470,6946,6978,7003
chip01,4001,5000,6,1000,44967,47604,50061,6944,6980,7002
chip01,5001,6000,0,1000,43490,45159,46949,6941,6962,6996
chip01,5001,6000,1,1000,42517,44345,47016,6941,6967,7000
chip01,5001,6000,2,1000,41368,43374,45834,6940,6966,7001
chip01,5001,6000,3,1000,45871,47525,49831,6941,6967,7001
chip01,5001,6000,4,1000,46143,48700,52117,6940,6967,7000
chip01,5001,6000,5,1000,40342,42138,44511,6940,6966,7001
chip01,5001,6000,6,1000,44545,47208,49763,6940,6965,7000
chip01,6001,7000,0,1000,45018,46589,49022,6945,6981,7001
chip01,6001,7000,1,1000,44011,45755,48144,6946,6981,7002
chip01,6001,7000,2,1000,41665,43995,45594,6946,6981,7002
chip01,6001,7000,3,1000,44773,47153,49627,6947,6982,7002
chip01,6001,7000,4,1000,47110,49774,53181,6947,6980,7003
chip01,6001,7000,5,1000,41525,43192,44902,6947,6981,7002
chip01,6001,7000,6,1000,45975,48658,51996,6946,6982,7003
chip01,7001,8000,0,1000,44937,47196,49056,6942,6974,7001
chip01,7001,8000,1,1000,44172,46682,49202,6946,6980,7003
chip01,7001,8000,2,1000,43530,45481,47919,6946,6982,7003
chip01,7001,8000,3,1000,45891,48534,52028,6946,6979,7004
chip01,7001,8000,4,1000,48163,50927,54304,6944,6978,7002
chip01,7001,8000,5,1000,41433,43839,45751,6945,6980,7004
chip01,7001,8000,6,1000,45712,48399,52049,6945,6978,7004
chip01,8001,9000,0,1000,45697,47521,49909,6941,6961,6996
chip01,8001,9000,1,1000,46460,48057,50408,6940,6965,7000
chip01,8001,9000,2,1000,44757,46502,48253,6941,6966,7000
chip01,8001,9000,3,1000,47001,50574,54086,6941,6965,7001
chip01,8001,9000,4,1000,49534,52951,56371,6940,6966,7001
chip01,8001,9000,5,1000,42679,45149,46908,6941,6966,7001
chip01,8001,9000,6,1000,47873,50531,53230,6939,6965,7000
chip01,9001,10000,0,1000,45596,47208,49736,6940,6954,6982
chip01,9001,10000,1,1000,46264,47816,50158,6940,6955,6989
chip01,9001,10000,2,1000,44597,46183,48097,6939,6955,6990
chip01,9001,10000,3,1000,50209,52766,55186,6939,6957,6989
chip01,9001,10000,4,1000,49269,52721,56342,6939,6956,6990
chip01,9001,10000,5,1000,42363,44806,46454,6939,6955,6990
chip01,9001,10000,6,1000,46696,50369,54047,6939,6956,6991
chip01,10001,11000,0,1000,46911,49273,51013,6940,6955,6984
chip01,10001,11000,1,1000,48869,51242,53770,6937,6955,6992
chip01,10001,11000,2,1000,46275,48706,50482,6939,6957,6992
chip01,10001,11000,3,1000,54988,58672,60963,6939,6956,6990
chip01,10001,11000,4,1000,51540,54065,57494,6939,6956,6991
chip01,10001,11000,5,1000,44554,46423,48892,6939,6957,6991
chip01,10001,11000,6,1000,48792,52652,56301,6940,6957,6991
chip01,11001,12000,0,1000,50303,52104,55556,6939,6953,6979
chip01,11001,12000,1,1000,48558,50948,53548,6938,6954,6989
chip01,11001,12000,2,1000,48548,50284,52767,6938,6954,6989
chip01,11001,12000,3,1000,57465,61912,65232,6938,6954,6989
chip01,11001,12000,4,1000,51135,53816,58434,6939,6955,6988
chip01,11001,12000,5,1000,46229,48682,51291,6938,6955,6989
chip01,11001,12000,6,1000,48520,50271,52630,6938,6955,6987
chip01,12001,13000,0,1000,50464,52880,55397,6939,6952,6972
chip01,12001,13000,1,1000,49711,52118,54676,6938,6952,6978
chip01,12001,13000,2,1000,48456,50916,53541,6939,6952,6976
chip01,12001,13000,3,1000,58599,61894,65234,6938,6952,6976
chip01,12001,13000,4,1000,50068,53542,56296,6939,6953,6978
chip01,12001,13000,5,1000,45966,48530,51129,6938,6953,6976
chip01,12001,13000,6,1000,48434,50973,53612,6938,6952,6977
chip01,13001,14000,0,1000,51648,54077,56828,6941,6955,6986
chip01,13001,14000,1,1000,52012,54454,57135,6940,6955,6987
chip01,13001,14000,2,1000,50789,53267,55885,6941,6956,6987
chip01,13001,14000,3,1000,61844,65367,70692,6940,6955,6986
chip01,13001,14000,4,1000,52358,54832,58282,6940,6956,6987
chip01,13001,14000,5,1000,48575,50903,53387,6939,6955,6988
chip01,13001,14000,6,1000,49522,52218,54919,6939,6955,6988
chip01,14001,15000,0,1000,53730,56247,58964,6955,6987,7003
chip01,14001,15000,1,1000,53236,55648,58361,6958,6988,7003
chip01,14001,15000,2,1000,50861,53441,56921,6956,6988,7004
chip01,14001,15000,3,1000,61932,65294,69626,6957,6988,7003
chip01,14001,15000,4,1000,54447,57127,59698,6957,6989,7005
chip01,14001,15000,5,1000,49618,51133,53468,6956,6989,7004
chip01,14001,15000,6,1000,51955,54571,57245,6957,6988,7004
chip01,15001,16000,0,1000,54799,57319,59243,6942,6970,6999
chip01,15001,16000,1,1000,53201,56965,60698,6945,6975,7002
chip01,15001,16000,2,1000,51697,53396,56817,6942,6974,7003
chip01,15001,16000,3,1000,60763,64178,67482,6944,6975,7002
chip01,15001,16000,4,1000,55590,58155,60728,6944,6977,7002
chip01,15001,16000,5,1000,49652,52210,54766,6944,6975,7002
chip01,15001,16000,6,1000,51811,54635,58121,6945,6974,7000
chip01,16001,17000,0,1000,54788,57189,59982,6938,6953,6986
chip01,16001,17000,1,1000,56712,59303,61636,6938,6957,6992
chip01,16001,17000,2,1000,52768,54445,56874,6939,6956,6993
chip01,16001,17000,3,1000,61809,65248,68600,6939,6957,6992
chip01,16001,17000,4,1000,55625,58147,60500,6938,6956,6993
chip01,16001,17000,5,1000,51847,54282,56829,6937,6956,6992
chip01,16001,17000,6,1000,57961,60607,64009,6939,6956,6993
chip01,17001,18000,0,1000,55868,58440,60209,6941,6959,6993
chip01,17001,18000,1,1000,57882,60237,61761,6941,6963,6998
chip01,17001,18000,2,1000,53988,56419,58203,6939,6961,6996
chip01,17001,18000,3,1000,62769,66240,70603,6940,6962,6998
chip01,17001,18000,4,1000,55469,58120,60467,6939,6960,6998
chip01,17001,18000,5,1000,53053,55530,59179,6940,6962,6997
chip01,17001,18000,6,1000,59152,60714,63025,6940,6963,6996
chip01,18001,19000,0,1000,55941,58793,61303,6938,6951,6968
chip01,18001,19000,1,1000,57752,60179,62717,6936,6950,6975
chip01,18001,19000,2,1000,55092,57641,60265,6936,6950,6976
chip01,18001,19000,3,1000,62872,66266,70650,6936,6950,6974
chip01,18001,19000,4,1000,56686,59302,61552,6936,6951,6974
chip01,18001,19000,5,1000,54021,56693,60334,6938,6951,6974
chip01,18001,19000,6,1000,56690,59386,61671,6936,6950,6973
chip01,19001,20000,0,1000,58099,59910,62467,6939,6951,6971
chip01,19001,20000,1,1000,58984,61266,62802,6937,6951,6975
chip01,19001,20000,2,1000,57888,60263,63861,6937,6951,6975
chip01,19001,20000,3,1000,63835,67297,70702,6936,6951,6977
chip01,19001,20000,4,1000,57493,59262,61560,6937,6951,6976
chip01,19001,20000,5,1000,56595,59338,61746,6937,6951,6976
chip01,19001,20000,6,1000,55263,58017,61595,6937,6951,6974
chip01,20001,21000,0,1000,58299,59912,62283,6937,6951,6976
chip01,20001,21000,1,1000,58941,61284,63855,6936,6952,6980
chip01,20001,21000,2,1000,57677,60065,61677,6937,6953,6979
chip01,20001,21000,3,1000,63941,67371,71683,6937,6954,6982
chip01,20001,21000,4,1000,60350,62819,66214,6937,6953,6981
chip01,20001,21000,5,1000,57895,60425,62705,6937,6951,6980
chip01,20001,21000,6,1000,57843,60402,62886,6937,6952,6981
chip01,21001,22000,0,1000,59629,61993,63621,6937,6951,6976
chip01,21001,22000,1,1000,60076,62420,64897,6936,6952,6982
chip01,21001,22000,2,1000,58579,60290,62601,6937,6951,6983
chip01,21001,22000,3,1000,63735,68346,71780,6936,6952,6980
chip01,21001,22000,4,1000,61477,64989,69463,6936,6952,6982
chip01,21001,22000,5,1000,59071,61415,63821,6936,6951,6980
chip01,21001,22000,6,1000,58716,60391,62814,6936,6951,6982
chip01,22001,23000,0,1000,60882,63259,65724,6940,6953,6971
chip01,22001,23000,1,1000,59984,62364,64989,6938,6951,6971
chip01,22001,23000,2,1000,59822,61435,63753,6937,6951,6971
chip01,22001,23000,3,1000,63842,67228,71652,6936,6951,6970
chip01,22001,23000,4,1000,61467,63930,68340,6937,6951,6971
chip01,22001,23000,5,1000,60249,62562,64949,6938,6952,6972
chip01,22001,23000,6,1000,58601,60333,62624,6937,6951,6971
chip01,23001,24000,0,1000,61603,63389,68117,6939,6954,6972
chip01,23001,24000,1,1000,61179,63503,65923,6938,6953,6971
chip01,23001,24000,2,1000,59946,61362,63636,6938,6952,6972
chip01,23001,24000,3,1000,64819,68425,73821,6938,6952,6970
chip01,23001,24000,4,1000,62624,65003,68288,6938,6952,6970
chip01,23001,24000,5,1000,61133,62729,65071,6937,6952,6970
chip01,23001,24000,6,1000,59853,61471,63895,6938,6952,6970
chip01,24001,25000,0,1000,62889,64549,67984,6938,6951,6969
chip01,24001,25000,1,1000,62376,64855,68322,6938,6951,6972
chip01,24001,25000,2,1000,60028,62374,64822,6938,6950,6971
chip01,24001,25000,3,1000,65919,69540,74924,6938,6951,6971
chip01,24001,25000,4,1000,63627,66128,69491,6937,6950,6969
chip01,24001,25000,5,1000,61369,63667,66032,6939,6951,6968
chip01,24001,25000,6,1000,60065,62451,64873,6936,6950,6969
chip01,25001,26000,0,1000,62689,64450,66950,6941,6954,6971
chip01,25001,26000,1,1000,63334,65989,70463,6940,6953,6970
chip01,25001,26000,2,1000,59858,62242,64728,6940,6953,6971
chip01,25001,26000,3,1000,68184,71602,76138,6940,6953,6970
chip01,25001,26000,4,1000,63657,67252,72754,6941,6954,6970
chip01,25001,26000,5,1000,62206,64733,67122,6940,6953,6970
chip01,25001,26000,6,1000,61032,62597,64835,6939,6952,6971
chip01,26001,27000,0,1000,61743,64344,67834,6939,6952,6972
chip01,26001,27000,1,1000,63119,65856,69402,6938,6951,6975
chip01,26001,27000,2,1000,61089,63630,66052,6938,6952,6973
chip01,26001,27000,3,1000,69420,73905,78321,6938,6951,6972
chip01,26001,27000,4,1000,64597,68271,72663,6938,6952,6973
chip01,26001,27000,5,1000,62160,64670,67093,6939,6952,6974
chip01,26001,27000,6,1000,62160,64677,67104,6938,6952,6974
chip01,27001,28000,0,1000,65399,67922,71344,6938,6950,6966
chip01,27001,28000,1,1000,63327,65822,68261,6937,6950,6968
chip01,27001,28000,2,1000,63462,65946,69278,6937,6950,6968
chip01,27001,28000,3,1000,73734,79256,84778,6937,6950,6968
chip01,27001,28000,4,1000,63484,65771,68214,6938,6951,6970
chip01,27001,28000,5,1000,64496,66058,69313,6937,6950,6968
chip01,27001,28000,6,1000,63372,65984,69440,6938,6950,6968
chip01,28001,29000,0,1000,65329,67825,71298,6938,6952,6973
chip01,28001,29000,1,1000,64541,66998,70328,6937,6952,6976
chip01,28001,29000,2,1000,64698,68050,70533,6937,6952,6975
chip01,28001,29000,3,1000,72654,77157,82654,6937,6952,6976
chip01,28001,29000,4,1000,64650,67086,70406,6936,6951,6978
chip01,28001,29000,5,1000,65722,68123,70454,6936,6952,6975
chip01,28001,29000,6,1000,63540,65970,68329,6936,6952,6976
chip01,29001,30000,0,1000,65223,67703,71175,6944,6968,6996
chip01,29001,30000,1,1000,65701,69078,71543,6941,6965,6998
chip01,29001,30000,2,1000,64629,67031,70387,6943,6966,6997
chip01,29001,30000,3,1000,71568,77061,82532,6940,6966,6996
chip01,29001,30000,4,1000,64330,66859,70310,6941,6965,6997
chip01,29001,30000,5,1000,64685,68176,72646,6941,6966,6997
chip01,29001,30000,6,1000,62276,64716,67108,6940,6966,6997
chip01,30001,31000,0,1000,66097,67729,71104,6942,6969,6996
chip01,30001,31000,1,1000,65356,67883,70397,6942,6974,7001
chip01,30001,31000,2,1000,65768,68140,71474,6942,6972,7000
chip01,30001,31000,3,1000,73706,79216,84824,6943,6974,7001
chip01,30001,31000,4,1000,65520,67956,70328,6942,6973,7002
chip01,30001,31000,5,1000,65516,67989,70391,6942,6973,7001
chip01,30001,31000,6,1000,63391,65865,69225,6943,6974,7001
chip01,31001,32000,0,1000,66307,68742,71079,6938,6954,6989
chip01,31001,32000,1,1000,66768,69223,72633,6937,6956,6996
chip01,31001,32000,2,1000,65686,69043,72612,6936,6955,6995
chip01,31001,32000,3,1000,78099,85770,92399,6937,6956,6994
chip01,31001,32000,4,1000,68006,71402,74933,6938,6957,6997
chip01,31001,32000,5,1000,64496,66941,69301,6938,6957,6994
chip01,31001,32000,6,1000,64287,66873,70442,6938,6957,6995
chip01,32001,33000,0,1000,67198,69773,73390,6939,6954,6985
chip01,32001,33000,1,1000,66430,69003,72472,6938,6956,6993
chip01,32001,33000,2,1000,66518,69026,72520,6939,6957,6993
chip01,32001,33000,3,1000,77099,82585,89078,6937,6956,6991
chip01,32001,33000,4,1000,68001,71375,74801,6938,6955,6990
chip01,32001,33000,5,1000,64374,67893,71576,6938,6956,6990
chip01,32001,33000,6,1000,64472,67950,71442,6938,6956,6992
chip01,33001,34000,0,1000,69648,72121,74657,6939,6952,6970
chip01,33001,34000,1,1000,66415,68920,71472,6938,6952,6974
chip01,33001,34000,2,1000,68056,71534,75941,6938,6951,6974
chip01,33001,34000,3,1000,78140,86895,110807,6938,6952,6974
chip01,33001,34000,4,1000,69179,72662,78116,6938,6951,6972
chip01,33001,34000,5,1000,66886,70288,74796,6938,6951,6973
chip01,33001,34000,6,1000,66667,69109,71615,6938,6952,6974
chip01,34001,35000,0,1000,69880,73294,78028,6940,6953,6970
chip01,34001,35000,1,1000,66590,68973,71459,6940,6952,6975
chip01,34001,35000,2,1000,68932,71320,73765,6940,6953,6973
chip01,34001,35000,3,1000,85907,109669,110841,6939,6952,6973
chip01,34001,35000,4,1000,70137,72637,77008,6940,6953,6974
chip01,34001,35000,5,1000,69066,71579,75931,6939,6952,6973
chip01,34001,35000,6,1000,68082,73705,82531,6940,6953,6974
chip01,35001,36000,0,1000,70822,74391,78990,6941,6954,6977
chip01,35001,36000,1,1000,68744,71207,74713,6940,6955,6984
chip01,35001,36000,2,1000,70087,72578,76048,6941,6955,6984
chip01,35001,36000,3,1000,86982,109702,111976,6940,6956,6983
chip01,35001,36000,4,1000,70156,73594,77001,6941,6955,6985
chip01,35001,36000,5,1000,68951,71474,74815,6940,6955,6987
chip01,35001,36000,6,1000,70344,75935,81568,6940,6955,6985
chip01,36001,37000,0,1000,71913,74370,76879,6941,6956,6977
chip01,36001,37000,1,1000,68977,72343,75823,6940,6954,6977
chip01,36001,37000,2,1000,69010,71449,74828,6940,6955,6977
chip01,36001,37000,3,1000,93442,110847,112009,6940,6955,6979
chip01,36001,37000,4,1000,71259,74720,78229,6940,6955,6977
chip01,36001,37000,5,1000,67984,71308,73686,6940,6954,6977
chip01,36001,37000,6,1000,69153,73749,78274,6941,6956,6978
chip01,37001,38000,0,1000,71912,74447,77842,6943,6957,6974
chip01,37001,38000,1,1000,71066,73637,79130,6941,6956,6976
chip01,37001,38000,2,1000,70148,73510,75974,6940,6956,6975
chip01,37001,38000,3,1000,109685,110866,112049,6941,6955,6974
chip01,37001,38000,4,1000,72359,75922,80359,6941,6956,6974
chip01,37001,38000,5,1000,70202,72636,76967,6941,6955,6974
chip01,37001,38000,6,1000,74716,78237,82645,6941,6956,6974
chip01,38001,39000,0,1000,72038,75427,78911,6943,6957,6973
chip01,38001,39000,1,1000,69785,72283,75791,6940,6955,6973
chip01,38001,39000,2,1000,71319,74651,77072,6942,6955,6972
chip01,38001,39000,3,1000,109644,110862,112035,6942,6955,6974
chip01,38001,39000,4,1000,72478,75871,80306,6941,6955,6973
chip01,38001,39000,5,1000,70201,72568,76020,6941,6955,6974
chip01,38001,39000,6,1000,71383,76987,83777,6941,6955,6974
chip01,39001,40000,0,1000,74121,76613,80037,6944,6959,6976
chip01,39001,40000,1,1000,68780,71226,73615,6942,6957,6976
chip01,39001,40000,2,1000,71305,74782,79249,6942,6956,6974
chip01,39001,40000,3,1000,109694,110886,113168,6942,6956,6976
chip01,39001,40000,4,1000,70125,73450,76944,6943,6956,6975
chip01,39001,40000,5,1000,71358,74650,78082,6943,6957,6974
chip01,39001,40000,6,1000,73558,79254,85931,6942,6956,6975
chip01,40001,41000,0,1000,76622,80102,84527,6943,6957,6977
chip01,40001,41000,1,1000,68718,71172,74533,6942,6956,6977
chip01,40001,41000,2,1000,71220,74626,78031,6942,6957,6978
chip01,40001,41000,3,1000,92432,110863,112025,6943,6957,6978
chip01,40001,41000,4,1000,70048,72488,75785,6942,6957,6976
chip01,40001,41000,5,1000,71323,74689,78107,6943,6956,6977
chip01,40001,41000,6,1000,73476,78194,84724,6943,6957,6978
chip01,41001,42000,0,1000,77760,82336,87853,6943,6955,6971
chip01,41001,42000,1,1000,69634,72066,74546,6942,6955,6974
chip01,41001,42000,2,1000,72346,74761,78157,6941,6955,6973
chip01,41001,42000,3,1000,86926,109682,110877,6941,6955,6975
chip01,41001,42000,4,1000,72245,74719,78152,6942,6954,6974
chip01,41001,42000,5,1000,73446,77071,82517,6942,6954,6974
chip01,41001,42000,6,1000,72413,75742,79172,6942,6955,6974
chip01,42001,43000,0,1000,77550,80090,84505,6943,6959,6981
chip01,42001,43000,1,1000,71012,73444,76897,6942,6957,6980
chip01,42001,43000,2,1000,74493,78085,83632,6942,6958,6979
chip01,42001,43000,3,1000,87978,109706,110903,6941,6956,6978
chip01,42001,43000,4,1000,72176,74674,78004,6942,6957,6979
chip01,42001,43000,5,1000,79124,85783,92458,6942,6957,6980
chip01,42001,43000,6,1000,72413,76925,81548,6941,6957,6980
chip01,43001,44000,0,1000,77653,81204,85693,6945,6960,6979
chip01,43001,44000,1,1000,71939,75531,78990,6943,6957,6976
chip01,43001,44000,2,1000,73447,77917,82447,6943,6958,6977
chip01,43001,44000,3,1000,110812,111986,113156,6943,6957,6976
chip01,43001,44000,4,1000,72307,75832,81336,6943,6957,6976
chip01,43001,44000,5,1000,80197,85834,91381,6942,6957,6977
chip01,43001,44000,6,1000,72184,74768,80225,6944,6958,6977
chip01,44001,45000,0,1000,79710,83334,87907,6943,6956,6973
chip01,44001,45000,1,1000,74304,76795,80235,6942,6956,6976
chip01,44001,45000,2,1000,74453,76915,80299,6942,6956,6976
chip01,44001,45000,3,1000,110831,112011,113195,6942,6956,6977
chip01,44001,45000,4,1000,73257,75782,80215,6942,6956,6975
chip01,44001,45000,5,1000,78071,84617,91264,6941,6955,6974
chip01,44001,45000,6,1000,73500,76962,81428,6943,6956,6975
chip01,45001,46000,0,1000,80946,84478,88965,6946,6963,6981
chip01,45001,46000,1,1000,73257,76766,81286,6945,6961,6981
chip01,45001,46000,2,1000,73404,76867,80281,6945,6960,6979
chip01,45001,46000,3,1000,110859,113133,114314,6945,6961,6980
chip01,45001,46000,4,1000,73378,77928,85686,6945,6961,6981
chip01,45001,46000,5,1000,79034,84641,90246,6944,6960,6980
chip01,45001,46000,6,1000,75773,81332,89056,6945,6961,6979
chip01,46001,47000,0,1000,79682,83213,87827,6946,6963,6983
chip01,46001,47000,1,1000,75336,77882,82315,6945,6962,6982
chip01,46001,47000,2,1000,74519,77802,80261,6946,6960,6982
chip01,46001,47000,3,1000,111955,113144,114340,6946,6961,6982
chip01,46001,47000,4,1000,75517,79046,83622,6946,6962,6983
chip01,46001,47000,5,1000,80231,85734,92325,6946,6961,6982
chip01,46001,47000,6,1000,77974,82432,86960,6946,6961,6983
chip01,47001,48000,0,1000,79548,82115,85587,6946,6961,6980
chip01,47001,48000,1,1000,74341,77747,81216,6943,6959,6978
chip01,47001,48000,2,1000,74541,76863,80224,6944,6959,6978
chip01,47001,48000,3,1000,111977,113158,115443,6944,6959,6978
chip01,47001,48000,4,1000,73374,76703,81253,6944,6959,6977
chip01,47001,48000,5,1000,77880,82525,89139,6944,6959,6977
chip01,47001,48000,6,1000,78018,82485,87983,6945,6959,6979
chip01,48001,49000,0,1000,79811,84257,89963,6952,6968,6987
chip01,48001,49000,1,1000,74282,76694,80011,6949,6965,6985
chip01,48001,49000,2,1000,76798,80116,84671,6949,6965,6985
chip01,48001,49000,3,1000,110847,113145,114340,6949,6964,6985
chip01,48001,49000,4,1000,74523,77916,82363,6948,6964,6985
chip01,48001,49000,5,1000,78012,82489,89018,6949,6965,6985
chip01,48001,49000,6,1000,78002,82399,89005,6948,6965,6985
chip01,49001,50000,0,1000,85465,91080,110684,6950,6965,6983
chip01,49001,50000,1,1000,74045,76659,80006,6947,6963,6982
chip01,49001,50000,2,1000,77862,82296,87932,6946,6963,6982
chip01,49001,50000,3,1000,110829,112011,113212,6947,6964,6983
chip01,49001,50000,4,1000,75576,79032,83567,6948,6963,6981
chip01,49001,50000,5,1000,76759,81163,85802,6948,6963,6983
chip01,49001,50000,6,1000,77915,81356,85709,6946,6963,6982
chip01,50001,51000,0,1000,87668,93213,110711,6947,6961,6980
chip01,50001,51000,1,1000,76569,79926,83429,6945,6960,6979
chip01,50001,51000,2,1000,77722,80201,84716,6945,6959,6978
chip01,50001,51000,3,1000,110843,112033,114312,6945,6961,6981
chip01,50001,51000,4,1000,78899,83406,89040,6945,6960,6979
chip01,50001,51000,5,1000,80192,84707,91299,6946,6960,6978
chip01,50001,51000,6,1000,78903,82479,87930,6945,6960,6978
chip01,51001,52000,0,1000,89829,109540,110732,6947,6961,6980
chip01,51001,52000,1,1000,77634,81292,87863,6946,6959,6978
chip01,51001,52000,2,1000,77831,82432,90120,6944,6959,6978
chip01,51001,52000,3,1000,109670,110872,113148,6945,6960,6981
chip01,51001,52000,4,1000,81101,84645,89019,6945,6959,6979
chip01,51001,52000,5,1000,82451,87910,93408,6944,6959,6978
chip01,51001,52000,6,1000,80116,85687,92340,6945,6959,6978
chip01,52001,53000,0,1000,88759,109561,111829,6945,6959,6976
chip01,52001,53000,1,1000,77681,81209,86745,6943,6958,6976
chip01,52001,53000,2,1000,78786,82274,86769,6943,6958,6975
chip01,52001,53000,3,1000,91147,109702,111976,6943,6958,6975
chip01,52001,53000,4,1000,81222,85723,109621,6944,6957,6974
chip01,52001,53000,5,1000,83405,88985,109691,6944,6958,6974
chip01,52001,53000,6,1000,80020,84561,91326,6945,6958,6973
chip01,53001,54000,0,1000,92012,110679,111843,6944,6961,6981
chip01,53001,54000,1,1000,77441,80951,84562,6943,6959,6980
chip01,53001,54000,2,1000,79904,83474,87949,6943,6958,6980
chip01,53001,54000,3,1000,91177,109675,111959,6943,6960,6981
chip01,53001,54000,4,1000,84399,88953,109655,6943,6959,6981
chip01,53001,54000,5,1000,90192,109686,111934,6943,6958,6981
chip01,53001,54000,6,1000,80111,84508,88015,6943,6959,6981
chip01,54001,55000,0,1000,91864,110661,111816,6952,6972,6991
chip01,54001,55000,1,1000,78528,80990,84548,6948,6967,6989
chip01,54001,55000,2,1000,80056,84430,87962,6949,6968,6990
chip01,54001,55000,3,1000,92148,110810,111998,6949,6968,6991
chip01,54001,55000,4,1000,84516,88955,109637,6949,6968,6991
chip01,54001,55000,5,1000,90121,109657,110829,6948,6968,6990
chip01,54001,55000,6,1000,81258,85631,90081,6949,6968,6991
chip01,55001,56000,0,1000,88515,109474,110729,6954,6972,6990
chip01,55001,56000,1,1000,78801,82254,86614,6950,6968,6987
chip01,55001,56000,2,1000,80887,84451,90019,6950,6968,6989
chip01,55001,56000,3,1000,92117,109663,110870,6949,6969,6990
chip01,55001,56000,4,1000,86646,92247,110778,6951,6968,6989
chip01,55001,56000,5,1000,93314,110785,111933,6950,6968,6987
chip01,55001,56000,6,1000,83281,87968,109645,6949,6968,6988
chip01,56001,57000,0,1000,88346,109476,110705,6950,6966,6985
chip01,56001,57000,1,1000,79790,83269,86740,6946,6963,6982
chip01,56001,57000,2,1000,78566,82074,85678,6946,6963,6982
chip01,56001,57000,3,1000,87590,92082,110806,6947,6964,6985
chip01,56001,57000,4,1000,86719,109598,110809,6946,6963,6983
chip01,56001,57000,5,1000,91041,109651,110831,6946,6963,6982
chip01,56001,57000,6,1000,82078,85696,92236,6946,6963,6982
chip01,57001,58000,0,1000,89634,109472,110702,6948,6962,6981
chip01,57001,58000,1,1000,81978,85477,91037,6946,6959,6980
chip01,57001,58000,2,1000,78756,84400,109610,6946,6960,6979
chip01,57001,58000,3,1000,89887,110777,111964,6946,6961,6982
chip01,57001,58000,4,1000,88927,109605,110787,6945,6960,6980
chip01,57001,58000,5,1000,90072,109656,110833,6945,6960,6979
chip01,57001,58000,6,1000,82132,86808,93385,6946,6960,6978
chip01,58001,59000,0,1000,89456,109436,110697,6948,6963,6985
chip01,58001,59000,1,1000,83233,86627,91060,6945,6961,6984
chip01,58001,59000,2,1000,86566,109623,110829,6945,6961,6983
chip01,58001,59000,3,1000,109613,110820,112008,6946,6962,6987
chip01,58001,59000,4,1000,91149,109644,110838,6946,6961,6983
chip01,58001,59000,5,1000,89918,109646,110835,6944,6961,6984
chip01,58001,59000,6,1000,85575,90058,109692,6946,6961,6984
chip01,59001,60000,0,1000,90743,109470,110715,6953,6971,6990
chip01,59001,60000,1,1000,85480,89886,109613,6951,6969,6989
chip01,59001,60000,2,1000,85571,91093,109665,6949,6967,6987
chip01,59001,60000,3,1000,109646,110871,113141,6951,6969,6989
chip01,59001,60000,4,1000,109610,110795,111963,6951,6968,6989
chip01,59001,60000,5,1000,91060,109665,110851,6950,6967,6986
chip01,59001,60000,6,1000,87717,92247,110803,6950,6967,6987
chip01,60001,61000,0,1000,109407,110651,110744,6952,6969,6985
chip01,60001,61000,1,1000,84329,88749,93281,6949,6967,6986
chip01,60001,61000,2,1000,92267,109688,111934,6949,6965,6984
chip01,60001,61000,3,1000,110799,111992,113184,6950,6967,6987
chip01,60001,61000,4,1000,91123,109665,110854,6949,6965,6983
chip01,60001,61000,5,1000,109635,110829,112002,6949,6965,6983
chip01,60001,61000,6,1000,85623,90014,109710,6949,6965,6985
chip01,61001,62000,0,1000,91737,109460,110720,6955,6977,6994
chip01,61001,62000,1,1000,87713,109567,110804,6952,6974,6995
chip01,61001,62000,2,1000,89858,109634,110827,6952,6972,6994
chip01,61001,62000,3,1000,111957,113145,115408,6954,6976,6997
chip01,61001,62000,4,1000,109610,110815,111990,6954,6974,6993
chip01,61001,62000,5,1000,109633,110814,111973,6953,6974,6994
chip01,61001,62000,6,1000,86699,91096,109705,6952,6974,6994
chip01,62001,63000,0,1000,92794,110645,110733,6954,6972,6989
chip01,62001,63000,1,1000,88736,109580,110830,6950,6968,6988
chip01,62001,63000,2,1000,86600,93255,110810,6951,6968,6987
chip01,62001,63000,3,1000,111977,114267,116574,6951,6970,6991
chip01,62001,63000,4,1000,109619,110818,112001,6950,6968,6987
chip01,62001,63000,5,1000,109628,110817,111986,6951,6967,6987
chip01,62001,63000,6,1000,88940,109664,110855,6949,6968,6987
chip01,63001,64000,0,1000,109389,110680,111862,6953,6974,7003
chip01,63001,64000,1,1000,86403,91015,110761,6951,6971,7003
chip01,63001,64000,2,1000,90965,109636,110832,6950,6971,7000
chip01,63001,64000,3,1000,112005,114294,116581,6951,6973,7001
chip01,63001,64000,4,1000,92144,110794,111970,6950,6971,7002
chip01,63001,64000,5,1000,109652,110857,112037,6951,6972,7002
chip01,63001,64000,6,1000,88861,109649,110862,6950,6970,7001
chip01,64001,65000,0,1000,109424,110728,111913,6956,6989,7011
chip01,64001,65000,1,1000,87682,109614,110832,6960,6995,7011
chip01,64001,65000,2,1000,88881,109662,110867,6959,6994,7012
chip01,64001,65000,3,1000,113148,114342,116647,6960,6994,7012
chip01,64001,65000,4,1000,92146,110816,112002,6959,6992,7012
chip01,64001,65000,5,1000,110852,112024,113188,6959,6994,7011
chip01,64001,65000,6,1000,89940,109709,110909,6961,6994,7011
chip01,65001,66000,0,1000,109450,110732,111919,6950,6968,7001
chip01,65001,66000,1,1000,89778,109627,111929,6950,6974,7008
chip01,65001,66000,2,1000,90991,109678,110881,6951,6972,7008
chip01,65001,66000,3,1000,113158,114377,116700,6950,6975,7008
chip01,65001,66000,4,1000,109635,110854,112030,6951,6975,7007
chip01,65001,66000,5,1000,110848,112010,113176,6950,6974,7008
chip01,65001,66000,6,1000,109655,110873,112053,6950,6974,7007
chip01,66001,67000,0,1000,110645,111832,112999,6948,6964,6997
chip01,66001,67000,1,1000,90968,109614,110829,6948,6967,7003
chip01,66001,67000,2,1000,91083,109661,110864,6947,6967,7003
chip01,66001,67000,3,1000,112030,114336,116646,6948,6968,7004
chip01,66001,67000,4,1000,92178,110817,111994,6948,6969,7005
chip01,66001,67000,5,1000,110846,112025,113212,6949,6968,7005
chip01,66001,67000,6,1000,89924,109691,110903,6947,6967,7004
chip01,67001,68000,0,1000,110653,110719,111914,6948,6961,6985
chip01,67001,68000,1,1000,89816,109594,110819,6947,6962,6993
chip01,67001,68000,2,1000,86365,91036,110819,6947,6962,6993
chip01,67001,68000,3,1000,111995,114323,116660,6947,6962,6995
chip01,67001,68000,4,1000,109607,110830,112001,6948,6962,6991
chip01,67001,68000,5,1000,110844,112019,113201,6947,6962,6993
chip01,67001,68000,6,1000,88830,109676,110909,6949,6962,6995
chip01,68001,69000,0,1000,110645,111855,113014,6948,6962,6985
chip01,68001,69000,1,1000,92973,110756,111920,6946,6962,6993
chip01,68001,69000,2,1000,88632,109602,110831,6947,6961,6994
chip01,68001,69000,3,1000,110793,112008,114310,6946,6962,6994
chip01,68001,69000,4,1000,109614,110848,113091,6946,6962,6997
chip01,68001,69000,5,1000,110837,112021,114285,6947,6964,6997
chip01,68001,69000,6,1000,89776,109654,110883,6947,6962,6994
chip01,69001,70000,0,1000,110643,111876,114120,6950,6964,6987
chip01,69001,70000,1,1000,109523,110765,111936,6947,6962,6994
chip01,69001,70000,2,1000,86444,89886,109643,6946,6962,6995
chip01,69001,70000,3,1000,110797,112002,113202,6947,6961,6994
chip01,69001,70000,4,1000,110793,110869,112040,6947,6962,6995
chip01,69001,70000,5,1000,111956,113119,114288,6948,6963,6993
chip01,69001,70000,6,1000,90879,109657,110872,6948,6962,6992
chip01,70001,71000,0,1000,110638,111866,113038,6949,6962,6981
chip01,70001,71000,1,1000,109542,110787,111968,6947,6961,6982
chip01,70001,71000,2,1000,88599,93145,110835,6948,6961,6983
chip01,70001,71000,3,1000,111969,113168,115482,6947,6962,6984
chip01,70001,71000,4,1000,110816,112006,114290,6948,6962,6984
chip01,70001,71000,5,1000,111997,114261,115451,6947,6962,6984
chip01,70001,71000,6,1000,89845,109645,110869,6948,6962,6984
chip01,71001,72000,0,1000,110632,111879,114124,6949,6963,6981
chip01,71001,72000,1,1000,110724,110795,111977,6949,6964,6987
chip01,71001,72000,2,1000,91961,109643,110850,6947,6961,6980
chip01,71001,72000,3,1000,111973,113177,115496,6948,6962,6981
chip01,71001,72000,4,1000,110794,111979,113156,6947,6961,6982
chip01,71001,72000,5,1000,113102,114280,115458,6949,6963,6982
chip01,71001,72000,6,1000,88745,109618,110866,6948,6962,6984
chip01,72001,73000,0,1000,111823,112983,114129,6947,6962,6981
chip01,72001,73000,1,1000,110765,111945,113118,6948,6964,6989
chip01,72001,73000,2,1000,109556,110800,111965,6947,6961,6984
chip01,72001,73000,3,1000,111977,113181,115480,6947,6962,6985
chip01,72001,73000,4,1000,110789,111974,113149,6947,6960,6984
chip01,72001,73000,5,1000,113116,114289,115470,6947,6962,6986
chip01,72001,73000,6,1000,93081,109653,110879,6948,6962,6988
chip01,73001,74000,0,1000,111818,113000,114171,6950,6966,6985
chip01,73001,74000,1,1000,111901,113038,114225,6949,6965,6988
chip01,73001,74000,2,1000,109524,110787,111970,6948,6962,6983
chip01,73001,74000,3,1000,110765,112001,114320,6948,6963,6983
chip01,73001,74000,4,1000,110769,111950,113129,6948,6962,6982
chip01,73001,74000,5,1000,113110,114288,116546,6948,6963,6983
chip01,73001,74000,6,1000,90869,109621,110860,6948,6963,6984
chip01,74001,75000,0,1000,111825,113002,115224,6949,6964,6983
chip01,74001,75000,1,1000,111914,113092,115375,6948,6964,6984
chip01,74001,75000,2,1000,109551,110795,111966,6947,6960,6980
chip01,74001,75000,3,1000,109508,110797,112007,6947,6961,6980
chip01,74001,75000,4,1000,110726,110806,112006,6946,6960,6980
chip01,74001,75000,5,1000,113097,114270,115449,6946,6961,6981
chip01,74001,75000,6,1000,91974,109619,110871,6947,6962,6983
chip01,75001,76000,0,1000,112920,114102,115291,6949,6964,6984
chip01,75001,76000,1,1000,111891,113071,115378,6952,6971,6996
chip01,75001,76000,2,1000,109550,110802,111985,6948,6963,6984
chip01,75001,76000,3,1000,110735,111923,113127,6948,6963,6985
chip01,75001,76000,4,1000,109523,110797,111988,6949,6963,6984
chip01,75001,76000,5,1000,113089,114262,115440,6948,6964,6985
chip01,75001,76000,6,1000,109521,110789,111956,6948,6964,6986
chip01,76001,77000,0,1000,112962,114129,116372,6952,6968,6986
chip01,76001,77000,1,1000,111911,113094,115371,6956,6977,6998
chip01,76001,77000,2,1000,110739,110805,111981,6950,6964,6984
chip01,76001,77000,3,1000,109490,110782,111998,6949,6965,6983
chip01,76001,77000,4,1000,110732,110791,111992,6950,6965,6983
chip01,76001,77000,5,1000,113084,114251,115432,6950,6965,6984
chip01,76001,77000,6,1000,109509,110794,111970,6950,6965,6983
chip01,77001,78000,0,1000,112976,115231,117495,6952,6967,6985
chip01,77001,78000,1,1000,111896,113074,114254,6960,6979,7000
chip01,77001,78000,2,1000,110753,111908,112003,6948,6963,6983
chip01,77001,78000,3,1000,110743,111950,113138,6949,6963,6982
chip01,77001,78000,4,1000,110753,111950,113121,6948,6963,6981
chip01,77001,78000,5,1000,113094,114274,116534,6948,6963,6983
chip01,77001,78000,6,1000,109528,110802,111988,6949,6963,6981
chip01,78001,79000,0,1000,114083,115242,117457,6956,6975,6993
chip01,78001,79000,1,1000,111898,113079,115342,6969,6988,7006
chip01,78001,79000,2,1000,110762,111941,113090,6951,6967,6987
chip01,78001,79000,3,1000,110735,111952,113132,6951,6967,6986
chip01,78001,79000,4,1000,110752,111952,113122,6951,6967,6985
chip01,78001,79000,5,1000,113136,115383,116565,6952,6968,6986
chip01,78001,79000,6,1000,109530,110808,111995,6953,6967,6986
chip01,79001,80000,0,1000,114108,116372,118663,6953,6968,6987
chip01,79001,80000,1,1000,111902,113086,115370,6972,6989,7010
chip01,79001,80000,2,1000,110762,111947,113085,6950,6965,6983
chip01,79001,80000,3,1000,110720,110781,112009,6949,6964,6983
chip01,79001,80000,4,1000,110734,111947,113114,6950,6964,6982
chip01,79001,80000,5,1000,114249,115417,116628,6950,6965,6985
chip01,79001,80000,6,1000,110767,111918,113115,6950,6965,6983
chip01,80001,81000,0,1000,112949,114130,116380,6955,6971,6991
chip01,80001,81000,1,1000,111894,113076,114255,6973,6990,7012
chip01,80001,81000,2,1000,110746,111900,111994,6949,6963,6981
chip01,80001,81000,3,1000,110725,111949,113136,6948,6963,6980
chip01,80001,81000,4,1000,110732,111943,113114,6949,6963,6981
chip01,80001,81000,5,1000,113125,115391,116573,6949,6964,6982
chip01,80001,81000,6,1000,109510,110805,112001,6949,6963,6981
chip01,81001,82000,0,1000,111763,114068,115253,6953,6971,6992
chip01,81001,82000,1,1000,111890,113072,114272,6966,6986,7007
chip01,81001,82000,2,1000,110740,111915,112014,6947,6961,6978
chip01,81001,82000,3,1000,110721,111951,113138,6948,6962,6980
chip01,81001,82000,4,1000,110748,111959,113137,6948,6961,6977
chip01,81001,82000,5,1000,114231,115396,116575,6949,6962,6979
chip01,81001,82000,6,1000,110753,111936,113110,6948,6961,6980
chip01,82001,83000,0,1000,112948,114135,116397,6954,6973,6996
chip01,82001,83000,1,1000,111914,113100,115370,6964,6983,7003
chip01,82001,83000,2,1000,110747,111950,113113,6948,6964,6986
chip01,82001,83000,3,1000,110707,111929,113110,6949,6964,6988
chip01,82001,83000,4,1000,110729,111953,113132,6949,6965,6987
chip01,82001,83000,5,1000,113096,114285,116549,6949,6965,6987
chip01,82001,83000,6,1000,110742,111925,113097,6949,6964,6987
chip01,83001,84000,0,1000,114089,116360,118644,6964,6989,7012
chip01,83001,84000,1,1000,113015,114204,115398,6966,6987,7008
chip01,83001,84000,2,1000,110728,111941,113101,6952,6969,6990
chip01,83001,84000,3,1000,110699,111936,113133,6952,6970,6990
chip01,83001,84000,4,1000,111910,113093,114271,6951,6970,6990
chip01,83001,84000,5,1000,113077,114251,115447,6952,6970,6991
chip01,83001,84000,6,1000,110731,111930,113092,6952,6969,6990
chip01,84001,85000,0,1000,114065,116350,118646,6966,6989,7012
chip01,84001,85000,1,1000,111879,114190,116490,6962,6983,7004
chip01,84001,85000,2,1000,110685,110749,111965,6950,6966,6986
chip01,84001,85000,3,1000,110672,111910,113091,6950,6966,6987
chip01,84001,85000,4,1000,111863,113049,114223,6950,6966,6986
chip01,84001,85000,5,1000,113049,114224,115399,6951,6967,6988
chip01,84001,85000,6,1000,110704,111907,111982,6950,6965,6986
chip01,85001,86000,0,1000,112910,115210,117488,6966,6987,7010
chip01,85001,86000,1,1000,113019,115300,117603,6961,6981,7001
chip01,85001,86000,2,1000,110690,111912,113085,6948,6963,6981
chip01,85001,86000,3,1000,111870,113052,114223,6948,6962,6982
chip01,85001,86000,4,1000,111879,113068,114239,6947,6962,6982
chip01,85001,86000,5,1000,113060,114243,116519,6947,6963,6982
chip01,85001,86000,6,1000,110699,111918,113083,6948,6963,6982
chip01,86001,87000,0,1000,112879,115199,117471,6955,6977,7001
chip01,86001,87000,1,1000,111859,114168,116483,6965,6985,7006
chip01,86001,87000,2,1000,110670,111892,113066,6947,6962,6984
chip01,86001,87000,3,1000,110634,111891,113080,6947,6962,6984
chip01,86001,87000,4,1000,111869,113052,114222,6946,6962,6984
chip01,86001,87000,5,1000,113040,114227,116454,6948,6963,6986
chip01,86001,87000,6,1000,110669,110733,111965,6947,6963,6982
chip01,87001,88000,0,1000,114047,115216,117475,6967,6987,7010
chip01,87001,88000,1,1000,112992,114186,116482,6970,6990,7011
chip01,87001,88000,2,1000,110664,111896,113071,6951,6968,6988
chip01,87001,88000,3,1000,110654,111913,113107,6952,6969,6989
chip01,87001,88000,4,1000,111870,113057,114240,6953,6969,6986
chip01,87001,88000,5,1000,113034,114212,115390,6953,6969,6989
chip01,87001,88000,6,1000,110678,111901,113067,6953,6969,6988
chip01,88001,89000,0,1000,112924,115204,117452,6969,6989,7009
chip01,88001,89000,1,1000,113009,114206,116490,6972,6991,7014
chip01,88001,89000,2,1000,110631,111877,113041,6950,6967,6985
chip01,88001,89000,3,1000,111842,113022,114195,6951,6968,6988
chip01,88001,89000,4,1000,111834,113030,114208,6950,6966,6985
chip01,88001,89000,5,1000,113009,114188,115361,6950,6966,6986
chip01,88001,89000,6,1000,110643,111867,113044,6951,6966,6985
chip01,89001,90000,0,1000,112852,115155,116360,6977,6999,7017
chip01,89001,90000,1,1000,112981,114181,116471,6975,6997,7018
chip01,89001,90000,2,1000,110614,111869,113039,6953,6974,6994
chip01,89001,90000,3,1000,111823,113007,114169,6955,6975,6995
chip01,89001,90000,4,1000,111823,113020,114186,6953,6973,6993
chip01,89001,90000,5,1000,113007,114185,116433,6953,6974,6993
chip01,89001,90000,6,1000,110625,111863,113032,6955,6974,6992
chip01,90001,91000,0,1000,112814,114045,116323,6970,6991,7012
chip01,90001,91000,1,1000,112969,115251,117553,6974,6997,7017
chip01,90001,91000,2,1000,111816,112989,114145,6951,6970,6988
chip01,90001,91000,3,1000,111808,113011,114181,6951,6970,6988
chip01,90001,91000,4,1000,111798,113004,114177,6951,6968,6987
chip01,90001,91000,5,1000,114136,115311,117590,6952,6969,6990
chip01,90001,91000,6,1000,110599,111846,113012,6951,6967,6987
chip01,91001,92000,0,1000,112840,115151,116334,6974,6997,7016
chip01,91001,92000,1,1000,112960,114144,115366,6976,6997,7019
chip01,91001,92000,2,1000,111826,113002,114167,6951,6970,6993
chip01,91001,92000,3,1000,111805,113006,114190,6950,6971,6992
chip01,91001,92000,4,1000,111828,113029,114208,6950,6970,6993
chip01,91001,92000,5,1000,114154,116415,117658,6951,6970,6993
chip01,91001,92000,6,1000,110610,111869,113064,6951,6970,6993
chip01,92001,93000,0,1000,112836,114089,116314,6978,7001,7018
chip01,92001,93000,1,1000,112970,114176,116481,6982,7002,7021
chip01,92001,93000,2,1000,111819,111890,114143,6957,6977,6995
chip01,92001,93000,3,1000,111807,113006,114169,6957,6979,6997
chip01,92001,93000,4,1000,111836,114196,118694,6957,6977,6996
chip01,92001,93000,5,1000,114174,115370,117628,6958,6978,6997
chip01,92001,93000,6,1000,110589,111865,113058,6956,6977,6996
chip01,93001,94000,0,1000,113983,115163,116335,6980,7001,7018
chip01,93001,94000,1,1000,114141,116404,117632,6980,7002,7022
chip01,93001,94000,2,1000,111811,111870,113059,6953,6973,6993
chip01,93001,94000,3,1000,111802,111867,113073,6955,6973,6992
chip01,93001,94000,4,1000,114119,115305,117563,6954,6974,6992
chip01,93001,94000,5,1000,115326,117602,119919,6956,6975,6994
chip01,93001,94000,6,1000,110588,111867,113055,6953,6972,6992
chip01,94001,95000,0,1000,113971,115157,116335,6985,7004,7024
chip01,94001,95000,1,1000,114160,116475,119888,6985,7004,7024
chip01,94001,95000,2,1000,111820,112994,114169,6954,6974,6994
chip01,94001,95000,3,1000,111801,113012,114187,6956,6975,6994
chip01,94001,95000,4,1000,113006,115319,118733,6955,6972,6992
chip01,94001,95000,5,1000,114182,116502,119905,6956,6974,6994
chip01,94001,95000,6,1000,110567,111858,113049,6956,6973,6993
chip01,95001,96000,0,1000,114028,116316,119689,6979,6999,7018
chip01,95001,96000,1,1000,114141,116444,118756,6973,6993,7014
chip01,95001,96000,2,1000,111805,111889,114161,6949,6967,6986
chip01,95001,96000,3,1000,111784,113000,114182,6953,6970,6989
chip01,95001,96000,4,1000,112967,114150,115325,6951,6967,6985
chip01,95001,96000,5,1000,115281,116480,118760,6950,6967,6986
chip01,95001,96000,6,1000,110552,111852,113038,6952,6968,6987
chip01,96001,97000,0,1000,115147,117462,120821,6979,7000,7019
chip01,96001,97000,1,1000,115283,117581,119925,6971,6992,7013
chip01,96001,97000,2,1000,111827,113030,114195,6951,6971,6989
chip01,96001,97000,3,1000,111783,112984,113084,6953,6970,6990
chip01,96001,97000,4,1000,112974,114162,116417,6952,6969,6987
chip01,96001,97000,5,1000,115272,116467,118760,6951,6969,6988
chip01,96001,97000,6,1000,110538,111844,113038,6957,6975,6994
chip01,97001,98000,0,1000,115148,117447,120823,6975,6997,7019
chip01,97001,98000,1,1000,115271,116461,118761,6968,6989,7012
chip01,97001,98000,2,1000,111824,113026,114192,6951,6968,6987
chip01,97001,98000,3,1000,111783,112999,114172,6952,6969,6990
chip01,97001,98000,4,1000,112965,114153,115327,6952,6968,6987
chip01,97001,98000,5,1000,114146,115332,117615,6953,6970,6990
chip01,97001,98000,6,1000,110555,111853,113053,6955,6975,6993
chip01,98001,99000,0,1000,115171,117432,119715,6977,6998,7022
chip01,98001,99000,1,1000,115308,118702,122194,6968,6987,7007
chip01,98001,99000,2,1000,111804,113006,114164,6950,6967,6986
chip01,98001,99000,3,1000,111782,112999,114182,6951,6969,6990
chip01,98001,99000,4,1000,112944,114124,115296,6950,6966,6986
chip01,98001,99000,5,1000,114163,116455,118753,6951,6967,6988
chip01,98001,99000,6,1000,111786,111854,113068,6954,6972,6993
chip01,99001,100000,0,1000,115129,117410,119680,6970,6993,7015
chip01,99001,100000,1,1000,115269,118659,122140,6966,6986,7007
chip01,99001,100000,2,1000,111791,113006,114178,6948,6964,6985
chip01,99001,100000,3,1000,111800,113009,114197,6949,6965,6987
chip01,99001,100000,4,1000,112939,114126,115301,6948,6962,6980
chip01,99001,100000,5,1000,114139,116416,117623,6948,6964,6984
chip01,99001,100000,6,1000,110454,111808,113021,6949,6967,6986
chip01,100001,101000,0,1000,113969,116249,117442,6980,7006,7028
chip01,100001,101000,1,1000,115236,117512,119910,6973,6995,7020
chip01,100001,101000,2,1000,111778,112993,114161,6949,6966,6989
chip01,100001,101000,3,1000,112918,113023,115282,6949,6969,6992
chip01,100001,101000,4,1000,112941,114135,115340,6947,6966,6987
chip01,100001,101000,5,1000,115289,117568,119841,6948,6966,6989
chip01,100001,101000,6,1000,110456,111815,113029,6952,6971,6993
chip01,101001,102000,0,1000,115102,116265,117435,6995,7016,7036
chip01,101001,102000,1,1000,115268,117593,121042,6987,7007,7025
chip01,101001,102000,2,1000,111779,113005,114172,6959,6981,6999
chip01,101001,102000,3,1000,111741,112987,114183,6960,6982,7001
chip01,101001,102000,4,1000,112924,114093,115282,6957,6979,6997
chip01,101001,102000,5,1000,115297,117591,119906,6959,6982,7001
chip01,101001,102000,6,1000,111753,112953,114134,6958,6981,7000
chip01,102001,103000,0,1000,115068,116283,118577,6988,7012,7033
chip01,102001,103000,1,1000,115236,116441,118746,6985,7007,7028
chip01,102001,103000,2,1000,111769,113017,115293,6958,6981,7001
chip01,102001,103000,3,1000,112932,113029,115278,6957,6982,7001
chip01,102001,103000,4,1000,112922,114112,115289,6957,6981,7000
chip01,102001,103000,5,1000,116381,117575,119868,6957,6980,7003
chip01,102001,103000,6,1000,111741,112938,114124,6956,6979,6999
chip01,103001,104000,0,1000,115113,116313,119662,6992,7015,7036
chip01,103001,104000,1,1000,115256,117563,119885,6989,7010,7030
chip01,103001,104000,2,1000,112956,114110,115286,6961,6983,7001
chip01,103001,104000,3,1000,112935,114127,115304,6961,6982,7001
chip01,103001,104000,4,1000,112906,114078,115265,6960,6983,7002
chip01,103001,104000,5,1000,116390,117582,119870,6960,6981,6999
chip01,103001,104000,6,1000,111735,112958,114151,6959,6982,6999
chip01,104001,105000,0,1000,116216,117407,119688,6985,7009,7031
chip01,104001,105000,1,1000,115270,117552,119904,6986,7007,7029
chip01,104001,105000,2,1000,112968,114149,115326,6955,6976,6997
chip01,104001,105000,3,1000,112919,114101,115276,6955,6977,6999
chip01,104001,105000,4,1000,112902,112969,114168,6955,6975,6995
chip01,104001,105000,5,1000,115275,117539,118752,6955,6976,6996
chip01,104001,105000,6,1000,111711,111790,114095,6956,6976,6995
chip01,105001,106000,0,1000,115129,117417,120764,6981,7005,7030
chip01,105001,106000,1,1000,115267,117570,119881,6984,7007,7029
chip01,105001,106000,2,1000,112933,113011,115247,6954,6974,6995
chip01,105001,106000,3,1000,111692,112957,114154,6955,6975,6996
chip01,105001,106000,4,1000,112901,114102,115281,6954,6973,6995
chip01,105001,106000,5,1000,116404,118689,121009,6954,6975,6995
chip01,105001,106000,6,1000,111712,112954,114140,6954,6973,6993
chip01,106001,107000,0,1000,115132,117414,120793,6982,7006,7031
chip01,106001,107000,1,1000,115259,117555,119878,6976,7001,7024
chip01,106001,107000,2,1000,112942,114109,115259,6953,6973,6995
chip01,106001,107000,3,1000,112900,114097,115263,6954,6973,6994
chip01,106001,107000,4,1000,112897,114100,115283,6952,6972,6991
chip01,106001,107000,5,1000,115262,117549,118771,6952,6972,6993
chip01,106001,107000,6,1000,111703,112963,114155,6952,6970,6991
chip01,107001,108000,0,1000,115070,116260,118538,6982,7007,7032
chip01,107001,108000,1,1000,116380,117584,119908,6979,7002,7028
chip01,107001,108000,2,1000,112934,114121,115295,6953,6972,6994
chip01,107001,108000,3,1000,112909,114114,115285,6953,6972,6992
chip01,107001,108000,4,1000,112910,114128,116400,6953,6973,6995
chip01,107001,108000,5,1000,115261,116484,119818,6952,6971,6993
chip01,107001,108000,6,1000,111698,112960,114156,6952,6970,6991
chip01,108001,109000,0,1000,115051,116236,117432,6978,7001,7026
chip01,108001,109000,1,1000,116418,119817,123284,6976,6998,7022
chip01,108001,109000,2,1000,112910,114087,115255,6950,6967,6988
chip01,108001,109000,3,1000,112897,114108,115285,6949,6967,6988
chip01,108001,109000,4,1000,114046,115240,116419,6949,6968,6988
chip01,108001,109000,5,1000,115234,116421,118705,6949,6967,6986
chip01,108001,109000,6,1000,111678,112951,114144,6950,6967,6987
chip01,109001,110000,0,1000,115081,117372,119630,6982,7010,7035
chip01,109001,110000,1,1000,116331,117569,121011,6978,7005,7029
chip01,109001,110000,2,1000,112913,114095,115258,6954,6977,7000
chip01,109001,110000,3,1000,112878,114086,115265,6954,6978,6999
chip01,109001,110000,4,1000,112899,114111,115312,6953,6977,6998
chip01,109001,110000,5,1000,115237,116463,118729,6953,6976,6998
chip01,109001,110000,6,1000,111657,112936,114132,6954,6977,6998
chip01,110001,111000,0,1000,116230,117429,120755,6996,7021,7046
chip01,110001,111000,1,1000,116408,118744,122175,6988,7012,7034
chip01,110001,111000,2,1000,112914,114110,115274,6960,6982,6999
chip01,110001,111000,3,1000,112884,114096,115278,6962,6984,7003
chip01,110001,111000,4,1000,114046,115233,116419,6961,6982,6999
chip01,110001,111000,5,1000,114055,115259,117559,6962,6983,7001
chip01,110001,111000,6,1000,111646,112933,114137,6961,6980,6997
chip01,111001,112000,0,1000,116207,117380,119616,6996,7020,7048
chip01,111001,112000,1,1000,117504,119853,123305,6987,7009,7033
chip01,111001,112000,2,1000,112910,114113,115279,6956,6978,6997
chip01,111001,112000,3,1000,112891,114109,115298,6957,6981,6999
chip01,111001,112000,4,1000,112854,114118,116426,6960,6981,7000
chip01,111001,112000,5,1000,114080,116372,117568,6958,6979,6999
chip01,111001,112000,6,1000,111642,112931,114135,6956,6977,6996
chip01,112001,113000,0,1000,116212,118518,120797,7000,7024,7055
chip01,112001,113000,1,1000,117545,119873,124398,6986,7010,7033
chip01,112001,113000,2,1000,112889,114081,115252,6957,6977,6997
chip01,112001,113000,3,1000,112886,114102,115308,6957,6977,6996
chip01,112001,113000,4,1000,114064,115264,117573,6958,6978,6997
chip01,112001,113000,5,1000,115185,116368,117558,6958,6978,6996
chip01,112001,113000,6,1000,111624,112919,114121,6958,6977,6994
chip01,113001,114000,0,1000,117433,120789,124186,7004,7034,7063
chip01,113001,114000,1,1000,118673,122131,125593,6981,7006,7032
chip01,113001,114000,2,1000,112891,114101,115262,6953,6973,6997
chip01,113001,114000,3,1000,114031,114124,116388,6953,6973,6996
chip01,113001,114000,4,1000,114022,115228,116437,6955,6975,6998
chip01,113001,114000,5,1000,115169,116372,117560,6954,6975,6998
chip01,113001,114000,6,1000,111646,112925,115223,6955,6974,6996
chip01,114001,115000,0,1000,118513,121891,125275,7017,7043,7072
chip01,114001,115000,1,1000,119858,124446,130154,7006,7028,7051
chip01,114001,115000,2,1000,112884,114103,115277,6966,6989,7005
chip01,114001,115000,3,1000,114053,115240,116411,6968,6990,7007
chip01,114001,115000,4,1000,114031,115241,117534,6969,6990,7007
chip01,114001,115000,5,1000,115221,116419,118709,6968,6989,7005
chip01,114001,115000,6,1000,112867,114079,115257,6970,6989,7005
chip01,115001,116000,0,1000,118530,121906,125280,7012,7041,7073
chip01,115001,116000,1,1000,120949,124407,128979,7002,7029,7055
chip01,115001,116000,2,1000,112879,114096,115276,6962,6983,7002
chip01,115001,116000,3,1000,114035,114124,116383,6964,6987,7007
chip01,115001,116000,4,1000,114027,115226,117499,6963,6986,7005
chip01,115001,116000,5,1000,115206,116396,118661,6962,6983,7002
chip01,115001,116000,6,1000,114023,115251,116446,6962,6983,7001
chip01,116001,117000,0,1000,118493,121790,124158,7011,7040,7070
chip01,116001,117000,1,1000,119678,122108,126559,7001,7026,7053
chip01,116001,117000,2,1000,112779,114007,115188,6960,6984,7001
chip01,116001,117000,3,1000,113945,115136,116351,6963,6985,7002
chip01,116001,117000,4,1000,112821,114066,116323,6964,6986,7005
chip01,116001,117000,5,1000,115120,116373,118670,6960,6983,7000
chip01,116001,117000,6,1000,113949,115148,116326,6962,6984,7000
chip01,117001,118000,0,1000,118347,121721,126150,7003,7029,7055
chip01,117001,118000,1,1000,118414,120801,124248,6989,7014,7039
chip01,117001,118000,2,1000,112713,113958,115148,6954,6976,6994
chip01,117001,118000,3,1000,113845,115039,116228,6955,6978,6998
chip01,117001,118000,4,1000,112646,113922,116145,6957,6979,6998
chip01,117001,118000,5,1000,116163,117385,119604,6954,6976,6993
chip01,117001,118000,6,1000,113839,115040,116252,6956,6977,6995
chip01,118001,119000,0,1000,119426,122781,126175,6997,7022,7048
chip01,118001,119000,1,1000,118385,121836,126395,6990,7016,7041
chip01,118001,119000,2,1000,113806,113900,116156,6956,6980,6997
chip01,118001,119000,3,1000,113796,115006,116188,6958,6982,7001
chip01,118001,119000,4,1000,112553,113827,116116,6964,6984,7002
chip01,118001,119000,5,1000,116116,117294,119543,6957,6980,6996
chip01,118001,119000,6,1000,114965,116154,117347,6958,6981,6998
chip01,119001,120000,0,1000,120485,124963,129493,7004,7027,7052
chip01,119001,120000,1,1000,118386,121808,125277,6999,7020,7044
chip01,119001,120000,2,1000,113803,114997,116168,6965,6984,6997
chip01,119001,120000,3,1000,113774,114986,116171,6968,6989,7007
chip01,119001,120000,4,1000,113730,114944,116121,6968,6988,7005
chip01,119001,120000,5,1000,114970,117254,118438,6966,6985,6999
chip01,119001,120000,6,1000,114952,116132,117309,6966,6984,6998
chip01,120001,121000,0,1000,121630,126097,132781,7005,7028,7054
chip01,120001,121000,1,1000,118344,121775,126281,7001,7022,7047
chip01,120001,121000,2,1000,113783,115002,117258,6964,6984,7000
chip01,120001,121000,3,1000,113762,114991,116185,6969,6989,7005
chip01,120001,121000,4,1000,113716,114927,116112,6967,6986,7001
chip01,120001,121000,5,1000,116092,118350,119549,6963,6984,6998
chip01,120001,121000,6,1000,114930,116117,117298,6966,6986,7000
chip01,121001,122000,0,1000,122704,127168,131700,7001,7023,7048
chip01,121001,122000,1,1000,117193,120650,126318,7003,7026,7049
chip01,121001,122000,2,1000,113751,114958,116141,6965,6983,6999
chip01,121001,122000,3,1000,113743,114957,116139,6965,6985,7001
chip01,121001,122000,4,1000,113689,114919,116109,6967,6985,7001
chip01,121001,122000,5,1000,116053,117237,119490,6966,6983,6998
chip01,121001,122000,6,1000,114953,117186,118386,6967,6986,7003
chip01,122001,123000,0,1000,121674,124061,128390,6992,7030,7061
chip01,122001,123000,1,1000,116230,118502,120832,6980,7032,7061
chip01,122001,123000,2,1000,113913,115133,117140,6944,6992,7024
chip01,122001,123000,3,1000,113910,115116,117193,6943,6994,7023
chip01,122001,123000,4,1000,113759,114967,116208,6942,6993,7024
chip01,122001,123000,5,1000,116090,117355,119568,6939,6991,7022
chip01,122001,123000,6,1000,115021,116273,117464,6942,6994,7023
chip01,123001,124000,0,1000,120619,122902,126300,6979,7016,7056
chip01,123001,124000,1,1000,116229,117466,120812,6964,6994,7043
chip01,123001,124000,2,1000,113960,115157,117424,6926,6945,7009
chip01,123001,124000,3,1000,113909,115113,116293,6928,6948,7009
chip01,123001,124000,4,1000,113852,113944,116220,6928,6947,7010
chip01,123001,124000,5,1000,116242,118525,120839,6928,6945,7008
chip01,123001,124000,6,1000,115127,116352,118618,6928,6946,7008
chip01,124001,125000,0,1000,120619,122931,127417,6989,7031,7070
chip01,124001,125000,1,1000,116204,117423,120810,6971,7004,7041
chip01,124001,125000,2,1000,113960,116272,118526,6931,6949,6998
chip01,124001,125000,3,1000,113904,115117,116301,6930,6949,6999
chip01,124001,125000,4,1000,113867,115075,116258,6933,6952,6999
chip01,124001,125000,5,1000,115093,117393,118632,6930,6950,6991
chip01,124001,125000,6,1000,115123,117435,119754,6931,6949,6997
chip01,125001,126000,0,1000,121804,125192,129705,6993,7031,7069
chip01,125001,126000,1,1000,116255,119703,123146,6978,7011,7051
chip01,125001,126000,2,1000,113967,115207,117446,6934,6952,6996
chip01,125001,126000,3,1000,113919,115130,116319,6935,6957,7003
chip01,125001,126000,4,1000,113906,115115,116298,6937,6957,6997
chip01,125001,126000,5,1000,115112,117424,119727,6933,6954,6996
chip01,125001,126000,6,1000,113925,115137,116339,6935,6958,6998
chip01,126001,127000,0,1000,121826,126308,130844,7009,7045,7081
chip01,126001,127000,1,1000,115082,116312,118632,6987,7018,7056
chip01,126001,127000,2,1000,113977,115178,116357,6944,6968,7003
chip01,126001,127000,3,1000,113947,115159,116358,6946,6977,7014
chip01,126001,127000,4,1000,113936,115149,116345,6946,6969,7000
chip01,126001,127000,5,1000,118544,120853,123171,6940,6964,6997
chip01,126001,127000,6,1000,113946,115160,116372,6944,6966,7000
chip01,127001,128000,0,1000,120711,125232,129751,7010,7046,7082
chip01,127001,128000,1,1000,115097,116313,118618,6996,7030,7068
chip01,127001,128000,2,1000,113977,115179,116356,6949,6970,7007
chip01,127001,128000,3,1000,113951,115166,116357,6949,6973,7012
chip01,127001,128000,4,1000,113941,115152,116341,6951,6975,7013
chip01,127001,128000,5,1000,117432,119735,122056,6947,6970,7008
chip01,127001,128000,6,1000,113981,116307,117509,6947,6967,7005
chip01,128001,129000,0,1000,122941,127489,132049,7019,7055,7095
chip01,128001,129000,1,1000,115123,117437,118648,7001,7039,7077
chip01,128001,129000,2,1000,113979,115186,116368,6953,6978,7011
chip01,128001,129000,3,1000,113956,115178,116367,6949,6973,7006
chip01,128001,129000,4,1000,113999,115188,117463,6957,6982,7010
chip01,128001,129000,5,1000,117478,119791,123196,6949,6971,7003
chip01,128001,129000,6,1000,113956,115186,117464,6948,6969,6999
chip01,129001,130000,0,1000,123002,126410,130936,7015,7054,7093
chip01,129001,130000,1,1000,116272,117485,119825,7007,7041,7081
chip01,129001,130000,2,1000,113999,115214,117508,6947,6973,7010
chip01,129001,130000,3,1000,113944,115173,116365,6951,6983,7020
chip01,129001,130000,4,1000,115141,116321,117489,6951,6977,7014
chip01,129001,130000,5,1000,116301,118622,120947,6945,6971,7006
chip01,129001,130000,6,1000,113965,115194,117491,6945,6969,7007
chip01,130001,131000,0,1000,119601,123017,127530,7017,7054,7095
chip01,130001,131000,1,1000,116318,118623,120964,7007,7044,7083
chip01,130001,131000,2,1000,114002,115223,117505,6951,6980,7009
chip01,130001,131000,3,1000,113974,115212,116420,6960,6993,7022
chip01,130001,131000,4,1000,115126,116314,117495,6956,6983,7010
chip01,130001,131000,5,1000,117453,119749,122061,6951,6976,7004
chip01,130001,131000,6,1000,113966,115214,117521,6950,6976,7005
chip01,131001,132000,0,1000,120687,124145,128685,7009,7045,7082
chip01,131001,132000,1,1000,116310,118642,121023,7020,7056,7093
chip01,131001,132000,2,1000,113990,115207,116393,6959,6984,7013
chip01,131001,132000,3,1000,115143,116340,117527,6968,6997,7027
chip01,131001,132000,4,1000,115125,116310,117488,6957,6978,7001
chip01,131001,132000,5,1000,117426,118642,120994,6952,6974,6998
chip01,131001,132000,6,1000,113966,115201,117509,6953,6976,7002
chip01,132001,133000,0,1000,120669,122986,127501,7020,7055,7093
chip01,132001,133000,1,1000,116276,117489,120961,7024,7062,7099
chip01,132001,133000,2,1000,113953,115175,116366,6955,6980,7009
chip01,132001,133000,3,1000,115092,116304,117502,6960,6989,7019
chip01,132001,133000,4,1000,115120,116315,118585,6954,6977,7003
chip01,132001,133000,5,1000,117438,119716,120957,6953,6977,7002
chip01,132001,133000,6,1000,113940,115188,117493,6954,6975,7001
chip01,133001,134000,0,1000,120719,125200,129772,7019,7051,7087
chip01,133001,134000,1,1000,116270,117500,120915,7018,7053,7090
chip01,133001,134000,2,1000,113954,115184,117467,6957,6985,7014
chip01,133001,134000,3,1000,113933,115170,117478,6961,6991,7020
chip01,133001,134000,4,1000,115122,116313,117490,6961,6984,7009
chip01,133001,134000,5,1000,117451,119737,122027,6955,6979,7004
chip01,133001,134000,6,1000,115055,116316,118622,6953,6980,7007
chip01,134001,135000,0,1000,124125,129726,135396,7029,7063,7103
chip01,134001,135000,1,1000,117434,119764,123230,7012,7043,7078
chip01,134001,135000,2,1000,115131,116313,117497,6958,6984,7010
chip01,134001,135000,3,1000,113903,115160,116372,6963,6994,7024
chip01,134001,135000,4,1000,115105,116301,117481,6961,6985,7008
chip01,134001,135000,5,1000,117474,119759,122096,6955,6982,7005
chip01,134001,135000,6,1000,115117,116348,118645,6953,6978,7005
chip01,135001,136000,0,1000,122975,127476,130929,7022,7062,7102
chip01,135001,136000,1,1000,117415,118627,121978,7016,7052,7092
chip01,135001,136000,2,1000,115116,116285,117471,6958,6984,7015
chip01,135001,136000,3,1000,113918,115169,117476,6963,6994,7021
chip01,135001,136000,4,1000,115118,116321,118601,6959,6981,7006
chip01,135001,136000,5,1000,118601,122025,125488,6957,6980,7004
chip01,135001,136000,6,1000,113947,116285,117498,6951,6975,7000
chip01,136001,137000,0,1000,124136,128637,133169,7026,7059,7099
chip01,136001,137000,1,1000,116299,118613,120982,7021,7055,7093
chip01,136001,137000,2,1000,115139,116332,117528,6964,6992,7018
chip01,136001,137000,3,1000,113911,115166,116390,6970,7002,7032
chip01,136001,137000,4,1000,115118,116327,117503,6961,6987,7013
chip01,136001,137000,5,1000,118615,120934,124362,6952,6978,7004
chip01,136001,137000,6,1000,113938,116298,117514,6951,6975,7002
chip01,137001,138000,0,1000,124127,127533,132067,7032,7067,7101
chip01,137001,138000,1,1000,117436,119757,123230,7045,7080,7115
chip01,137001,138000,2,1000,113959,115202,117373,6979,7019,7044
chip01,137001,138000,3,1000,113906,115157,116373,6986,7018,7041
chip01,137001,138000,4,1000,115108,116321,118495,6984,7022,7045
chip01,137001,138000,5,1000,118645,122007,124361,6972,7009,7030
chip01,137001,138000,6,1000,113949,116329,117546,6974,7010,7031
chip01,138001,139000,0,1000,125239,128668,133209,7027,7070,7110
chip01,138001,139000,1,1000,118586,120907,124409,7015,7063,7107
chip01,138001,139000,2,1000,115195,117487,118680,6953,6999,7046
chip01,138001,139000,3,1000,113917,115185,117501,6951,7000,7042
chip01,138001,139000,4,1000,115128,116348,118619,6950,6999,7041
chip01,138001,139000,5,1000,117474,119794,123211,6938,6982,7026
chip01,138001,139000,6,1000,113970,116312,117515,6937,6982,7025
chip01,139001,140000,0,1000,122993,127508,132050,7022,7062,7104
chip01,139001,140000,1,1000,117436,118651,122119,7004,7047,7090
chip01,139001,140000,2,1000,115163,116383,118647,6951,6981,7033
chip01,139001,140000,3,1000,113940,115176,117472,6944,6976,7027
chip01,139001,140000,4,1000,116252,117442,118613,6945,6972,7028
chip01,139001,140000,5,1000,117424,119749,122057,6935,6959,7016
chip01,139001,140000,6,1000,115086,116315,117513,6934,6956,7018
chip01,140001,141000,0,1000,122997,127549,133206,7016,7062,7105
chip01,140001,141000,1,1000,117427,118680,122101,7015,7057,7104
chip01,140001,141000,2,1000,115147,116356,118644,6951,6979,7034
chip01,140001,141000,3,1000,115053,116286,117481,6940,6972,7031
chip01,140001,141000,4,1000,116285,118571,119770,6944,6970,7031
chip01,140001,141000,5,1000,116235,117455,119761,6933,6956,7020
chip01,140001,141000,6,1000,115103,116319,117508,6933,6955,7021
chip01,141001,142000,0,1000,124080,128620,134287,7031,7071,7113
chip01,141001,142000,1,1000,117451,119769,122135,7013,7056,7098
chip01,141001,142000,2,1000,115113,116315,117501,6952,6981,7024
chip01,141001,142000,3,1000,115075,116273,117478,6947,6978,7022
chip01,141001,142000,4,1000,116260,117444,118674,6941,6962,7006
chip01,141001,142000,5,1000,116240,118575,119805,6939,6962,7001
chip01,141001,142000,6,1000,115103,116325,117531,6938,6960,7005
chip01,142001,143000,0,1000,124137,128658,134315,7046,7090,7132
chip01,142001,143000,1,1000,117407,118613,120957,7018,7057,7099
chip01,142001,143000,2,1000,115125,116330,117504,6960,6990,7029
chip01,142001,143000,3,1000,115109,116334,118627,6954,6984,7021
chip01,142001,143000,4,1000,117401,118605,120902,6947,6969,7006
chip01,142001,143000,5,1000,117415,118615,120921,6946,6967,7001
chip01,142001,143000,6,1000,115104,116326,118616,6944,6967,7001
chip01,143001,144000,0,1000,122961,127488,133163,7046,7093,7142
chip01,143001,144000,1,1000,117451,119833,124369,7022,7057,7100
chip01,143001,144000,2,1000,115110,116317,117499,6958,6985,7025
chip01,143001,144000,3,1000,116216,117439,118634,6953,6981,7017
chip01,143001,144000,4,1000,116286,118583,119768,6949,6971,7004
chip01,143001,144000,5,1000,117404,118631,120941,6940,6963,6995
chip01,143001,144000,6,1000,115081,116326,118667,6940,6962,6995
chip01,144001,145000,0,1000,120666,124112,127547,7072,7118,7163
chip01,144001,145000,1,1000,117397,118625,122080,7024,7067,7108
chip01,144001,145000,2,1000,115120,116343,118613,6959,6989,7034
chip01,144001,145000,3,1000,115066,116284,117491,6951,6978,7026
chip01,144001,145000,4,1000,117397,118594,120879,6942,6969,7021
chip01,144001,145000,5,1000,117415,119720,122022,6936,6955,7013
chip01,144001,145000,6,1000,115043,116285,117509,6941,6963,7011
chip01,145001,146000,0,1000,121810,125259,129802,7071,7115,7162
chip01,145001,146000,1,1000,117397,119716,123212,7018,7056,7095
chip01,145001,146000,2,1000,116249,117443,118635,6964,6994,7029
chip01,145001,146000,3,1000,115050,116286,117484,6960,6988,7026
chip01,145001,146000,4,1000,116220,117426,119696,6951,6976,7016
chip01,145001,146000,5,1000,118542,120836,123160,6938,6960,6996
chip01,145001,146000,6,1000,113843,116230,117455,6941,6961,6992
chip01,146001,147000,0,1000,121766,125217,129731,7082,7129,7177
chip01,146001,147000,1,1000,117376,119727,123214,7026,7065,7105
chip01,146001,147000,2,1000,115067,116285,117484,6965,6996,7029
chip01,146001,147000,3,1000,116206,117405,118596,6960,6992,7026
chip01,146001,147000,4,1000,116222,118527,119734,6949,6978,7012
chip01,146001,147000,5,1000,118533,120838,123157,6942,6962,6990
chip01,146001,147000,6,1000,113793,116227,117444,6943,6964,6991
chip01,147001,148000,0,1000,120614,124035,127447,7091,7136,7188
chip01,147001,148000,1,1000,117383,119713,124318,7031,7067,7106
chip01,147001,148000,2,1000,115064,116295,118582,6964,6994,7030
chip01,147001,148000,3,1000,116215,117415,118609,6964,6994,7029
chip01,147001,148000,4,1000,116209,117428,119705,6951,6981,7016
chip01,147001,148000,5,1000,118519,119734,122065,6942,6961,6990
chip01,147001,148000,6,1000,113787,116225,117459,6943,6964,6995
chip01,148001,149000,0,1000,120583,122899,126329,7092,7136,7187
chip01,148001,149000,1,1000,117336,118567,122050,7029,7069,7111
chip01,148001,149000,2,1000,116240,117443,119714,6969,7001,7034
chip01,148001,149000,3,1000,115079,117369,118572,6967,6998,7031
chip01,148001,149000,4,1000,116237,118519,119715,6951,6977,7011
chip01,148001,149000,5,1000,117377,119690,122000,6944,6965,6993
chip01,148001,149000,6,1000,114981,116223,117445,6941,6963,6992
chip01,149001,150000,0,1000,124072,129690,136441,7103,7153,7205
chip01,149001,150000,1,1000,118494,120816,124323,7036,7075,7118
chip01,149001,150000,2,1000,116213,117410,118602,6971,7002,7034
chip01,149001,150000,3,1000,116190,117391,118579,6974,7005,7038
chip01,149001,150000,4,1000,116216,118526,119732,6957,6985,7015
chip01,149001,150000,5,1000,118499,120806,123117,6949,6973,6999
chip01,149001,150000,6,1000,114981,116232,118531,6947,6967,6993
chip01,150001,151000,0,1000,127472,133098,138789,7108,7156,7207
chip01,150001,151000,1,1000,118505,121980,125473,7035,7073,7118
chip01,150001,151000,2,1000,116204,117404,118596,6974,7007,7042
chip01,150001,151000,3,1000,115022,117348,118553,6968,6999,7035
chip01,150001,151000,4,1000,117352,118562,120863,6962,6992,7026
chip01,150001,151000,5,1000,118520,120816,124198,6948,6969,6998
chip01,150001,151000,6,1000,116174,117401,119707,6946,6967,6994
chip01,151001,152000,0,1000,126286,130819,136475,7110,7161,7217
chip01,151001,152000,1,1000,117312,119660,123120,7053,7101,7148
chip01,151001,152000,2,1000,116191,117395,119676,6976,7009,7044
chip01,151001,152000,3,1000,116139,117354,118550,6972,7006,7042
chip01,151001,152000,4,1000,118455,119662,121943,6957,6988,7022
chip01,151001,152000,5,1000,118449,119656,121964,6949,6975,7007
chip01,151001,152000,6,1000,116152,117383,119691,6943,6969,7003
chip01,152001,153000,0,1000,127386,131939,138722,7119,7167,7219
chip01,152001,153000,1,1000,118486,120861,125409,7054,7095,7139
chip01,152001,153000,2,1000,116194,117394,118595,6975,7012,7046
chip01,152001,153000,3,1000,116197,118497,119679,6973,7004,7040
chip01,152001,153000,4,1000,118465,119663,121946,6956,6990,7023
chip01,152001,153000,5,1000,118435,119664,121981,6950,6979,7008
chip01,152001,153000,6,1000,116155,117395,119727,6948,6976,7007
chip01,153001,154000,0,1000,126292,130856,137578,7127,7178,7234
chip01,153001,154000,1,1000,118515,121969,125446,7063,7107,7156
chip01,153001,154000,2,1000,116198,117400,119660,6982,7016,7048
chip01,153001,154000,3,1000,116199,118485,119688,6982,7010,7042
chip01,153001,154000,4,1000,117335,119638,120859,6964,7002,7034
chip01,153001,154000,5,1000,117296,119614,121916,6955,6989,7013
chip01,153001,154000,6,1000,116163,117405,120817,6959,6988,7012
chip01,154001,155000,0,1000,126274,131927,137619,7145,7199,7255
chip01,154001,155000,1,1000,119658,123181,127726,7078,7122,7167
chip01,154001,155000,2,1000,116187,117394,119649,6989,7020,7053
chip01,154001,155000,3,1000,116164,117403,119671,6973,7004,7035
chip01,154001,155000,4,1000,118471,119670,122046,6970,7006,7037
chip01,154001,155000,5,1000,118441,119660,121950,6952,6978,7004
chip01,154001,155000,6,1000,116193,119662,123089,6957,6983,7007
chip01,155001,156000,0,1000,126268,131913,137624,7142,7198,7249
chip01,155001,156000,1,1000,119644,123136,128862,7091,7134,7180
chip01,155001,156000,2,1000,116157,117368,119629,6988,7018,7050
chip01,155001,156000,3,1000,117322,118516,119706,6980,7012,7045
chip01,155001,156000,4,1000,118467,119665,121934,6981,7012,7038
chip01,155001,156000,5,1000,118417,119645,121970,6955,6983,7008
chip01,155001,156000,6,1000,117322,119636,121950,6957,6984,7007
chip01,156001,157000,0,1000,127366,131906,136404,7154,7208,7262
chip01,156001,157000,1,1000,119643,123058,126585,7078,7124,7170
chip01,156001,157000,2,1000,116153,117367,118563,6995,7023,7053
chip01,156001,157000,3,1000,117353,119639,120860,6986,7017,7047
chip01,156001,157000,4,1000,118463,119668,123036,6991,7022,7049
chip01,156001,157000,5,1000,117271,119616,121902,6959,6987,7010
chip01,156001,157000,6,1000,117307,118520,121930,6960,6987,7009
chip01,157001,158000,0,1000,127401,133011,138732,7162,7217,7274
chip01,157001,158000,1,1000,119651,123086,126553,7081,7126,7174
chip01,157001,158000,2,1000,116154,117370,118567,6999,7030,7062
chip01,157001,158000,3,1000,117280,118501,119708,6992,7024,7057
chip01,157001,158000,4,1000,119633,121932,124262,6986,7015,7043
chip01,157001,158000,5,1000,118441,119669,121969,6951,6984,7010
chip01,157001,158000,6,1000,117296,118515,120834,6952,6982,7007
chip01,158001,159000,0,1000,126287,130776,135308,7183,7250,7319
chip01,158001,159000,1,1000,120770,123113,126576,7099,7147,7200
chip01,158001,159000,2,1000,117324,118524,120779,7005,7039,7072
chip01,158001,159000,3,1000,117340,119628,120836,6978,7014,7045
chip01,158001,159000,4,1000,120747,123046,126457,6977,7012,7042
chip01,158001,159000,5,1000,119622,121930,125313,6955,6986,7010
chip01,158001,159000,6,1000,117337,119655,121959,6958,6985,7009
chip01,159001,160000,0,1000,126212,129638,134155,7205,7263,7325
chip01,159001,160000,1,1000,120726,123015,125420,7123,7170,7225
chip01,159001,160000,2,1000,116181,118504,119692,7014,7047,7084
chip01,159001,160000,3,1000,118487,119704,123102,6986,7024,7061
chip01,159001,160000,4,1000,119643,123023,126434,6978,7013,7046
chip01,159001,160000,5,1000,119566,120793,123093,6957,6990,7016
chip01,159001,160000,6,1000,118473,120783,123097,6953,6982,7009
chip01,160001,161000,0,1000,122778,126230,130752,7229,7292,7362
chip01,160001,161000,1,1000,121895,125297,128768,7131,7181,7233
chip01,160001,161000,2,1000,116167,118482,119681,7020,7054,7091
chip01,160001,161000,3,1000,119607,120801,124203,6997,7031,7066
chip01,160001,161000,4,1000,119609,121924,125305,6989,7021,7051
chip01,160001,161000,5,1000,119587,121897,124205,6962,6989,7014
chip01,160001,161000,6,1000,118477,120795,124218,6961,6985,7008
chip01,161001,162000,0,1000,121672,124011,127409,7232,7295,7366
chip01,161001,162000,1,1000,121894,124223,128745,7136,7183,7237
chip01,161001,162000,2,1000,117346,118555,120812,7027,7059,7096
chip01,161001,162000,3,1000,119647,121968,126496,6991,7026,7061
chip01,161001,162000,4,1000,119598,120808,123154,6993,7025,7054
chip01,161001,162000,5,1000,120802,123099,126468,6955,6988,7013
chip01,161001,162000,6,1000,118500,120805,124197,6957,6988,7010
chip01,162001,163000,0,1000,121674,123995,127419,7218,7284,7348
chip01,162001,163000,1,1000,120788,124218,127710,7126,7173,7222
chip01,162001,163000,2,1000,116154,118481,119675,7026,7060,7095
chip01,162001,163000,3,1000,119613,120808,123111,6993,7025,7058
chip01,162001,163000,4,1000,119587,121870,124193,6994,7022,7052
chip01,162001,163000,5,1000,120712,122995,125351,6959,6989,7013
chip01,162001,163000,6,1000,118463,120779,123097,6965,6990,7014
chip01,163001,164000,0,1000,121704,125090,129613,7239,7295,7364
chip01,163001,164000,1,1000,120736,123063,126556,7136,7184,7235
chip01,163001,164000,2,1000,117297,118498,119684,7032,7068,7110
chip01,163001,164000,3,1000,119622,120806,123115,7001,7033,7069
chip01,163001,164000,4,1000,120710,122996,126415,7000,7027,7061
chip01,163001,164000,5,1000,120708,123025,125343,6965,6994,7020
chip01,163001,164000,6,1000,118459,121870,125339,6969,6992,7016
chip01,164001,165000,0,1000,122802,126260,130782,7275,7335,7402
chip01,164001,165000,1,1000,121892,124236,128750,7151,7199,7254
chip01,164001,165000,2,1000,116120,118471,119664,7034,7069,7107
chip01,164001,165000,3,1000,119590,120777,123092,6996,7032,7069
chip01,164001,165000,4,1000,119588,121900,124193,6998,7029,7062
chip01,164001,165000,5,1000,121845,124146,126479,6957,6993,7018
chip01,164001,165000,6,1000,119582,121903,125362,6963,6992,7019
chip01,165001,166000,0,1000,123959,127370,131885,7250,7311,7377
chip01,165001,166000,1,1000,120748,124215,129939,7144,7197,7248
chip01,165001,166000,2,1000,117282,118483,119679,7047,7082,7123
chip01,165001,166000,3,1000,119604,120795,123075,6997,7031,7069
chip01,165001,166000,4,1000,119587,121887,124188,7001,7032,7066
chip01,165001,166000,5,1000,120711,123027,125346,6969,7000,7028
chip01,165001,166000,6,1000,119579,121899,125344,6970,6996,7021
chip01,166001,167000,0,1000,123911,127362,131873,7278,7343,7419
chip01,166001,167000,1,1000,121881,125355,129976,7164,7218,7274
chip01,166001,167000,2,1000,117295,118518,120846,7049,7087,7130
chip01,166001,167000,3,1000,119614,121916,124242,7004,7044,7082
chip01,166001,167000,4,1000,120730,123017,125312,7006,7037,7070
chip01,166001,167000,5,1000,121856,124165,126503,6951,6987,7017
chip01,166001,167000,6,1000,119581,121889,124206,6958,6989,7014
chip01,167001,168000,0,1000,122849,126215,129640,7304,7375,7449
chip01,167001,168000,1,1000,123000,127608,131140,7166,7221,7281
chip01,167001,168000,2,1000,117331,119648,121965,7037,7076,7114
chip01,167001,168000,3,1000,119578,120784,123086,7013,7052,7092
chip01,167001,168000,4,1000,119616,121911,124209,7007,7040,7075
chip01,167001,168000,5,1000,121893,124202,127591,6957,6995,7026
chip01,167001,168000,6,1000,118410,120741,123086,6961,6993,7020
chip01,168001,169000,0,1000,122795,127357,131838,7307,7379,7456
chip01,168001,169000,1,1000,120717,124184,128787,7177,7234,7292
chip01,168001,169000,2,1000,117265,118480,119688,7044,7079,7119
chip01,168001,169000,3,1000,119617,121912,125307,7019,7056,7097
chip01,168001,169000,4,1000,119616,121902,124198,7013,7042,7074
chip01,168001,169000,5,1000,121873,124219,127599,6965,7004,7034
chip01,168001,169000,6,1000,118435,120758,123070,6964,6997,7022
chip01,169001,170000,0,1000,123893,126212,129595,7342,7430,7529
chip01,169001,170000,1,1000,119597,123020,126499,7197,7258,7335
chip01,169001,170000,2,1000,117255,118463,119662,7049,7084,7126
chip01,169001,170000,3,1000,119588,121865,124193,7023,7060,7101
chip01,169001,170000,4,1000,121835,124181,127627,7008,7037,7071
chip01,169001,170000,5,1000,121818,124125,127582,6973,7004,7030
chip01,169001,170000,6,1000,119585,121894,124257,6975,7002,7024
chip01,170001,171000,0,1000,125047,128488,134069,7341,7428,7531
chip01,170001,171000,1,1000,120686,123018,126455,7216,7276,7349
chip01,170001,171000,2,1000,117244,118454,120762,7042,7082,7124
chip01,170001,171000,3,1000,119562,120768,123052,7019,7057,7103
chip01,170001,171000,4,1000,120714,124121,128647,7000,7029,7062
chip01,170001,171000,5,1000,120707,123009,126403,6973,7001,7027
chip01,170001,171000,6,1000,120694,122992,125333,6977,7000,7023
chip01,171001,172000,0,1000,125039,127335,130687,7320,7394,7468
chip01,171001,172000,1,1000,120699,123017,125383,7187,7247,7312
chip01,171001,172000,2,1000,117253,118477,120775,7054,7092,7137
chip01,171001,172000,3,1000,119598,121898,124218,7014,7052,7092
chip01,171001,172000,4,1000,120680,122992,125304,6997,7025,7058
chip01,171001,172000,5,1000,120702,123012,125332,6972,7001,7028
chip01,171001,172000,6,1000,120726,123085,126482,6973,6997,7020
chip01,172001,173000,0,1000,125081,128453,131907,7345,7425,7502
chip01,172001,173000,1,1000,120709,123053,127661,7186,7246,7314
chip01,172001,173000,2,1000,117238,118460,119661,7052,7090,7136
chip01,172001,173000,3,1000,119604,121915,124246,7024,7062,7098
chip01,172001,173000,4,1000,120709,124126,127583,7005,7035,7065
chip01,172001,173000,5,1000,122977,125298,128702,6976,7002,7025
chip01,172001,173000,6,1000,120703,122997,125323,6977,7001,7024
chip01,173001,174000,0,1000,125081,129499,136216,7340,7418,7496
chip01,173001,174000,1,1000,120578,121903,126456,7180,7240,7305
chip01,173001,174000,2,1000,117203,118442,119667,7047,7084,7126
chip01,173001,174000,3,1000,121827,124201,127619,7032,7069,7112
chip01,173001,174000,4,1000,121892,125282,128756,7015,7041,7069
chip01,173001,174000,5,1000,121817,124188,128562,6978,7006,7029
chip01,173001,174000,6,1000,120692,122958,125318,6974,6998,7019
chip01,174001,175000,0,1000,129468,135054,141803,7322,7399,7487
chip01,174001,175000,1,1000,120551,122857,126318,7188,7252,7313
chip01,174001,175000,2,1000,117120,119393,120646,7045,7085,7125
chip01,174001,175000,3,1000,121735,124094,128624,7030,7068,7109
chip01,174001,175000,4,1000,122791,126216,130729,7006,7034,7064
chip01,174001,175000,5,1000,124004,127452,132997,6979,7004,7028
chip01,174001,175000,6,1000,121669,123988,126361,6969,6993,7018
chip01,175001,176000,0,1000,130485,136066,141759,7317,7390,7471
chip01,175001,176000,1,1000,121576,123890,127345,7173,7242,7311
chip01,175001,176000,2,1000,116963,118258,120528,7039,7075,7117
chip01,175001,176000,3,1000,121619,123910,126278,7019,7061,7103
chip01,175001,176000,4,1000,122829,126238,130672,7000,7026,7058
chip01,175001,176000,5,1000,124986,128379,132882,6972,6998,7019
chip01,175001,176000,6,1000,121643,124975,127324,6967,6992,7016
chip01,176001,177000,0,1000,127185,132761,139624,7376,7462,7549
chip01,176001,177000,1,1000,121691,125112,128572,7233,7296,7373
chip01,176001,177000,2,1000,117058,118308,120603,7047,7085,7131
chip01,176001,177000,3,1000,121721,123993,126309,7040,7074,7113
chip01,176001,177000,4,1000,122791,126196,129662,7008,7036,7065
chip01,176001,177000,5,1000,125070,128499,131981,6984,7008,7031
chip01,176001,177000,6,1000,121711,124017,127409,6975,6997,7019
chip01,177001,178000,0,1000,125998,129361,133796,7342,7423,7509
chip01,177001,178000,1,1000,121629,123993,128476,7218,7281,7353
chip01,177001,178000,2,1000,118123,119375,120600,7049,7090,7134
chip01,177001,178000,3,1000,121710,123990,127404,7034,7076,7119
chip01,177001,178000,4,1000,123882,126280,130742,7012,7038,7071
chip01,177001,178000,5,1000,124952,127346,131841,6985,7008,7034
chip01,177001,178000,6,1000,122851,126213,129725,6976,7001,7021
chip01,178001,179000,0,1000,125924,128251,132660,7365,7444,7525
chip01,178001,179000,1,1000,120458,122801,126248,7204,7268,7336
chip01,178001,179000,2,1000,118172,119396,121659,7056,7100,7147
chip01,178001,179000,3,1000,121677,123982,127363,7027,7065,7105
chip01,178001,179000,4,1000,122737,126148,130715,7012,7038,7068
chip01,178001,179000,5,1000,122694,125051,128485,6977,7006,7031
chip01,178001,179000,6,1000,123941,127334,130775,6968,6996,7019
chip01,179001,180000,0,1000,127061,130459,134901,7375,7452,7544
chip01,179001,180000,1,1000,121647,125100,130693,7202,7267,7332
chip01,179001,180000,2,1000,118147,119381,121688,7050,7089,7137
chip01,179001,180000,3,1000,122729,123935,127259,7041,7080,7122
chip01,179001,180000,4,1000,121646,125024,129523,7010,7038,7070
chip01,179001,180000,5,1000,122681,124998,128384,6978,7004,7031
chip01,179001,180000,6,1000,123891,127288,131867,6970,6998,7018
chip01,180001,181000,0,1000,127008,130439,134886,7367,7445,7533
chip01,180001,181000,1,1000,121545,123886,128363,7208,7276,7336
chip01,180001,181000,2,1000,118101,120436,121684,7040,7090,7148
chip01,180001,181000,3,1000,122711,125014,128399,7034,7077,7119
chip01,180001,181000,4,1000,122707,126116,129589,7023,7052,7086
chip01,180001,181000,5,1000,123778,126101,129529,6972,7001,7024
chip01,180001,181000,6,1000,123823,127222,130675,6964,6996,7018
chip01,181001,182000,0,1000,125837,129237,133706,7376,7459,7549
chip01,181001,182000,1,1000,122623,126062,130656,7225,7293,7356
chip01,181001,182000,2,1000,118064,120389,121580,7050,7091,7143
chip01,181001,182000,3,1000,121586,124982,129496,7035,7077,7121
chip01,181001,182000,4,1000,122646,126048,129528,7024,7053,7089
chip01,181001,182000,5,1000,123745,127164,131701,6967,6996,7019
chip01,181001,182000,6,1000,126011,128342,132799,6963,6994,7017
chip01,182001,183000,0,1000,126985,131389,138180,7440,7524,7618
chip01,182001,183000,1,1000,122691,127194,130669,7249,7318,7383
chip01,182001,183000,2,1000,119170,120422,122706,7068,7111,7163
chip01,182001,183000,3,1000,121529,123869,127276,7034,7075,7118
chip01,182001,183000,4,1000,123741,127169,130642,7030,7061,7098
chip01,182001,183000,5,1000,125981,128342,132809,6980,7003,7026
chip01,182001,183000,6,1000,126043,129458,134002,6972,6999,7018
chip01,183001,184000,0,1000,124800,127122,130449,7471,7561,7660
chip01,183001,184000,1,1000,121571,125036,129585,7262,7333,7409
chip01,183001,184000,2,1000,119261,120483,121686,7070,7113,7170
chip01,183001,184000,3,1000,122751,126192,131833,7046,7086,7130
chip01,183001,184000,4,1000,122693,125035,129516,7044,7080,7119
chip01,183001,184000,5,1000,124975,129507,136277,6989,7013,7039
chip01,183001,184000,6,1000,126134,129517,132975,6981,7004,7023
chip01,184001,185000,0,1000,124783,127064,130427,7501,7596,7693
chip01,184001,185000,1,1000,122765,127337,131911,7290,7366,7443
chip01,184001,185000,2,1000,119303,120510,121712,7084,7132,7188
chip01,184001,185000,3,1000,123914,127347,132995,7068,7113,7164
chip01,184001,185000,4,1000,123841,126178,130715,7043,7077,7112
chip01,184001,185000,5,1000,126114,129551,135229,6988,7012,7036
chip01,184001,185000,6,1000,123888,127280,130703,6985,7006,7025
chip01,185001,186000,0,1000,124835,128199,130518,7517,7615,7713
chip01,185001,186000,1,1000,122753,127351,131885,7304,7377,7451
chip01,185001,186000,2,1000,119354,121672,123970,7076,7126,7181
chip01,185001,186000,3,1000,122834,126224,130739,7070,7116,7162
chip01,185001,186000,4,1000,121596,123911,127312,7040,7074,7114
chip01,185001,186000,5,1000,126143,129592,134081,6982,7012,7036
chip01,185001,186000,6,1000,125015,127342,131899,6978,7007,7029
chip01,186001,187000,0,1000,127048,130387,133835,7577,7683,7814
chip01,186001,187000,1,1000,125098,130824,137579,7335,7407,7488
chip01,186001,187000,2,1000,119409,121684,123986,7113,7164,7225
chip01,186001,187000,3,1000,123986,128491,133036,7068,7114,7159
chip01,186001,187000,4,1000,122714,125041,128433,7041,7074,7111
chip01,186001,187000,5,1000,129556,134088,139752,6988,7015,7041
chip01,186001,187000,6,1000,124966,127364,131901,6983,7006,7027
chip01,187001,188000,0,1000,125940,129328,132682,7579,7680,7782
chip01,187001,188000,1,1000,123885,129604,134151,7345,7425,7513
chip01,187001,188000,2,1000,119321,120559,122828,7112,7168,7230
chip01,187001,188000,3,1000,122781,126195,129647,7083,7130,7181
chip01,187001,188000,4,1000,122754,126183,130689,7046,7078,7116
chip01,187001,188000,5,1000,130744,136336,140904,6994,7017,7043
chip01,187001,188000,6,1000,126165,129619,134172,6990,7012,7033
chip01,188001,189000,0,1000,125952,129330,132706,7582,7681,7793
chip01,188001,189000,1,1000,122766,127351,131916,7351,7434,7521
chip01,188001,189000,2,1000,119321,120538,122826,7113,7166,7220
chip01,188001,189000,3,1000,122781,125118,129637,7092,7135,7185
chip01,188001,189000,4,1000,123867,126162,129589,7051,7085,7123
chip01,188001,189000,5,1000,129564,135233,143170,6992,7015,7042
chip01,188001,189000,6,1000,123912,127311,130757,6990,7013,7035
chip01,189001,190000,0,1000,125950,129277,131626,7587,7679,7777
chip01,189001,190000,1,1000,122735,125085,129629,7341,7418,7502
chip01,189001,190000,2,1000,119378,121670,122850,7105,7162,7228
chip01,189001,190000,3,1000,122763,125052,128480,7083,7127,7177
chip01,189001,190000,4,1000,122745,125078,129564,7053,7089,7128
chip01,189001,190000,5,1000,128430,132974,138601,6991,7014,7038
chip01,189001,190000,6,1000,122751,125083,128507,6984,7011,7033
chip01,190001,191000,0,1000,125931,128219,131586,7602,7703,7811
chip01,190001,191000,1,1000,122745,126192,130782,7376,7455,7540
chip01,190001,191000,2,1000,120446,121674,123957,7123,7184,7251
chip01,190001,191000,3,1000,122800,126233,129722,7099,7142,7195
chip01,190001,191000,4,1000,123876,127326,131871,7041,7079,7118
chip01,190001,191000,5,1000,130690,135251,140927,6990,7018,7047
chip01,190001,191000,6,1000,123905,127302,130803,6978,7006,7029
chip01,191001,192000,0,1000,125963,129344,132735,7626,7747,7878
chip01,191001,192000,1,1000,122785,128525,136471,7371,7455,7552
chip01,191001,192000,2,1000,120482,121700,124005,7145,7202,7268
chip01,191001,192000,3,1000,122811,126202,129635,7110,7154,7202
chip01,191001,192000,4,1000,122735,126204,132975,7056,7091,7132
chip01,191001,192000,5,1000,129527,134072,138645,6993,7017,7045
chip01,191001,192000,6,1000,123952,128543,135324,6979,7006,7029
chip01,192001,193000,0,1000,127083,129364,132743,7641,7746,7872
chip01,192001,193000,1,1000,122730,126222,131907,7384,7471,7553
chip01,192001,193000,2,1000,120493,121690,123966,7145,7203,7271
chip01,192001,193000,3,1000,123892,126210,130767,7096,7140,7189
chip01,192001,193000,4,1000,123841,126206,130712,7047,7083,7122
chip01,192001,193000,5,1000,131798,135286,140920,6991,7016,7041
chip01,192001,193000,6,1000,126187,129603,133079,6981,7008,7032
chip01,193001,194000,0,1000,128174,130491,134933,7666,7771,7882
chip01,193001,194000,1,1000,121564,123911,128510,7400,7483,7566
chip01,193001,194000,2,1000,120476,121686,123966,7141,7202,7273
chip01,193001,194000,3,1000,123929,127312,131892,7089,7135,7187
chip01,193001,194000,4,1000,123865,126176,129562,7063,7100,7142
chip01,193001,194000,5,1000,130683,135239,140925,6991,7018,7047
chip01,193001,194000,6,1000,126124,128502,133000,6982,7007,7033
chip01,194001,195000,0,1000,129318,132682,136073,7681,7792,7909
chip01,194001,195000,1,1000,121583,123934,128473,7429,7511,7599
chip01,194001,195000,2,1000,120456,121650,122853,7145,7207,7271
chip01,194001,195000,3,1000,123917,126216,129651,7091,7141,7192
chip01,194001,195000,4,1000,124993,127325,130765,7072,7108,7148
chip01,194001,195000,5,1000,130703,135243,139811,6993,7022,7049
chip01,194001,195000,6,1000,126135,128448,131892,6975,7007,7031
chip01,195001,196000,0,1000,128186,131567,134974,7698,7801,7921
chip01,195001,196000,1,1000,122668,125001,128458,7423,7500,7592
chip01,195001,196000,2,1000,120437,121649,123922,7152,7211,7284
chip01,195001,196000,3,1000,123843,125070,127390,7105,7156,7213
chip01,195001,196000,4,1000,123857,126192,129644,7074,7112,7156
chip01,195001,196000,5,1000,131765,136356,142035,6997,7026,7055
chip01,195001,196000,6,1000,126131,128486,131946,6983,7008,7029
chip01,196001,197000,0,1000,129314,132689,137197,7697,7831,7969
chip01,196001,197000,1,1000,122709,126121,129608,7445,7530,7614
chip01,196001,197000,2,1000,120368,121643,123915,7170,7237,7312
chip01,196001,197000,3,1000,123883,126160,128492,7112,7166,7222
chip01,196001,197000,4,1000,125012,127326,130716,7082,7119,7163
chip01,196001,197000,5,1000,128402,132959,138621,7001,7026,7053
chip01,196001,197000,6,1000,126118,129610,135334,6983,7007,7030
chip01,197001,198000,0,1000,130399,133821,138313,7828,7948,8071
chip01,197001,198000,1,1000,123874,127307,131849,7505,7608,7705
chip01,197001,198000,2,1000,120397,121626,123920,7221,7296,7375
chip01,197001,198000,3,1000,123891,126187,129573,7127,7180,7240
chip01,197001,198000,4,1000,125033,129544,134091,7081,7119,7164
chip01,197001,198000,5,1000,130667,136346,143155,7005,7029,7061
chip01,197001,198000,6,1000,129573,133032,137547,6984,7011,7032
chip01,198001,199000,0,1000,129312,133828,140510,7854,7991,8145
chip01,198001,199000,1,1000,124982,127324,131877,7526,7627,7737
chip01,198001,199000,2,1000,120407,121630,123909,7232,7306,7390
chip01,198001,199000,3,1000,123877,126174,128494,7139,7201,7266
chip01,198001,199000,4,1000,127296,130717,136367,7073,7114,7164
chip01,198001,199000,5,1000,131764,136382,143172,7001,7033,7062
chip01,198001,199000,6,1000,129524,133012,137580,6977,7005,7032
chip01,199001,200000,0,1000,131550,134912,139375,7863,7985,8120
chip01,199001,200000,1,1000,123887,127316,131873,7556,7654,7762
chip01,199001,200000,2,1000,121569,122776,125036,7263,7332,7399
chip01,199001,200000,3,1000,122725,125028,128457,7150,7205,7270
chip01,199001,200000,4,1000,127278,130724,135244,7076,7118,7163
chip01,199001,200000,5,1000,130663,136318,141982,7002,7028,7055
chip01,199001,200000,6,1000,128463,133005,137636,6978,7007,7030
chip01,200001,201000,0,1000,131538,134937,140470,7888,8015,8155
chip01,200001,201000,1,1000,123857,127282,130723,7544,7643,7738
chip01,200001,201000,2,1000,120491,122759,123966,7242,7317,7400
chip01,200001,201000,3,1000,123838,125059,128453,7169,7227,7286
chip01,200001,201000,4,1000,127198,129553,133009,7077,7115,7155
chip01,200001,201000,5,1000,130709,136302,141990,7009,7034,7063
chip01,200001,201000,6,1000,129534,132987,137495,6989,7011,7035
chip01,201001,202000,0,1000,131501,134890,139350,7916,8044,8168
chip01,201001,202000,1,1000,123833,126155,129586,7539,7638,7745
chip01,201001,202000,2,1000,120448,122757,123968,7257,7329,7404
chip01,201001,202000,3,1000,122733,125034,127335,7154,7211,7273
chip01,201001,202000,4,1000,127223,129576,134083,7074,7118,7163
chip01,201001,202000,5,1000,128393,132947,138548,7004,7034,7060
chip01,201001,202000,6,1000,128400,130759,135290,6989,7019,7042
chip01,202001,203000,0,1000,130445,133860,139377,7976,8116,8263
chip01,202001,203000,1,1000,122674,125008,128454,7571,7673,7778
chip01,202001,203000,2,1000,121606,123890,125088,7280,7351,7434
chip01,202001,203000,3,1000,123881,126179,129574,7158,7218,7279
chip01,202001,203000,4,1000,124949,127283,130722,7084,7124,7169
chip01,202001,203000,5,1000,129556,136293,143143,7014,7039,7070
chip01,202001,203000,6,1000,128442,131903,136470,6991,7016,7036
chip01,203001,204000,0,1000,131582,136033,141615,8015,8143,8276
chip01,203001,204000,1,1000,123807,126115,128505,7604,7706,7813
chip01,203001,204000,2,1000,121616,123918,126190,7300,7373,7457
chip01,203001,204000,3,1000,123878,126172,128500,7168,7229,7291
chip01,203001,204000,4,1000,124953,127269,129606,7079,7119,7164
chip01,203001,204000,5,1000,134033,138625,144288,7025,7049,7076
chip01,203001,204000,6,1000,128466,132932,137583,7006,7024,7048
chip01,204001,205000,0,1000,132676,137144,141622,8044,8176,8315
chip01,204001,205000,1,1000,123836,126156,129559,7631,7738,7836
chip01,204001,205000,2,1000,121592,123896,126163,7331,7399,7478
chip01,204001,205000,3,1000,125026,127330,130810,7163,7222,7297
chip01,204001,205000,4,1000,124949,127270,130665,7085,7127,7174
chip01,204001,205000,5,1000,132870,137430,142015,7018,7045,7073
chip01,204001,205000,6,1000,128429,132996,138713,6996,7019,7043
chip01,205001,206000,0,1000,133792,139359,145018,8066,8206,8356
chip01,205001,206000,1,1000,122660,124986,127303,7642,7748,7863
chip01,205001,206000,2,1000,121611,123911,126210,7334,7425,7518
chip01,205001,206000,3,1000,125016,127313,130732,7182,7240,7309
chip01,205001,206000,4,1000,126043,128343,130719,7095,7138,7184
chip01,205001,206000,5,1000,131776,137406,143156,7018,7044,7071
chip01,205001,206000,6,1000,130736,136433,142155,6999,7020,7041
chip01,206001,207000,0,1000,132734,138290,143888,8147,8300,8462
chip01,206001,207000,1,1000,123823,126143,129525,7697,7810,7931
chip01,206001,207000,2,1000,121562,122779,125084,7364,7452,7537
chip01,206001,207000,3,1000,126151,129575,133033,7189,7259,7338
chip01,206001,207000,4,1000,124952,127283,131809,7084,7127,7172
chip01,206001,207000,5,1000,131787,137436,142067,7012,7038,7066
chip01,206001,207000,6,1000,131831,136443,143277,7001,7021,7042
chip01,207001,208000,0,1000,133810,139388,143935,8227,8389,8554
chip01,207001,208000,1,1000,124985,127295,130718,7767,7882,8006
chip01,207001,208000,2,1000,121597,123926,127329,7385,7470,7564
chip01,207001,208000,3,1000,125037,128444,133033,7211,7280,7351
chip01,207001,208000,4,1000,126126,128424,131803,7093,7136,7189
chip01,207001,208000,5,1000,132890,138551,143196,7019,7046,7075
chip01,207001,208000,6,1000,130739,136418,142136,7001,7021,7042
chip01,208001,209000,0,1000,133777,138278,142848,8227,8391,8574
chip01,208001,209000,1,1000,124981,127286,130721,7780,7899,8022
chip01,208001,209000,2,1000,121574,123896,126231,7375,7461,7565
chip01,208001,209000,3,1000,126182,129669,135324,7228,7293,7364
chip01,208001,209000,4,1000,126137,128430,131831,7098,7148,7197
chip01,208001,209000,5,1000,130654,137587,145435,7016,7041,7069
chip01,208001,209000,6,1000,129575,134179,139850,6996,7019,7038
chip01,209001,210000,0,1000,131544,137149,142717,8249,8424,8585
chip01,209001,210000,1,1000,124975,127289,130677,7850,7972,8096
chip01,209001,210000,2,1000,121597,123907,126200,7394,7483,7580
chip01,209001,210000,3,1000,127326,132981,138704,7242,7319,7397
chip01,209001,210000,4,1000,127254,129556,132948,7120,7164,7216
chip01,209001,210000,5,1000,137473,143200,150005,7015,7041,7069
chip01,209001,210000,6,1000,129541,134140,139847,6992,7016,7038
chip01,210001,211000,0,1000,131514,136002,141606,8312,8472,8689
chip01,210001,211000,1,1000,123824,126146,128499,7861,7992,8128
chip01,210001,211000,2,1000,122730,125042,128455,7414,7510,7626
chip01,210001,211000,3,1000,127306,131870,137572,7239,7308,7388
chip01,210001,211000,4,1000,127207,129538,132973,7116,7161,7214
chip01,210001,211000,5,1000,137441,143181,149976,7021,7048,7076
chip01,210001,211000,6,1000,129564,134133,138737,6994,7019,7040
chip01,211001,212000,0,1000,132694,137126,141634,8357,8523,8699
chip01,211001,212000,1,1000,123852,126223,130716,7872,7990,8123
chip01,211001,212000,2,1000,122707,123924,126230,7421,7519,7615
chip01,211001,212000,3,1000,129601,134229,140966,7250,7324,7403
chip01,211001,212000,4,1000,127232,129558,132951,7113,7163,7209
chip01,211001,212000,5,1000,139743,146531,152252,7017,7041,7070
chip01,211001,212000,6,1000,128454,131851,135331,6998,7019,7040
chip01,212001,213000,0,1000,133821,137225,141716,8437,8619,8802
chip01,212001,213000,1,1000,124979,128412,131849,7858,7989,8139
chip01,212001,213000,2,1000,122737,126133,129571,7473,7558,7660
chip01,212001,213000,3,1000,127316,130746,135312,7258,7330,7408
chip01,212001,213000,4,1000,127240,129584,134061,7110,7158,7208
chip01,212001,213000,5,1000,139713,146585,154478,7024,7049,7079
chip01,212001,213000,6,1000,130683,134190,139830,6994,7018,7037
chip01,213001,214000,0,1000,132664,137126,141715,8339,8496,8648
chip01,213001,214000,1,1000,124984,127307,130714,7801,7925,8046
chip01,213001,214000,2,1000,125002,127297,130639,7451,7531,7619
chip01,213001,214000,3,1000,128409,130767,135289,7232,7299,7369
chip01,213001,214000,4,1000,126085,128384,130741,7089,7130,7171
chip01,213001,214000,5,1000,131725,137393,143231,7020,7043,7073
chip01,213001,214000,6,1000,127226,129588,133053,6994,7016,7038
chip01,214001,215000,0,1000,132644,136080,140589,8402,8563,8732
chip01,214001,215000,1,1000,126125,128452,133025,7847,7973,8122
chip01,214001,215000,2,1000,122721,125039,128427,7481,7581,7676
chip01,214001,215000,3,1000,128487,131892,136419,7245,7320,7408
chip01,214001,215000,4,1000,126095,128424,131849,7097,7143,7193
chip01,214001,215000,5,1000,134043,139757,147699,7029,7054,7084
chip01,214001,215000,6,1000,127236,130673,134166,6995,7019,7037
chip01,215001,216000,0,1000,131579,136052,140580,8373,8545,8728
chip01,215001,216000,1,1000,124918,126143,128444,7849,7982,8132
chip01,215001,216000,2,1000,122728,126139,128461,7473,7572,7674
chip01,215001,216000,3,1000,127306,130723,135277,7234,7298,7376
chip01,215001,216000,4,1000,126108,129494,132924,7093,7140,7190
chip01,215001,216000,5,1000,130582,135164,140876,7034,7062,7093
chip01,215001,216000,6,1000,128362,130741,135284,6995,7019,7040
chip01,216001,217000,0,1000,129259,132658,136114,8491,8661,8852
chip01,216001,217000,1,1000,124933,127255,130672,7922,8065,8205
chip01,216001,217000,2,1000,125009,127312,130699,7510,7614,7725
chip01,216001,217000,3,1000,126148,129542,133031,7256,7333,7410
chip01,216001,217000,4,1000,128370,131774,136290,7112,7161,7213
chip01,216001,217000,5,1000,132856,138592,145381,7033,7063,7092
chip01,216001,217000,6,1000,128338,130734,136364,6993,7018,7037
chip01,217001,218000,0,1000,131566,138295,144993,8527,8710,8885
chip01,217001,218000,1,1000,124961,128366,131794,7942,8067,8212
chip01,217001,218000,2,1000,123882,126249,130666,7515,7619,7718
chip01,217001,218000,3,1000,127301,129612,133027,7272,7348,7422
chip01,217001,218000,4,1000,127191,129518,132887,7111,7158,7212
chip01,217001,218000,5,1000,132919,140903,149956,7030,7058,7089
chip01,217001,218000,6,1000,127231,130671,135264,6989,7017,7039
chip01,218001,219000,0,1000,134869,139402,146095,8587,8789,9024
chip01,218001,219000,1,1000,126124,129549,134104,8001,8151,8314
chip01,218001,219000,2,1000,123875,127266,130722,7538,7653,7776
chip01,218001,219000,3,1000,127326,130716,135317,7283,7365,7466
chip01,218001,219000,4,1000,128376,131788,136261,7114,7166,7224
chip01,218001,219000,5,1000,136295,142019,153401,7037,7066,7097
chip01,218001,219000,6,1000,127214,130645,135237,6995,7018,7040
chip01,219001,220000,0,1000,134879,139389,144989,8647,8823,9020
chip01,219001,220000,1,1000,126048,127311,130716,8037,8164,8311
chip01,219001,220000,2,1000,123854,126153,128462,7523,7632,7742
chip01,219001,220000,3,1000,126090,128463,132995,7310,7393,7469
chip01,219001,220000,4,1000,128314,130667,134060,7130,7178,7240
chip01,219001,220000,5,1000,135130,142018,149948,7039,7064,7095
chip01,219001,220000,6,1000,128388,132949,138648,6992,7020,7046
chip01,220001,221000,0,1000,133773,139365,143887,8675,8852,9029
chip01,220001,221000,1,1000,126078,128387,130780,8042,8177,8316
chip01,220001,221000,2,1000,123863,126152,128452,7564,7664,7766
chip01,220001,221000,3,1000,127274,129588,132985,7318,7390,7469
chip01,220001,221000,4,1000,128375,130686,134072,7127,7179,7234
chip01,220001,221000,5,1000,133971,138532,143128,7033,7063,7095
chip01,220001,221000,6,1000,130631,134105,139847,6998,7023,7051
chip01,221001,222000,0,1000,137096,142735,150525,8676,8853,9037
chip01,221001,222000,1,1000,127231,129563,132946,8029,8157,8307
chip01,221001,222000,2,1000,123808,125058,128454,7560,7660,7753
chip01,221001,222000,3,1000,126113,128460,131877,7302,7382,7457
chip01,221001,222000,4,1000,129466,131779,135164,7139,7188,7246
chip01,221001,222000,5,1000,131727,137372,141984,7033,7064,7097
chip01,221001,222000,6,1000,129465,132899,137477,6999,7024,7049
chip01,222001,223000,0,1000,137067,142695,148309,8724,8897,9121
chip01,222001,223000,1,1000,126098,129521,132965,8059,8187,8315
chip01,222001,223000,2,1000,123825,126132,128477,7575,7680,7795
chip01,222001,223000,3,1000,127217,129504,131828,7321,7396,7475
chip01,222001,223000,4,1000,128345,130646,132964,7134,7186,7243
chip01,222001,223000,5,1000,131657,136272,142004,7046,7075,7109
chip01,222001,223000,6,1000,130616,132961,137484,6995,7023,7048
chip01,223001,224000,0,1000,135970,140503,147176,8800,8985,9202
chip01,223001,224000,1,1000,126064,128388,131827,8085,8235,8371
chip01,223001,224000,2,1000,124977,127282,130724,7625,7724,7836
chip01,223001,224000,3,1000,127250,129554,132922,7325,7398,7480
chip01,223001,224000,4,1000,128331,130645,134018,7143,7199,7258
chip01,223001,224000,5,1000,135103,140784,147633,7043,7074,7108
chip01,223001,224000,6,1000,130666,134110,138667,6996,7021,7045
chip01,224001,225000,0,1000,135984,141549,148284,8813,9002,9207
chip01,224001,225000,1,1000,126071,129484,132931,8115,8269,8431
chip01,224001,225000,2,1000,124987,128392,131800,7623,7734,7845
chip01,224001,225000,3,1000,128352,130674,135123,7330,7410,7491
chip01,224001,225000,4,1000,128341,130647,134083,7127,7184,7246
chip01,224001,225000,5,1000,136261,141998,148780,7038,7070,7104
chip01,224001,225000,6,1000,130607,134040,137512,6998,7026,7050
chip01,225001,226000,0,1000,132592,137137,142710,8767,8983,9215
chip01,225001,226000,1,1000,126041,128373,131791,8156,8316,8501
chip01,225001,226000,2,1000,123800,126116,128465,7644,7745,7868
chip01,225001,226000,3,1000,126096,128421,131830,7340,7418,7499
chip01,225001,226000,4,1000,129425,131784,136347,7162,7223,7291
chip01,225001,226000,5,1000,136210,144187,152142,7041,7074,7106
chip01,225001,226000,6,1000,132900,136375,142043,7011,7033,7056
chip01,226001,227000,0,1000,134855,140439,144984,8815,9022,9225
chip01,226001,227000,1,1000,126069,129482,134014,8189,8346,8506
chip01,226001,227000,2,1000,124945,127245,129562,7664,7770,7890
chip01,226001,227000,3,1000,126084,128368,130667,7338,7414,7497
chip01,226001,227000,4,1000,128375,131752,135187,7155,7214,7276
chip01,226001,227000,5,1000,138505,145285,152150,7036,7066,7100
chip01,226001,227000,6,1000,129464,132854,136352,7003,7028,7051
chip01,227001,228000,0,1000,139301,143843,150472,8881,9058,9249
chip01,227001,228000,1,1000,125992,128342,132869,8203,8352,8519
chip01,227001,228000,2,1000,126064,128365,131737,7671,7774,7886
chip01,227001,228000,3,1000,127152,129461,131775,7333,7410,7499
chip01,227001,228000,4,1000,128294,130617,134059,7160,7217,7273
chip01,227001,228000,5,1000,136185,141902,147610,7043,7075,7112
chip01,227001,228000,6,1000,129450,132864,136324,7008,7033,7056
chip01,228001,229000,0,1000,135917,141544,148253,8920,9091,9296
chip01,228001,229000,1,1000,126001,128332,132842,8236,8390,8547
chip01,228001,229000,2,1000,124927,127237,130616,7701,7814,7927
chip01,228001,229000,3,1000,127160,129448,131775,7338,7418,7498
chip01,228001,229000,4,1000,129456,132848,136284,7166,7225,7281
chip01,228001,229000,5,1000,137319,143048,149865,7043,7074,7107
chip01,228001,229000,6,1000,129474,132880,136331,7003,7029,7054
chip01,229001,230000,0,1000,136992,147109,154971,9012,9237,9495
chip01,229001,230000,1,1000,126027,128333,131731,8310,8470,8672
chip01,229001,230000,2,1000,126017,127237,130596,7727,7843,7979
chip01,229001,230000,3,1000,127129,129451,131800,7378,7460,7548
chip01,229001,230000,4,1000,129400,131724,136235,7187,7244,7314
chip01,229001,230000,5,1000,141884,149855,161109,7039,7072,7105
chip01,229001,230000,6,1000,131669,134033,138532,7011,7034,7057
chip01,230001,231000,0,1000,138197,144891,151661,8972,9181,9376
chip01,230001,231000,1,1000,127124,129433,132856,8307,8466,8630
chip01,230001,231000,2,1000,126044,128327,130666,7729,7844,7969
chip01,230001,231000,3,1000,126043,128351,131704,7385,7466,7553
chip01,230001,231000,4,1000,128296,131687,136196,7170,7228,7286
chip01,230001,231000,5,1000,142962,149783,156615,7042,7077,7111
chip01,230001,231000,6,1000,130556,132903,136326,7002,7029,7056
chip01,231001,232000,0,1000,136999,141516,147083,9004,9208,9419
chip01,231001,232000,1,1000,125984,128292,130617,8327,8478,8646
chip01,231001,232000,2,1000,126028,128323,130623,7734,7854,7977
chip01,231001,232000,3,1000,127134,129440,132803,7368,7459,7551
chip01,231001,232000,4,1000,129401,132802,136255,7187,7243,7305
chip01,231001,232000,5,1000,141821,149771,157725,7046,7078,7116
chip01,231001,232000,6,1000,129398,131719,135148,7009,7035,7059
chip01,232001,233000,0,1000,137013,140410,145981,9160,9401,9668
chip01,232001,233000,1,1000,125985,128333,131763,8460,8655,8876
chip01,232001,233000,2,1000,127141,129445,132828,7806,7933,8082
chip01,232001,233000,3,1000,128246,130558,133994,7436,7529,7634
chip01,232001,233000,4,1000,131665,135110,139658,7199,7257,7316
chip01,232001,233000,5,1000,144095,153191,163343,7045,7079,7114
chip01,232001,233000,6,1000,130498,132868,136330,7007,7028,7053
chip01,233001,234000,0,1000,134779,139279,145997,9239,9477,9757
chip01,233001,234000,1,1000,128198,130534,133943,8453,8637,8853
chip01,233001,234000,2,1000,127226,130555,132875,7828,7973,8119
chip01,233001,234000,3,1000,127100,129385,131698,7455,7549,7652
chip01,233001,234000,4,1000,131670,136204,140780,7189,7246,7307
chip01,233001,234000,5,1000,146340,154291,163317,7037,7068,7103
chip01,233001,234000,6,1000,129338,131714,136242,7002,7026,7052
chip01,234001,235000,0,1000,135866,141480,148188,9168,9389,9628
chip01,234001,235000,1,1000,127054,129381,132803,8448,8629,8831
chip01,234001,235000,2,1000,127091,129432,132816,7829,7960,8081
chip01,234001,235000,3,1000,127106,129412,131728,7422,7515,7613
chip01,234001,235000,4,1000,130447,132809,138377,7196,7255,7321
chip01,234001,235000,5,1000,147445,155395,164457,7039,7069,7100
chip01,234001,235000,6,1000,129371,132763,136200,7012,7036,7061
chip01,235001,236000,0,1000,133591,138174,145958,9201,9457,9723
chip01,235001,236000,1,1000,127067,129360,131696,8485,8672,8872
chip01,235001,236000,2,1000,130514,132817,136205,7837,7972,8127
chip01,235001,236000,3,1000,128240,130549,133969,7399,7497,7595
chip01,235001,236000,4,1000,130471,132833,138438,7219,7281,7347
chip01,235001,236000,5,1000,146336,154290,165557,7035,7064,7092
chip01,235001,236000,6,1000,129353,132747,136259,7006,7030,7057
chip01,236001,237000,0,1000,134721,139222,144854,9334,9574,9825
chip01,236001,237000,1,1000,127069,129397,132803,8533,8701,8902
chip01,236001,237000,2,1000,130529,132848,137336,7885,8022,8167
chip01,236001,237000,3,1000,128277,130544,132842,7441,7534,7637
chip01,236001,237000,4,1000,129360,131663,135074,7221,7282,7352
chip01,236001,237000,5,1000,148566,156519,165589,7039,7072,7106
chip01,236001,237000,6,1000,131604,135031,140764,7001,7026,7049
chip01,237001,238000,0,1000,133551,137006,142531,9320,9560,9824
chip01,237001,238000,1,1000,128199,130509,133910,8545,8728,8934
chip01,237001,238000,2,1000,128301,131674,135120,7946,8088,8245
chip01,237001,238000,3,1000,128217,130514,132821,7454,7551,7655
chip01,237001,238000,4,1000,130444,132749,135082,7234,7302,7372
chip01,237001,238000,5,1000,147423,155406,165529,7042,7071,7106
chip01,237001,238000,6,1000,133902,138491,146395,7010,7032,7055
chip01,238001,239000,0,1000,134698,138105,142584,9336,9629,9948
chip01,238001,239000,1,1000,127052,129409,133925,8549,8789,9051
chip01,238001,239000,2,1000,128244,130543,133900,7970,8144,8337
chip01,238001,239000,3,1000,128235,130534,133908,7474,7579,7691
chip01,238001,239000,4,1000,130472,133870,138428,7254,7332,7412
chip01,238001,239000,5,1000,147416,157618,171137,7039,7074,7110
chip01,238001,239000,6,1000,135014,138493,144175,7008,7035,7060
chip01,239001,240000,0,1000,135833,141449,148134,9412,9659,9949
chip01,239001,240000,1,1000,127070,129391,132804,8637,8838,9060
chip01,239001,240000,2,1000,127130,130516,133917,7997,8141,8300
chip01,239001,240000,3,1000,127083,129382,131671,7494,7592,7702
chip01,239001,240000,4,1000,132717,136124,140679,7258,7330,7402
chip01,239001,240000,5,1000,148575,157639,166630,7034,7065,7102
chip01,239001,240000,6,1000,133850,137337,142966,7003,7027,7057
chip01,240001,241000,0,1000,134754,140296,144837,9422,9641,9887
chip01,240001,241000,1,1000,127055,129367,132755,8597,8787,8983
chip01,240001,241000,2,1000,128238,130532,132842,8003,8142,8289
chip01,240001,241000,3,1000,127069,129362,131653,7465,7567,7671
chip01,240001,241000,4,1000,131571,133869,137265,7239,7308,7380
chip01,240001,241000,5,1000,148539,157636,167808,7032,7063,7097
chip01,240001,241000,6,1000,132770,137275,140791,7004,7031,7062
chip01,241001,242000,0,1000,135839,141453,149253,9541,9814,10095
chip01,241001,242000,1,1000,128179,130523,133921,8647,8864,9087
chip01,241001,242000,2,1000,128249,130573,133959,8015,8160,8338
chip01,241001,242000,3,1000,128187,130480,133849,7523,7617,7730
chip01,241001,242000,4,1000,130474,133856,137279,7254,7325,7400
chip01,241001,242000,5,1000,148556,157609,166700,7042,7073,7108
chip01,241001,242000,6,1000,131626,135070,140750,7008,7034,7061
chip01,242001,243000,0,1000,133582,138083,143671,9613,9890,10178
chip01,242001,243000,1,1000,128188,130532,133901,8771,8978,9205
chip01,242001,243000,2,1000,127114,130536,135082,8093,8260,8425
chip01,242001,243000,3,1000,128179,130504,133923,7547,7651,7766
chip01,242001,243000,4,1000,130497,133842,136190,7265,7333,7421
chip01,242001,243000,5,1000,149637,157614,166605,7053,7087,7122
chip01,242001,243000,6,1000,132738,137366,144116,7013,7040,7067
chip01,243001,244000,0,1000,133608,138052,142537,9647,9905,10203
chip01,243001,244000,1,1000,128146,130503,135010,8768,8976,9225
chip01,243001,244000,2,1000,127100,129402,132798,8082,8227,8394
chip01,243001,244000,3,1000,128151,129375,132748,7524,7632,7740
chip01,243001,244000,4,1000,131566,134962,139540,7268,7336,7406
chip01,243001,244000,5,1000,150739,158678,166654,7056,7089,7131
chip01,243001,244000,6,1000,131611,137263,142960,7015,7040,7069
chip01,244001,245000,0,1000,136933,141451,148155,9854,10139,10434
chip01,244001,245000,1,1000,129274,131579,134978,8955,9196,9429
chip01,244001,245000,2,1000,129357,131667,136169,8186,8359,8536
chip01,244001,245000,3,1000,129325,131629,133946,7591,7702,7824
chip01,244001,245000,4,1000,132704,137192,141794,7283,7364,7440
chip01,244001,245000,5,1000,154238,163246,173354,7065,7098,7140
chip01,244001,245000,6,1000,132744,138427,143034,7016,7042,7070
chip01,245001,246000,0,1000,136916,141425,147044,9813,10116,10416
chip01,245001,246000,1,1000,129354,132719,136160,8940,9160,9394
chip01,245001,246000,2,1000,128180,130482,133944,8169,8349,8527
chip01,245001,246000,3,1000,129293,131593,134988,7568,7685,7798
chip01,245001,246000,4,1000,133801,137246,142893,7280,7355,7432
chip01,245001,246000,5,1000,149647,158650,167703,7051,7086,7121
chip01,245001,246000,6,1000,133851,138425,144142,7013,7039,7066
chip01,246001,247000,0,1000,135834,141382,147049,9880,10178,10489
chip01,246001,247000,1,1000,129300,132705,137209,8989,9217,9439
chip01,246001,247000,2,1000,128160,130462,132789,8225,8416,8614
chip01,246001,247000,3,1000,129297,131596,134955,7582,7699,7821
chip01,246001,247000,4,1000,134898,138415,144038,7291,7361,7433
chip01,246001,247000,5,1000,150683,158656,167733,7048,7083,7123
chip01,246001,247000,6,1000,133875,138454,144147,7017,7042,7075
chip01,247001,248000,0,1000,138043,142547,148115,9985,10258,10547
chip01,247001,248000,1,1000,129267,131587,134982,9016,9240,9482
chip01,247001,248000,2,1000,128185,130497,133918,8228,8405,8592
chip01,247001,248000,3,1000,129243,130484,133845,7609,7729,7858
chip01,247001,248000,4,1000,137174,143954,151846,7290,7367,7448
chip01,247001,248000,5,1000,145061,152991,162045,7047,7083,7121
chip01,247001,248000,6,1000,134964,139507,144115,7017,7043,7075
chip01,248001,249000,0,1000,138004,142490,147029,9980,10336,10705
chip01,248001,249000,1,1000,129298,133824,139483,9026,9273,9544
chip01,248001,249000,2,1000,128217,131589,135020,8255,8436,8636
chip01,248001,249000,3,1000,129300,132656,134991,7597,7720,7845
chip01,248001,249000,4,1000,136004,141681,149615,7292,7365,7445
chip01,248001,249000,5,1000,139361,146214,155236,7050,7084,7122
chip01,248001,249000,6,1000,136044,141731,147516,7019,7044,7076
chip01,249001,250000,0,1000,135723,139189,144782,9986,10320,10665
chip01,249001,250000,1,1000,129243,131551,134956,9067,9320,9581
chip01,249001,250000,2,1000,128199,130492,133848,8282,8468,8664
chip01,249001,250000,3,1000,129266,131567,133883,7613,7752,7887
chip01,249001,250000,4,1000,136044,142765,149613,7296,7368,7444
chip01,249001,250000,5,1000,143942,154125,166584,7049,7081,7120
chip01,249001,250000,6,1000,134884,139420,145189,7015,7043,7072
chip01,250001,251000,0,1000,134704,139192,144698,10022,10315,10672
chip01,250001,251000,1,1000,129214,131520,133850,9028,9265,9541
chip01,250001,251000,2,1000,128111,129342,132715,8215,8397,8606
chip01,250001,251000,3,1000,129279,131579,133904,7652,7789,7920
chip01,250001,251000,4,1000,134887,140555,147384,7298,7369,7446
chip01,250001,251000,5,1000,150690,158694,168796,7053,7088,7127
chip01,250001,251000,6,1000,132637,136064,140600,7013,7037,7067
chip01,251001,252000,0,1000,136940,143668,152542,10187,10470,10775
chip01,251001,252000,1,1000,130344,132687,138308,9118,9364,9599
chip01,251001,252000,2,1000,128134,130438,132799,8282,8456,8630
chip01,251001,252000,3,1000,129267,131568,134957,7733,7856,7991
chip01,251001,252000,4,1000,138231,143964,150756,7295,7364,7440
chip01,251001,252000,5,1000,147271,157514,166571,7038,7076,7116
chip01,251001,252000,6,1000,131526,134939,139477,7012,7037,7066
chip01,252001,253000,0,1000,139094,144735,152465,10219,10520,10853
chip01,252001,253000,1,1000,130374,133773,137193,9135,9374,9643
chip01,252001,253000,2,1000,130405,132715,136111,8309,8491,8690
chip01,252001,253000,3,1000,129246,131539,133860,7666,7788,7936
chip01,252001,253000,4,1000,137160,142761,148435,7311,7385,7460
chip01,252001,253000,5,1000,146116,155206,167640,7052,7087,7128
chip01,252001,253000,6,1000,131475,134963,140585,7017,7043,7071
chip01,253001,254000,0,1000,138026,144648,150273,10382,10689,11001
chip01,253001,254000,1,1000,130335,132646,136106,9222,9459,9713
chip01,253001,254000,2,1000,130425,132739,136107,8345,8523,8699
chip01,253001,254000,3,1000,129180,130448,133810,7696,7828,7961
chip01,253001,254000,4,1000,135978,139451,145077,7322,7403,7484
chip01,253001,254000,5,1000,150654,159728,168792,7050,7087,7129
chip01,253001,254000,6,1000,133786,138307,142918,7017,7049,7081
chip01,254001,255000,0,1000,143559,150253,158017,10620,10974,11390
chip01,254001,255000,1,1000,130376,133786,137227,9347,9649,9982
chip01,254001,255000,2,1000,130427,134992,141722,8438,8649,8892
chip01,254001,255000,3,1000,129222,131517,133823,7745,7879,8038
chip01,254001,255000,4,1000,137234,141753,148427,7352,7440,7534
chip01,254001,255000,5,1000,148425,158564,166517,7054,7091,7136
chip01,254001,255000,6,1000,136079,142841,149688,7023,7053,7084
chip01,255001,256000,0,1000,143551,149169,156918,10880,11251,11693
chip01,255001,256000,1,1000,128104,131458,133800,9568,9863,10217
chip01,255001,256000,2,1000,132638,136117,144013,8575,8816,9071
chip01,255001,256000,3,1000,129281,131560,134912,7813,7957,8106
chip01,255001,256000,4,1000,137147,140578,146139,7401,7480,7565
chip01,255001,256000,5,1000,157477,167633,178903,7072,7114,7163
chip01,255001,256000,6,1000,138352,145157,151967,7016,7047,7078
chip01,256001,257000,0,1000,142415,148002,154743,10834,11212,11692
chip01,256001,257000,1,1000,129198,131502,133816,9561,9878,10256
chip01,256001,257000,2,1000,132687,137195,145090,8546,8772,9037
chip01,256001,257000,3,1000,130286,132623,136001,7816,7944,8107
chip01,256001,257000,4,1000,139379,142834,148469,7390,7471,7567
chip01,256001,257000,5,1000,155239,166468,181069,7068,7109,7159
chip01,256001,257000,6,1000,134892,139459,147422,7010,7041,7076
chip01,257001,258000,0,1000,142400,147989,153592,10677,11058,11428
chip01,257001,258000,1,1000,130333,132664,137132,9465,9736,10015
chip01,257001,258000,2,1000,132596,134935,138369,8429,8627,8832
chip01,257001,258000,3,1000,131473,133765,136101,7777,7905,8038
chip01,257001,258000,4,1000,137080,140487,143926,7355,7429,7513
chip01,257001,258000,5,1000,154085,164237,174340,7071,7113,7156
chip01,257001,258000,6,1000,134797,137159,141707,7017,7049,7078
chip01,258001,259000,0,1000,140173,145719,151418,10638,10977,11334
chip01,258001,259000,1,1000,130331,132646,137159,9508,9763,10050
chip01,258001,259000,2,1000,131512,134902,139397,8433,8634,8850
chip01,258001,259000,3,1000,130371,132672,136043,7763,7892,8028
chip01,258001,259000,4,1000,137086,141596,146140,7376,7467,7549
chip01,258001,259000,5,1000,152862,161918,172069,7071,7114,7156
chip01,258001,259000,6,1000,134872,138312,142837,7021,7051,7080
chip01,259001,260000,0,1000,141297,149108,156897,10652,11040,11448
chip01,259001,260000,1,1000,131453,134875,141605,9542,9809,10108
chip01,259001,260000,2,1000,130387,133761,137182,8446,8652,8882
chip01,259001,260000,3,1000,131442,133755,136062,7765,7894,8053
chip01,259001,260000,4,1000,137095,142709,149524,7372,7453,7540
chip01,259001,260000,5,1000,148329,158531,168735,7077,7116,7158
chip01,259001,260000,6,1000,134822,138281,142814,7022,7054,7087
chip01,260001,261000,0,1000,139044,144705,152423,10626,10967,11373
chip01,260001,261000,1,1000,131469,134913,141609,9441,9712,10061
chip01,260001,261000,2,1000,131544,134921,140526,8463,8651,8858
chip01,260001,261000,3,1000,131454,133754,137129,7739,7871,8008
chip01,260001,261000,4,1000,135963,139370,142808,7368,7444,7523
chip01,260001,261000,5,1000,143747,150606,160790,7052,7095,7134
chip01,260001,261000,6,1000,135915,139394,145015,7021,7054,7088
chip01,261001,262000,0,1000,142391,146837,151362,10697,11036,11459
chip01,261001,262000,1,1000,131462,134856,139366,9570,9846,10213
chip01,261001,262000,2,1000,132625,134931,138308,8515,8718,8948
chip01,261001,262000,3,1000,131459,133785,137157,7760,7881,8028
chip01,261001,262000,4,1000,137045,139420,144991,7390,7466,7544
chip01,261001,262000,5,1000,149486,158476,169793,7056,7090,7129
chip01,261001,262000,6,1000,133721,137135,141651,7024,7053,7083
chip01,262001,263000,0,1000,139018,142414,147977,10861,11175,11547
chip01,262001,263000,1,1000,131414,133744,137159,9768,10029,10333
chip01,262001,263000,2,1000,133720,136037,140485,8611,8799,9021
chip01,262001,263000,3,1000,132564,134862,137188,7782,7912,8044
chip01,262001,263000,4,1000,139324,142770,148429,7393,7473,7558
chip01,262001,263000,5,1000,150566,159599,168667,7062,7097,7139
chip01,262001,263000,6,1000,134782,138197,141662,7028,7058,7089
chip01,263001,264000,0,1000,136823,140177,145752,11022,11426,11859
chip01,263001,264000,1,1000,131465,134854,139365,9819,10118,10450
chip01,263001,264000,2,1000,132629,136012,140540,8695,8908,9157
chip01,263001,264000,3,1000,132585,134879,138251,7839,7973,8123
chip01,263001,264000,4,1000,138223,142675,147256,7422,7506,7601
chip01,263001,264000,5,1000,152874,165240,179885,7073,7112,7150
chip01,263001,264000,6,1000,134811,138210,141678,7029,7062,7094
chip01,264001,265000,0,1000,138990,142384,146879,11055,11396,11756
chip01,264001,265000,1,1000,130301,133693,137125,9876,10150,10462
chip01,264001,265000,2,1000,133681,136037,140532,8707,8903,9123
chip01,264001,265000,3,1000,132601,135979,139374,7893,8017,8144
chip01,264001,265000,4,1000,138211,142718,148377,7432,7509,7605
chip01,264001,265000,5,1000,152782,161830,170867,7069,7108,7158
chip01,264001,265000,6,1000,135987,139381,143858,7023,7050,7080
chip01,265001,266000,0,1000,140135,145674,151392,11037,11378,11704
chip01,265001,266000,1,1000,130287,132618,137070,9912,10177,10455
chip01,265001,266000,2,1000,133713,136009,140476,8688,8884,9103
chip01,265001,266000,3,1000,131415,133728,137096,7874,8006,8134
chip01,265001,266000,4,1000,138176,142653,146164,7431,7513,7602
chip01,265001,266000,5,1000,150506,158465,168635,7057,7095,7136
chip01,265001,266000,6,1000,138152,141571,145039,7022,7050,7081
chip01,266001,267000,0,1000,135632,139027,144603,11184,11582,12057
chip01,266001,267000,1,1000,131444,134843,139343,10056,10363,10700
chip01,266001,267000,2,1000,134813,138198,141622,8812,9014,9263
chip01,266001,267000,3,1000,132559,135950,139363,7899,8040,8223
chip01,266001,267000,4,1000,141602,147221,152814,7441,7526,7622
chip01,266001,267000,5,1000,148245,157321,168640,7067,7107,7150
chip01,266001,267000,6,1000,137067,140497,145037,7013,7046,7080
chip01,267001,268000,0,1000,138977,142405,147901,11377,11775,12166
chip01,267001,268000,1,1000,132551,135979,140449,10072,10412,10747
chip01,267001,268000,2,1000,133636,135978,139325,8856,9096,9327
chip01,267001,268000,3,1000,132566,135937,139341,7983,8124,8263
chip01,267001,268000,4,1000,140444,144975,151690,7447,7533,7620
chip01,267001,268000,5,1000,153905,164021,173093,7067,7109,7157
chip01,267001,268000,6,1000,138146,141631,147289,7021,7049,7080
chip01,268001,269000,0,1000,140164,144643,151276,11618,12041,12519
chip01,268001,269000,1,1000,132543,135990,141508,10246,10588,10958
chip01,268001,269000,2,1000,132643,137021,141588,8961,9200,9454
chip01,268001,269000,3,1000,132506,134807,138195,8024,8184,8346
chip01,268001,269000,4,1000,141483,144935,150633,7475,7573,7663
chip01,268001,269000,5,1000,158406,168532,177595,7076,7120,7168
chip01,268001,269000,6,1000,140452,146097,151857,7025,7056,7090
chip01,269001,270000,0,1000,137852,141245,145677,11874,12318,12806
chip01,269001,270000,1,1000,133638,138185,144909,10495,10860,11260
chip01,269001,270000,2,1000,133702,137112,142705,9091,9323,9609
chip01,269001,270000,3,1000,131376,133663,135955,8144,8300,8479
chip01,269001,270000,4,1000,142701,148271,153883,7522,7623,7741
chip01,269001,270000,5,1000,165177,175330,186568,7100,7144,7195
chip01,269001,270000,6,1000,142693,147276,156314,7031,7062,7096
chip01,270001,271000,0,1000,138942,142307,146800,11637,12013,12432
chip01,270001,271000,1,1000,132514,137038,142686,10312,10645,10986
chip01,270001,271000,2,1000,134792,137114,141611,8904,9141,9417
chip01,270001,271000,3,1000,131411,133691,137064,8058,8204,8393
chip01,270001,271000,4,1000,142678,147206,152880,7463,7553,7655
chip01,270001,271000,5,1000,156186,166374,177580,7086,7132,7183
chip01,270001,271000,6,1000,139305,143843,149469,7026,7058,7091
chip01,271001,272000,0,1000,137872,141306,145711,11542,11937,12319
chip01,271001,272000,1,1000,133590,137064,142657,10249,10553,10860
chip01,271001,272000,2,1000,135966,139381,144940,8864,9068,9300
chip01,271001,272000,3,1000,131394,133682,137059,8029,8170,8306
chip01,271001,272000,4,1000,142593,146100,151724,7448,7531,7617
chip01,271001,272000,5,1000,148177,156108,165092,7070,7112,7159
chip01,271001,272000,6,1000,138166,142661,147201,7023,7052,7086
chip01,272001,273000,0,1000,138894,141216,145658,11776,12179,12643
chip01,272001,273000,1,1000,132452,135877,140410,10406,10753,11140
chip01,272001,273000,2,1000,138183,141594,147209,8997,9226,9495
chip01,272001,273000,3,1000,131363,134729,138215,8075,8250,8418
chip01,272001,273000,4,1000,142618,147127,152796,7448,7555,7654
chip01,272001,273000,5,1000,150439,160630,171906,7081,7123,7171
chip01,272001,273000,6,1000,140378,144874,149504,7027,7059,7090
chip01,273001,274000,0,1000,137804,141169,145647,12145,12622,13128
chip01,273001,274000,1,1000,133569,135921,141470,10699,11081,11528
chip01,273001,274000,2,1000,137010,139325,143773,9121,9402,9711
chip01,273001,274000,3,1000,131349,134725,137043,8200,8397,8634
chip01,273001,274000,4,1000,144914,153825,166228,7495,7590,7688
chip01,273001,274000,5,1000,160643,170711,179799,7081,7127,7174
chip01,273001,274000,6,1000,140335,143816,149422,7026,7064,7101
chip01,274001,275000,0,1000,137726,141174,145735,12124,12554,12993
chip01,274001,275000,1,1000,132486,135860,139269,10645,10989,11369
chip01,274001,275000,2,1000,137058,139386,142746,9071,9322,9601
chip01,274001,275000,3,1000,130234,133606,136968,8194,8377,8563
chip01,274001,275000,4,1000,144914,149402,153949,7503,7591,7692
chip01,274001,275000,5,1000,157224,169613,183050,7095,7145,7194
chip01,274001,275000,6,1000,139250,142727,148278,7016,7047,7082
chip01,275001,276000,0,1000,136713,140142,145708,12056,12485,12896
chip01,275001,276000,1,1000,131364,134834,140386,10581,10919,11266
chip01,275001,276000,2,1000,138193,140515,144937,9067,9314,9574
chip01,275001,276000,3,1000,130237,132543,134840,8187,8364,8546
chip01,275001,276000,4,1000,144965,149555,156212,7499,7594,7689
chip01,275001,276000,5,1000,152735,160718,170842,7105,7148,7196
chip01,275001,276000,6,1000,138105,141559,146083,7024,7058,7094
chip01,276001,277000,0,1000,138977,143518,149172,12218,12641,13088
chip01,276001,277000,1,1000,132530,134862,139357,10651,11024,11464
chip01,276001,277000,2,1000,134870,138278,142736,9085,9359,9668
chip01,276001,277000,3,1000,131384,133680,135997,8178,8341,8522
chip01,276001,277000,4,1000,142728,147245,152825,7533,7625,7737
chip01,276001,277000,5,1000,152795,164084,175393,7114,7161,7215
chip01,276001,277000,6,1000,138214,141666,147264,7035,7068,7105
chip01,277001,278000,0,1000,136747,140194,146803,12465,13056,13716
chip01,277001,278000,1,1000,132591,137119,142765,10945,11362,11837
chip01,277001,278000,2,1000,136001,139420,145052,9254,9596,9962
chip01,277001,278000,3,1000,132521,134817,138178,8288,8481,8698
chip01,277001,278000,4,1000,142687,147253,154003,7568,7674,7795
chip01,277001,278000,5,1000,162956,175348,186555,7129,7183,7246
chip01,277001,278000,6,1000,139322,142736,146200,7033,7065,7101
chip01,278001,279000,0,1000,139025,143507,149112,13033,13527,14115
chip01,278001,279000,1,1000,133689,137147,143821,11328,11737,12225
chip01,278001,279000,2,1000,139340,142777,147279,9539,9871,10202
chip01,278001,279000,3,1000,133674,136000,139407,8414,8638,8849
chip01,278001,279000,4,1000,140465,145024,151785,7642,7755,7882
chip01,278001,279000,5,1000,172039,185484,200041,7160,7217,7278
chip01,278001,279000,6,1000,139429,143878,147394,7035,7067,7105
chip01,279001,280000,0,1000,139013,143471,148014,12702,13216,13677
chip01,279001,280000,1,1000,133687,137152,142676,11072,11435,11829
chip01,279001,280000,2,1000,134795,138217,142738,9391,9652,9935
chip01,279001,280000,3,1000,132540,135956,139382,8354,8533,8733
chip01,279001,280000,4,1000,140434,143868,148352,7584,7693,7795
chip01,279001,280000,5,1000,162957,173226,184355,7143,7199,7257
chip01,279001,280000,6,1000,138219,141675,146173,7020,7049,7082
chip01,280001,281000,0,1000,137904,142360,146844,12557,13043,13594
chip01,280001,281000,1,1000,134823,138226,142691,11036,11396,11827
chip01,280001,281000,2,1000,134839,138253,142777,9337,9626,9931
chip01,280001,281000,3,1000,132597,136012,141664,8312,8513,8717
chip01,280001,281000,4,1000,141462,145014,150667,7580,7682,7785
chip01,280001,281000,5,1000,152808,164076,175405,7117,7167,7221
chip01,280001,281000,6,1000,140460,143916,148498,7028,7057,7090
chip01,281001,282000,0,1000,136786,140160,144627,12860,13493,14129
chip01,281001,282000,1,1000,134906,140464,148334,11173,11634,12105
chip01,281001,282000,2,1000,135917,138283,141673,9507,9828,10180
chip01,281001,282000,3,1000,132554,134870,138286,8430,8615,8846
chip01,281001,282000,4,1000,141584,146094,150617,7587,7698,7810
chip01,281001,282000,5,1000,156136,166390,178778,7136,7194,7257
chip01,281001,282000,6,1000,140515,146172,154121,7024,7055,7087
chip01,282001,283000,0,1000,135687,139091,143561,12944,13448,14069
chip01,282001,283000,1,1000,137127,144994,155147,11268,11648,12048
chip01,282001,283000,2,1000,136010,140541,145089,9463,9730,10053
chip01,282001,283000,3,1000,132589,134900,138274,8359,8540,8735
chip01,282001,283000,4,1000,140483,145026,149561,7557,7666,7777
chip01,282001,283000,5,1000,153941,163074,175464,7129,7179,7240
chip01,282001,283000,6,1000,138259,141731,147356,7025,7054,7083
chip01,283001,284000,0,1000,135686,139063,143606,13236,13840,14513
chip01,283001,284000,1,1000,138220,141733,148496,11483,11965,12510
chip01,283001,284000,2,1000,138373,142877,148520,9646,9968,10320
chip01,283001,284000,3,1000,133783,137197,141757,8435,8621,8823
chip01,283001,284000,4,1000,142807,146265,151886,7591,7705,7824
chip01,283001,284000,5,1000,151766,160888,172131,7145,7206,7270
chip01,283001,284000,6,1000,140536,144011,149670,7037,7070,7107
chip01,284001,285000,0,1000,136822,140222,144724,13746,14312,14914
chip01,284001,285000,1,1000,138275,143979,152945,11704,12153,12669
chip01,284001,285000,2,1000,137270,141753,147388,9779,10117,10536
chip01,284001,285000,3,1000,133775,137136,139488,8469,8672,8906
chip01,284001,285000,4,1000,142804,146247,151845,7658,7779,7924
chip01,284001,285000,5,1000,152951,163107,174418,7163,7225,7292
chip01,284001,285000,6,1000,142752,147390,155330,7046,7080,7117
chip01,285001,286000,0,1000,135713,139080,142511,14062,14651,15253
chip01,285001,286000,1,1000,136055,140555,146279,12037,12499,13031
chip01,285001,286000,2,1000,138320,141796,147394,10071,10451,10818
chip01,285001,286000,3,1000,134882,137218,140638,8636,8870,9082
chip01,285001,286000,4,1000,145072,148518,153134,7720,7833,7976
chip01,285001,286000,5,1000,158634,168787,178919,7198,7256,7324
chip01,285001,286000,6,1000,145055,149650,157697,7050,7083,7116
chip01,286001,287000,0,1000,135745,139139,143605,14265,14879,15567
chip01,286001,287000,1,1000,137216,141793,148470,12119,12659,13249
chip01,286001,287000,2,1000,139480,144008,150689,10105,10480,10942
chip01,286001,287000,3,1000,132648,136050,139518,8699,8931,9204
chip01,286001,287000,4,1000,143975,148485,153084,7753,7888,8051
chip01,286001,287000,5,1000,157551,168807,182282,7204,7275,7357
chip01,286001,287000,6,1000,143978,150828,163268,7053,7089,7127
chip01,287001,288000,0,1000,135706,139098,142569,14372,15031,15787
chip01,287001,288000,1,1000,138339,146261,156382,12144,12732,13327
chip01,287001,288000,2,1000,140646,145154,150741,10140,10568,11014
chip01,287001,288000,3,1000,131498,133811,136129,8656,8913,9200
chip01,287001,288000,4,1000,142843,147337,151907,7795,7936,8089
chip01,287001,288000,5,1000,161961,175599,191321,7207,7277,7354
chip01,287001,288000,6,1000,143963,148522,154342,7062,7098,7135
chip01,288001,289000,0,1000,136843,140212,143643,14297,14834,15469
chip01,288001,289000,1,1000,140532,147276,155273,12143,12575,13092
chip01,288001,289000,2,1000,138381,142880,147436,10116,10476,10855
chip01,288001,289000,3,1000,132645,134970,138375,8654,8869,9097
chip01,288001,289000,4,1000,142859,147385,151952,7770,7885,8014
chip01,288001,289000,5,1000,162074,174411,187904,7193,7253,7320
chip01,288001,289000,6,1000,140604,145142,149767,7055,7090,7126
chip01,289001,290000,0,1000,137957,140337,144735,14222,14800,15398
chip01,289001,290000,1,1000,139380,145050,152921,12058,12518,13025
chip01,289001,290000,2,1000,138390,142900,148557,10164,10519,10903
chip01,289001,290000,3,1000,132608,134915,137235,8637,8846,9068
chip01,289001,290000,4,1000,143957,148470,154207,7767,7895,8028
chip01,289001,290000,5,1000,159804,170990,181298,7204,7264,7330
chip01,289001,290000,6,1000,140617,145125,149759,7058,7094,7135
chip01,290001,291000,0,1000,139096,142503,148050,14182,14909,15683
chip01,290001,291000,1,1000,139445,149553,160813,12020,12594,13213
chip01,290001,291000,2,1000,138302,142845,148425,10009,10379,10809
chip01,290001,291000,3,1000,131462,133797,137228,8600,8817,9091
chip01,290001,291000,4,1000,142857,147377,154151,7734,7869,8028
chip01,290001,291000,5,1000,156265,167606,182294,7191,7251,7321
chip01,290001,291000,6,1000,141616,145121,149704,7052,7088,7126
chip01,291001,292000,0,1000,137987,141394,145879,14607,15271,15994
chip01,291001,292000,1,1000,141685,148418,156327,12368,12903,13446
chip01,291001,292000,2,1000,137205,140639,146318,10327,10706,11108
chip01,291001,292000,3,1000,132628,134943,138380,8779,9025,9280
chip01,291001,292000,4,1000,145140,151874,157628,7822,7964,8095
chip01,291001,292000,5,1000,161902,172153,183430,7224,7288,7365
chip01,291001,292000,6,1000,142858,147464,154291,7065,7100,7140
chip01,292001,293000,0,1000,136890,141375,145877,14927,15679,16587
chip01,292001,293000,1,1000,141698,148457,160803,12712,13321,14076
chip01,292001,293000,2,1000,137215,141687,148587,10431,10837,11334
chip01,292001,293000,3,1000,133800,137237,142902,8859,9129,9437
chip01,292001,293000,4,1000,143944,149588,157540,7852,8005,8174
chip01,292001,293000,5,1000,160834,177798,193518,7255,7325,7403
chip01,292001,293000,6,1000,145121,149738,157660,7067,7101,7142
chip01,293001,294000,0,1000,137968,141409,146976,14807,15582,16521
chip01,293001,294000,1,1000,140599,147318,155222,12582,13268,14089
chip01,293001,294000,2,1000,138325,141792,149694,10300,10780,11355
chip01,293001,294000,3,1000,132706,136095,140624,8863,9143,9569
chip01,293001,294000,4,1000,142872,147408,154268,7868,8019,8220
chip01,293001,294000,5,1000,154073,165371,175523,7262,7341,7434
chip01,293001,294000,6,1000,148516,157699,174626,7061,7096,7135
chip01,294001,295000,0,1000,141444,145901,151478,15240,16067,16958
chip01,294001,295000,1,1000,138300,144012,151808,13085,13778,14547
chip01,294001,295000,2,1000,139478,144031,151974,10674,11186,11762
chip01,294001,295000,3,1000,133779,137215,141816,9066,9355,9710
chip01,294001,295000,4,1000,143955,148562,156468,7936,8108,8299
chip01,294001,295000,5,1000,158649,168817,184531,7270,7351,7440
chip01,294001,295000,6,1000,155351,165548,176895,7052,7087,7125
chip01,295001,296000,0,1000,142488,145860,150331,15262,15981,16905
chip01,295001,296000,1,1000,137160,140627,146310,13127,13752,14621
chip01,295001,296000,2,1000,138334,141776,148492,10655,11142,11717
chip01,295001,296000,3,1000,136097,140679,147440,9039,9348,9687
chip01,295001,296000,4,1000,145104,151964,160982,7926,8093,8286
chip01,295001,296000,5,1000,155222,166500,178909,7259,7338,7425
chip01,295001,296000,6,1000,151953,159965,170194,7022,7069,7113
chip01,296001,297000,0,1000,142465,147009,153667,15939,16813,17751
chip01,296001,297000,1,1000,137213,141681,147354,13809,14513,15306
chip01,296001,297000,2,1000,138373,142868,150859,11167,11649,12286
chip01,296001,297000,3,1000,138380,144027,150808,9277,9599,9963
chip01,296001,297000,4,1000,144015,150771,161017,8025,8199,8410
chip01,296001,297000,5,1000,166557,177800,191243,7280,7354,7448
chip01,296001,297000,6,1000,155420,164548,175822,7025,7069,7115
chip01,297001,298000,0,1000,141356,145846,151437,15666,16524,17507
chip01,297001,298000,1,1000,136064,139467,144003,13554,14282,15139
chip01,297001,298000,2,1000,136118,140662,147458,11019,11557,12160
chip01,297001,298000,3,1000,141800,149701,156518,9134,9477,9887
chip01,297001,298000,4,1000,141752,146319,154212,7897,8075,8321
chip01,297001,298000,5,1000,160939,173339,189076,7263,7334,7423
chip01,297001,298000,6,1000,149659,157701,171269,7017,7062,7108
chip01,298001,299000,0,1000,145881,150380,155964,15754,16656,17560
chip01,298001,299000,1,1000,137159,140605,147376,13455,14213,15022
chip01,298001,299000,2,1000,138382,142962,149745,10996,11530,12114
chip01,298001,299000,3,1000,142954,150899,158851,9118,9470,9822
chip01,298001,299000,4,1000,142890,147428,153185,7871,8044,8224
chip01,298001,299000,5,1000,160829,170018,181272,7268,7347,7432
chip01,298001,299000,6,1000,144064,153170,162273,7017,7056,7106
chip01,299001,300000,0,1000,145840,152552,158176,16133,16834,17579
chip01,299001,300000,1,1000,137222,141668,147383,13773,14387,15064
chip01,299001,300000,2,1000,138425,142929,148664,11169,11627,12099
chip01,299001,300000,3,1000,138343,142945,153119,9261,9544,9851
chip01,299001,300000,4,1000,142908,147471,154287,7961,8120,8300
chip01,299001,300000,5,1000,164319,176758,190316,7294,7366,7456
chip01,299001,300000,6,1000,148606,154351,163409,7018,7061,7103
