chip,bin_start,bin_end,sector,n,erase_us_p10,erase_us_p50,erase_us_p90,program_us_p10,program_us_p50,program_us_p90,erase_us_q00,erase_us_q05,erase_us_q10,erase_us_q15,erase_us_q20,erase_us_q25,erase_us_q30,erase_us_q35,erase_us_q40,erase_us_q45,erase_us_q50,erase_us_q55,erase_us_q60,erase_us_q65,erase_us_q70,erase_us_q75,erase_us_q80,erase_us_q85,erase_us_q90,erase_us_q95,erase_us_q100
chip04,1,1000,0,1000,45153,48797,52081,6920,6943,6975,34001,43031,45153,46134,46470,47300,47594,47719,48578,48682,48797,49623,49809,49869,50767,50867,50996,51100,52081,53144,56428
chip04,1,1000,1,1000,43044,46656,48900,6920,6950,6980,34462,41425,43044,44155,44383,45310,45447,45612,46417,46532,46656,47403,47559,47676,47727,47807,48713,48809,48900,49906,52186
chip04,1,1000,2,1000,44381,47709,51048,6920,6948,6979,33530,43408,44381,45193,45532,45687,46586,46660,46741,47611,47709,47780,47853,48718,48853,48912,49854,50016,51048,52170,55454
chip04,1,1000,3,1000,41848,44526,46649,6920,6947,6980,32866,39771,41848,42301,43077,43314,44131,44217,44316,44394,44526,45245,45383,45481,45534,45617,46466,46560,46649,46769,48891
chip04,1,1000,4,1000,43369,46708,48981,6922,6948,6980,36896,42354,43369,44296,44497,44613,45544,45629,45713,46631,46708,46763,46860,47757,47821,47899,48828,48901,48981,49997,53233
chip04,1,1000,5,1000,40753,44263,46660,6922,6948,6980,34304,39539,40753,41376,41951,42163,43035,43162,43322,43866,44263,44355,44427,44517,45402,45536,45615,46558,46660,47740,48981
chip04,1,1000,6,1000,40764,44433,46792,6920,6948,6980,33875,38932,40764,41851,42237,43139,43274,43368,44102,44348,44433,44526,44653,45464,45525,45600,45714,46654,46792,47838,50133
chip04,1001,2000,0,1000,50655,53051,57585,6926,6958,6982,48256,49647,50655,50826,50894,51811,51898,52018,52845,52998,53051,53169,54152,54203,54328,55323,56386,57423,57585,59682,63933
chip04,1001,2000,1,1000,48251,49868,52092,6926,6962,6984,45793,47403,48251,48537,48630,48721,48790,49662,49741,49801,49868,49912,50753,50851,50903,50994,51074,52022,52092,53169,54400
chip04,1001,2000,2,1000,49756,52202,55487,6928,6961,6984,46274,48735,49756,49923,50917,51005,51079,52018,52083,52157,52202,53131,53197,53266,53353,54308,54389,55385,55487,56586,60790
chip04,1001,2000,3,1000,45185,46616,48801,6927,6962,6983,42260,44822,45185,45263,46036,46253,46304,46382,46504,46565,46616,47427,47497,47577,47625,47714,47769,48698,48801,49850,52176
chip04,1001,2000,4,1000,47759,50012,52219,6927,6962,6984,45239,47686,47759,48729,48824,48896,48938,49853,49910,49954,50012,50062,50961,51024,51067,51128,51195,52149,52219,53253,56486
chip04,1001,2000,5,1000,45387,47640,49927,6927,6961,6983,42738,45315,45387,46264,46387,46481,46596,46635,47453,47584,47640,47690,47751,47806,47860,48765,48820,48939,49927,50091,53341
chip04,1001,2000,6,1000,46529,48817,51103,6927,6962,6984,44117,45503,46529,46657,47534,47660,47722,47785,47844,48740,48817,48851,48925,48968,49039,49949,50015,50113,51103,51239,55518
chip04,2001,3000,0,1000,54062,56333,58648,6921,6936,6969,51593,53869,54062,54138,55056,55155,55224,55285,55336,56250,56333,56394,56454,57378,57439,57487,57574,58541,58648,59680,62979
chip04,2001,3000,1,1000,50770,53127,55491,6920,6937,6975,47188,49713,50770,50920,51732,51924,51985,52079,52965,53047,53127,53188,53260,54161,54243,54323,55292,55375,55491,56554,60899
chip04,2001,3000,2,1000,51989,55379,59788,6921,6937,6975,48401,50895,51989,52110,53088,53169,53281,54246,54328,54467,55379,55445,56424,56527,56606,57601,57697,58705,59788,60846,63066
chip04,2001,3000,3,1000,47528,49746,51201,6920,6937,6975,44622,47325,47528,48393,48550,48659,48728,48787,48876,49699,49746,49807,49866,49936,50020,50899,50967,51050,51201,52166,54453
chip04,2001,3000,4,1000,49930,52184,54446,6920,6938,6972,47252,49769,49930,50865,50964,51055,51115,52014,52079,52130,52184,52236,53160,53213,53259,53330,54255,54358,54446,55461,59750
chip04,2001,3000,5,1000,48818,51043,53295,6920,6938,6973,45082,48713,48818,49744,49846,49949,49997,50044,50953,51006,51043,51119,51164,52082,52144,52190,52270,53222,53295,54337,56600
chip04,2001,3000,6,1000,48699,50021,52228,6920,6938,6976,46204,47693,48699,48789,48833,48903,49791,49853,49935,49984,50021,50058,50945,51022,51066,51140,51203,52169,52228,53282,55485
chip04,3001,4000,0,1000,57363,60642,62911,6924,6953,6981,53878,57192,57363,58342,58459,58547,59503,59599,59669,59706,60642,60686,60734,60814,60852,61800,61842,61907,62911,63009,67211
chip04,3001,4000,1,1000,52996,55233,57521,6924,6959,6984,50437,51911,52996,53057,53998,54063,54178,54219,54266,55190,55233,55298,55364,55415,56351,56386,56450,56536,57521,57642,60814
chip04,3001,4000,2,1000,54177,58544,61935,6925,6958,6983,49411,53073,54177,55212,55351,56351,56459,57426,57508,57599,58544,58640,58722,59718,59797,60665,60850,60969,61935,62983,65196
chip04,3001,4000,3,1000,48472,50664,52047,6926,6959,6983,45713,48243,48472,48527,49446,49519,49577,49722,49761,49797,50664,50751,50786,50823,50940,51000,51919,51985,52047,53116,55417
chip04,3001,4000,4,1000,52082,54408,57623,6925,6960,6983,48525,51028,52082,53036,53171,53246,53307,54243,54285,54358,54408,55340,55395,55460,55532,56487,56526,56612,57623,58705,61907
chip04,3001,4000,5,1000,50946,53276,55566,6926,6958,6982,48444,50749,50946,51901,51986,52093,52147,53088,53138,53179,53276,53320,54268,54305,54365,54430,55406,55451,55566,56588,60894
chip04,3001,4000,6,1000,48673,50970,56522,6924,6958,6983,46036,48440,48673,48728,49688,49746,49885,49939,50868,50931,50970,51105,52082,52184,53189,53364,54411,55444,56522,57623,60912
chip04,4001,5000,0,1000,59347,61791,64077,6920,6933,6960,54987,58304,59347,59586,59675,60621,60692,60758,60812,61756,61791,61866,61914,62824,62902,62951,63013,63999,64077,65159,68443
chip04,4001,5000,1,1000,54032,56321,58614,6918,6934,6966,50420,52957,54032,54143,55059,55148,55216,55276,55354,56264,56321,56395,56463,57350,57420,57469,57521,58508,58614,59684,61958
chip04,4001,5000,2,1000,57383,60927,64246,6919,6934,6964,52831,56235,57383,57576,58605,58714,59723,59839,60801,60872,60927,61904,61953,62014,62939,63052,63137,64134,64246,66248,69490
chip04,4001,5000,3,1000,49541,51846,54278,6919,6933,6968,46794,49240,49541,50447,50562,50742,50807,50847,51760,51809,51846,51936,52035,52111,53007,53063,53198,54163,54278,55330,57669
chip04,4001,5000,4,1000,54294,56565,59833,6919,6933,6967,50836,54117,54294,54388,55354,55437,55486,56416,56472,56524,56565,56628,57569,57628,57686,58647,58715,59675,59833,60896,63080
chip04,4001,5000,5,1000,52126,55343,57693,6918,6934,6968,49549,51987,52126,53109,53205,54138,54212,54298,54350,54437,55343,55406,55473,55543,56482,56562,56643,57605,57693,58772,61958
chip04,4001,5000,6,1000,50906,54268,57786,6919,6933,6967,48423,49826,50906,50997,51971,52089,52174,53130,53216,53306,54268,54355,54435,55403,55480,55601,56553,57612,57786,59805,62035
chip04,5001,6000,0,1000,60731,62993,65225,6920,6934,6952,58206,60653,60731,61705,61819,61863,62796,62857,62891,62948,62993,63037,63969,64017,64067,64117,65081,65135,65225,66266,70531
chip04,5001,6000,1,1000,56141,58478,60804,6920,6933,6954,51458,55099,56141,56277,56353,57295,57351,57435,57492,58390,58478,58523,58594,58670,59606,59682,59778,60746,60804,61840,63047
chip04,5001,6000,2,1000,62987,66269,69506,6919,6932,6951,58351,61968,62987,63110,64105,64180,65139,65199,65250,66219,66269,66323,67291,67348,67393,67474,68430,68504,69506,70550,74834
chip04,5001,6000,3,1000,52969,55390,58695,6919,6932,6951,49370,51875,52969,53084,54019,54163,54223,55148,55229,55316,55390,56302,56396,56497,56572,57533,57616,58546,58695,59757,63043
chip04,5001,6000,4,1000,56441,59833,63114,6919,6933,6952,53005,55393,56441,56576,57537,57622,58571,58667,58780,59760,59833,60797,60873,60927,60995,61968,62037,63027,63114,64170,67420
chip04,5001,6000,5,1000,55412,60936,64274,6919,6933,6951,50730,54280,55412,56448,56620,57652,58713,59704,59864,60865,60936,60996,61955,62035,63006,63074,63157,64164,64274,65313,68417
chip04,5001,6000,6,1000,54133,56675,59936,6919,6933,6951,50643,53065,54133,54288,54426,55383,55466,56362,56497,56570,56675,57578,57658,57722,58680,58751,58819,59824,59936,60940,63096
chip04,6001,7000,0,1000,62753,65081,68417,6921,6934,6952,59361,61755,62753,62878,62941,62996,63946,64019,64081,65006,65081,65138,65203,66146,66198,66271,67257,67388,68417,69538,74887
chip04,6001,7000,1,1000,57323,59703,61920,6920,6934,6957,54756,57193,57323,58315,58407,58466,58543,59448,59504,59666,59703,59749,60644,60697,60737,60851,60932,61875,61920,62056,65272
chip04,6001,7000,2,1000,61992,66226,69534,6920,6934,6955,57110,61750,61992,63004,63985,64093,64144,65126,65184,65251,66226,66270,66320,67265,67368,67439,68424,68493,69534,70613,74814
chip04,6001,7000,3,1000,52666,55298,60900,6920,6934,6956,49054,51669,52666,52930,53846,53943,54092,54167,55105,55165,55298,55393,56336,56442,57456,57631,58649,59802,60900,61979,65309
chip04,6001,7000,4,1000,59682,61943,64215,6919,6933,6954,55252,58649,59682,59800,60743,60821,60885,60923,60982,61911,61943,61999,62047,62982,63032,63079,63149,64130,64215,65254,69504
chip04,6001,7000,5,1000,59761,63031,66330,6919,6932,6954,55229,58653,59761,60785,60893,60958,61927,61996,62036,62081,63031,63076,63138,63205,64153,64228,65219,65289,66330,67404,71785
chip04,6001,7000,6,1000,54053,57514,60951,6920,6932,6953,50347,53002,54053,54206,55203,55328,55403,56365,56470,56553,57514,57604,57733,58664,58753,59754,59879,60860,60951,62007,64255
chip04,7001,8000,0,1000,64970,67270,70484,6922,6934,6955,61478,63952,64970,65070,65134,66106,66165,66223,66277,67224,67270,67334,67385,68339,68371,68435,69400,69484,70484,70650,77995
chip04,7001,8000,1,1000,60514,61942,64104,6920,6933,6955,57184,59529,60514,60641,60749,60803,61673,61763,61809,61891,61942,61976,62895,62948,62992,63058,63099,64060,64104,64236,66390
chip04,7001,8000,2,1000,65022,68364,71641,6920,6933,6953,58103,63985,65022,65189,66184,66275,66326,67303,67364,67425,68364,68443,68494,68543,69515,69568,69676,70629,71641,72715,77152
chip04,7001,8000,3,1000,55084,58424,60927,6919,6933,6953,51422,53934,55084,55203,56161,56303,56401,57314,57371,57480,58424,58498,58600,59566,59649,59781,59881,60808,60927,61997,65163
chip04,7001,8000,4,1000,60741,62091,64227,6920,6934,6954,57269,59744,60741,60857,60907,61853,61897,61957,61997,62024,62091,63000,63026,63072,63122,63211,64124,64155,64227,65238,68535
chip04,7001,8000,5,1000,60875,63131,66322,6920,6933,6954,57436,60777,60875,61836,61909,61986,62031,62981,63024,63079,63131,64061,64129,64173,64221,64271,65239,65321,66322,67394,72786
chip04,7001,8000,6,1000,54157,57479,60871,6920,6933,6952,51605,53927,54157,55138,55283,55350,56300,56364,56466,57407,57479,57537,57616,58587,58662,58758,59763,59877,60871,61918,64239
chip04,8001,9000,0,1000,64942,67285,70547,6924,6940,6958,61525,63922,64942,65078,65143,66100,66155,66219,66291,67227,67285,67345,68296,68358,68424,69409,69476,69568,70547,71656,75979
chip04,8001,9000,1,1000,61843,64062,66258,6922,6938,6956,59443,61662,61843,62802,62894,62987,63018,63053,63982,64022,64062,64135,64172,64209,65145,65171,65209,65280,66258,66326,69529
chip04,8001,9000,2,1000,66202,69598,74867,6922,6937,6955,60345,65103,66202,66336,67378,67477,68452,68524,69492,69543,69598,70567,70637,71631,71716,72723,72814,73828,74867,75936,79164
chip04,8001,9000,3,1000,56025,58474,60865,6922,6937,6956,52290,55003,56025,56181,56292,57238,57326,57412,58324,58395,58474,58545,58634,59538,59607,59739,60683,60767,60865,61880,65156
chip04,8001,9000,4,1000,60845,63022,65244,6922,6936,6956,57366,60777,60845,61812,61876,61960,61998,62032,62969,63001,63022,63075,63113,63157,64105,64136,64205,65172,65244,66240,69587
chip04,8001,9000,5,1000,61959,64283,68503,6922,6937,6957,58535,61794,61959,62021,62980,63063,63126,64074,64130,64200,64283,65217,65284,65353,66326,66387,67373,67459,68503,69585,74986
chip04,8001,9000,6,1000,56357,59909,63064,6921,6937,6956,53787,56126,56357,57422,57581,58542,58663,59629,59749,59804,59909,60797,60872,60948,61003,61945,62014,62089,63064,63153,65277
chip04,9001,10000,0,1000,65057,67271,69520,6924,6938,6957,61519,64917,65057,65994,66052,66137,66184,66223,67162,67201,67271,67320,67365,68317,68361,68432,68479,69443,69520,70554,73818
chip04,9001,10000,1,1000,62927,65133,67371,6921,6936,6955,60539,62737,62927,62994,63935,64003,64087,64118,64167,65097,65133,65189,65246,65283,66228,66261,66310,66393,67371,67458,70689
chip04,9001,10000,2,1000,69457,72873,77165,6921,6936,6955,63918,68336,69457,69650,70620,70731,71679,71744,72723,72797,72873,73844,73915,74913,74973,75946,76035,76112,77165,78262,82469
chip04,9001,10000,3,1000,57231,60601,62052,6921,6936,6955,53706,56159,57231,57329,58282,58429,59351,59471,59640,59694,60601,60681,60716,60830,60885,61828,61877,61934,62052,63060,66388
chip04,9001,10000,4,1000,62928,65211,67499,6922,6936,6955,60628,61921,62928,63051,63109,64057,64111,64178,64215,65169,65211,65264,65311,66265,66312,66380,66460,67411,67499,68573,71870
chip04,9001,10000,5,1000,62992,66314,69692,6922,6936,6956,60607,61946,62992,63105,64081,64174,65152,65225,65283,65384,66314,66386,66445,67427,67500,68475,68554,69594,69692,70752,75071
chip04,9001,10000,6,1000,57381,60726,63063,6921,6936,6956,53723,56271,57381,58394,58466,58582,59527,59612,59732,59789,60726,60773,60817,60903,60951,61907,61958,62052,63063,63191,66367
chip04,10001,11000,0,1000,66050,68287,70585,6925,6955,6982,63761,65025,66050,66137,66201,67139,67213,67264,67298,68226,68287,68329,68410,69356,69407,69448,69534,70498,70585,71608,78019
chip04,10001,11000,1,1000,64021,66291,68517,6927,6960,6984,61612,63851,64021,64997,65056,65157,65212,66150,66178,66218,66291,66332,67160,67306,67343,67415,67476,68434,68517,69559,72839
chip04,10001,11000,2,1000,70590,74942,79374,6926,6961,6984,63941,69446,70590,71669,72664,72763,73740,73832,73910,74887,74942,75020,76000,76074,77072,77143,78149,79154,79374,81217,86872
chip04,10001,11000,3,1000,58067,60558,62035,6925,6960,6985,54623,57106,58067,58227,58352,59324,59431,59564,59606,59661,60558,60605,60656,60780,60816,61750,61825,61921,62035,63012,65225
chip04,10001,11000,4,1000,63036,65227,67440,6925,6960,6984,59478,62903,63036,64007,64068,64140,64173,65079,65149,65183,65227,65266,65311,66248,66291,66338,66410,67354,67440,68472,71694
chip04,10001,11000,5,1000,61911,64962,68466,6925,6961,6985,59546,61741,61911,62865,62949,63031,63083,64037,64082,64168,64962,65183,65239,65346,66294,66389,67376,67450,68466,69513,73869
chip04,10001,11000,6,1000,58335,60687,63013,6927,6962,6984,55830,57287,58335,58478,59400,59476,59602,59681,59721,60502,60687,60726,60780,60874,60931,61860,61903,62012,63013,64002,66282
chip04,11001,12000,0,1000,66069,68301,70596,6919,6934,6964,63755,65029,66069,66145,67080,67147,67234,67275,68201,68260,68301,68371,68416,69349,69398,69455,69526,70502,70596,71630,73892
chip04,11001,12000,1,1000,65132,67359,69583,6919,6936,6970,62752,64938,65132,66060,66142,66211,66279,66320,67264,67305,67359,67411,67435,68381,68427,68465,68541,69500,69583,70635,72875
chip04,11001,12000,2,1000,72690,77122,81485,6920,6935,6968,66197,70645,72690,72849,73894,74906,74990,75993,76079,77053,77122,77179,78167,78227,78320,79295,80337,80440,81485,82615,87960
chip04,11001,12000,3,1000,59455,61705,63107,6920,6935,6972,55706,58237,59455,59514,60440,60518,60678,60729,60760,60791,61705,61742,61781,61857,61943,62007,62940,62991,63107,64115,67404
chip04,11001,12000,4,1000,64161,67324,69653,6920,6935,6968,60640,64076,64161,65127,65202,65274,66226,66273,66335,66378,67324,67384,67428,67491,68455,68501,68567,69561,69653,70756,74982
chip04,11001,12000,5,1000,63063,66264,70676,6920,6935,6968,60670,62986,63063,64033,64141,64182,65116,65188,65266,65315,66264,66311,66365,66418,67397,67448,68463,68621,70676,72929,81530
chip04,11001,12000,6,1000,59329,60869,63101,6920,6935,6968,55816,58325,59329,59573,59646,59714,60613,60671,60797,60828,60869,61767,61831,61863,61966,62015,62967,63018,63101,64134,67388
chip04,12001,13000,0,1000,67192,69455,71761,6921,6933,6950,64796,67047,67192,68142,68218,68307,68352,68404,69330,69395,69455,69495,70439,70501,70555,70630,71588,71651,71761,72786,78124
chip04,12001,13000,1,1000,66193,69488,72861,6919,6932,6953,61497,65154,66193,67209,67293,67384,68336,68404,68475,68552,69488,69567,69622,70598,70677,70747,71734,71861,72861,73919,81434
chip04,12001,13000,2,1000,71621,76014,80436,6920,6932,6951,66138,70530,71621,71755,72783,73791,73892,74883,74973,75044,76014,76079,77060,77147,77237,78224,79240,79343,80436,82490,89023
chip04,12001,13000,3,1000,62817,65271,69633,6918,6932,6952,59295,61778,62817,62909,63023,63985,64078,64178,65125,65189,65271,65336,66292,66349,67347,67457,68480,68593,69633,70749,76086
chip04,12001,13000,4,1000,65153,67391,69715,6920,6932,6952,61732,64125,65153,65226,66198,66260,66321,66371,67300,67346,67391,67437,67493,68459,68499,68576,69516,69590,69715,70810,77173
chip04,12001,13000,5,1000,66211,69562,72966,6919,6932,6951,62944,65155,66211,66309,66412,67378,67462,68413,68508,68583,69562,69641,69696,70669,70743,71725,71824,71965,72966,74049,80516
chip04,12001,13000,6,1000,60704,62900,64231,6919,6932,6952,56899,60464,60704,60772,61676,61758,61818,61912,61951,61988,62900,62939,62973,63030,63093,63128,64082,64126,64231,65251,68585
chip04,13001,14000,0,1000,69200,71519,73842,6920,6935,6955,65712,68239,69200,69294,69395,69454,70416,70457,70533,70567,71519,71564,71622,71679,72624,72698,72772,73774,73842,74935,80307
chip04,13001,14000,1,1000,68446,71748,76076,6920,6934,6958,63772,68245,68446,69448,69552,69637,70603,70667,70749,71692,71748,71836,72783,72870,73836,73923,74924,75023,76076,78163,85784
chip04,13001,14000,2,1000,72709,78152,82603,6920,6934,6959,67056,71603,72709,72851,73911,74938,75982,76081,77070,77151,78152,78235,79219,79311,79402,80387,80469,81543,82603,83710,92201
chip04,13001,14000,3,1000,64023,66292,69648,6920,6935,6958,61632,62932,64023,64098,65055,65102,65214,65256,66197,66248,66292,66356,66403,67354,67428,67529,68501,68669,69648,70720,75055
chip04,13001,14000,4,1000,66328,69544,72802,6920,6934,6956,62855,66221,66328,67324,67404,67466,68419,68484,68542,68603,69544,69622,69672,70631,70677,70752,71731,71791,72802,72955,76218
chip04,13001,14000,5,1000,66347,69606,72989,6919,6934,6958,62874,66209,66347,67348,67443,67503,68449,68512,68595,69545,69606,69673,70626,70702,70768,71755,71842,72857,72989,75050,81599
chip04,13001,14000,6,1000,60727,63042,65255,6920,6935,6958,58109,60640,60727,61682,61824,61882,61923,62848,62894,62948,63042,63073,63126,64054,64084,64160,64217,65193,65255,66321,68629
chip04,14001,15000,0,1000,70388,72706,75975,6923,6936,6956,66904,69372,70388,70483,71451,71513,71585,71633,72561,72627,72706,72748,73693,73740,73797,73874,74851,74930,75975,77002,84650
chip04,14001,15000,1,1000,70621,73913,78201,6921,6935,6954,67189,70479,70621,71620,71722,71780,72745,72813,72882,73852,73913,73960,74917,74999,75984,76083,77072,77158,78201,79349,84676
chip04,14001,15000,2,1000,69336,72744,77127,6920,6934,6953,64715,68326,69336,69469,69559,70551,70646,71623,71694,71775,72744,72815,73791,73862,73950,74948,75070,76067,77127,78238,84754
chip04,14001,15000,3,1000,63924,66255,69524,6921,6934,6953,60315,62898,63924,64057,64994,65091,65182,65232,66133,66207,66255,66323,66385,67333,67388,67467,68438,68510,69524,69687,75021
chip04,14001,15000,4,1000,67351,69594,72801,6920,6935,6952,62782,66312,67351,67404,68371,68437,68498,68533,69487,69530,69594,69644,70593,70648,70707,70762,71733,71815,72801,72949,77297
chip04,14001,15000,5,1000,67444,70665,73983,6920,6935,6953,64015,67296,67444,68433,68538,69496,69547,69597,69658,70598,70665,70733,70778,71733,71784,71873,72856,72952,73983,75064,80438
chip04,14001,15000,6,1000,61889,64143,66414,6920,6935,6954,58997,61776,61889,62846,62951,63003,63060,63974,64024,64099,64143,64176,65093,65153,65199,65269,65340,66304,66414,67431,69632
chip04,15001,16000,0,1000,71462,73777,77002,6921,6936,6955,68014,70447,71462,71569,72538,72610,72677,72719,73670,73714,73777,73821,73883,74811,74861,74939,75919,75980,77002,77138,81427
chip04,15001,16000,1,1000,70619,73881,78214,6920,6934,6954,67183,70481,70619,71619,71709,72665,72724,72781,72851,73826,73881,73932,74852,74943,75018,76009,76121,77162,78214,79395,89009
chip04,15001,16000,2,1000,68406,71783,77164,6920,6934,6953,64899,68234,68406,69394,69505,70483,70564,70650,71625,71692,71783,72752,72808,73799,73899,74918,75017,76083,77164,78308,84729
chip04,15001,16000,3,1000,64957,67444,71871,6919,6933,6952,61285,63945,64957,65117,66073,66152,66256,66328,67280,67363,67444,68400,68463,68547,69541,69638,70651,70781,71871,73913,80435
chip04,15001,16000,4,1000,67357,69546,71828,6920,6934,6954,64974,67230,67357,67386,68349,68403,68466,68511,69455,69499,69546,69604,69636,70585,70631,70708,70780,71732,71828,72896,77250
chip04,15001,16000,5,1000,68493,71851,76191,6920,6935,6954,63961,67365,68493,69494,69578,69678,70661,70729,71696,71785,71851,72798,72876,72961,73962,74059,75051,76098,76191,77292,84866
chip04,15001,16000,6,1000,63853,65208,67404,6919,6934,6953,61474,62876,63853,63932,64057,64097,64146,65070,65096,65135,65208,65244,65287,66224,66257,66310,66384,67352,67404,68475,70782
chip04,16001,17000,0,1000,72643,75980,80439,6920,6933,6952,69127,71568,72643,73655,73744,73836,74800,74873,74940,75914,75980,76056,77024,77120,78111,78227,79234,79373,80439,82467,87831
chip04,16001,17000,1,1000,70584,73817,77149,6919,6932,6953,68137,69494,70584,71564,71655,71722,72651,72727,72807,72873,73817,73868,73932,74894,74939,75018,76022,76113,77149,78243,82645
chip04,16001,17000,2,1000,71534,74984,79379,6920,6932,6952,65945,70425,71534,71665,72683,72814,73800,73858,73930,74909,74984,75952,76016,76095,77093,77174,78203,78335,79379,80451,86948
chip04,16001,17000,3,1000,65027,68437,72811,6920,6932,6951,60245,63942,65027,65149,66141,66268,67196,67292,67381,68361,68437,68514,69452,69562,69645,70636,70736,71762,72811,73921,80364
chip04,16001,17000,4,1000,68335,70617,73929,6918,6932,6951,63899,67341,68335,68424,68492,69429,69493,69571,69624,70581,70617,70682,70741,71705,71754,71835,72811,72871,73929,75031,79514
chip04,16001,17000,5,1000,69588,72965,77324,6919,6933,6953,66190,68494,69588,70586,70704,71680,71766,71835,72814,72895,72965,73932,74028,75010,75065,75143,76155,77107,77324,79340,84852
chip04,16001,17000,6,1000,63791,65211,67461,6919,6932,6953,60357,62829,63791,63885,64022,64057,64991,65045,65085,65182,65211,65259,66192,66220,66259,66351,67259,67362,67461,68507,70819
chip04,17001,18000,0,1000,74836,78170,82464,6925,6940,6960,71283,74635,74836,75835,75941,76923,77001,77081,78047,78119,78170,79115,79176,79258,80220,80309,81327,81424,82464,83568,92185
chip04,17001,18000,1,1000,74953,79283,83733,6921,6938,6958,70371,73899,74953,76010,76130,77102,77177,78122,78230,79213,79283,79347,79412,80385,80496,81504,82528,82645,83733,85767,90159
chip04,17001,18000,2,1000,71565,75958,80459,6922,6937,6957,67025,70474,71565,71678,72682,72791,73792,73893,74880,74963,75958,76070,77062,77145,77242,78222,79217,79363,80459,82541,88038
chip04,17001,18000,3,1000,67155,69560,73916,6921,6936,6958,62545,66048,67155,67298,67360,68324,68382,68475,69427,69482,69560,69616,70600,70683,71643,71732,71857,72856,73916,75083,82638
chip04,17001,18000,4,1000,69459,71713,74014,6922,6937,6957,66152,68450,69459,69557,70456,70570,70632,70684,70744,71678,71713,71765,71816,72753,72805,72873,72966,73919,74014,75102,80427
chip04,17001,18000,5,1000,69417,72897,79424,6921,6937,6959,65077,68319,69417,69558,70527,70626,70738,71709,71789,72807,72897,73885,73978,75016,76049,76202,77273,78328,79424,81622,87057
chip04,17001,18000,6,1000,64010,66368,70611,6922,6938,6958,60327,63807,64010,64953,65051,65157,66092,66168,66228,66290,66368,67285,67352,67425,68382,68475,68585,69582,70611,71743,78268
chip04,18001,19000,0,1000,74811,78114,81454,6924,6939,6960,70245,74673,74811,75803,75917,76874,76950,77028,77077,78039,78114,78174,79133,79192,79255,80236,80328,81332,81454,82504,86826
chip04,18001,19000,1,1000,78228,82546,87950,6921,6937,6958,74848,77126,78228,79252,79356,80363,80422,81418,81480,82457,82546,82637,83630,83714,84713,85735,85845,86877,87950,89106,111604
chip04,18001,19000,2,1000,72651,76041,80464,6921,6937,6958,69315,71585,72651,72786,73773,73875,74848,74922,75000,75974,76041,76107,77079,77167,78184,78265,79282,79376,80464,82559,89028
chip04,18001,19000,3,1000,70570,75041,81533,6920,6936,6958,67042,69507,70570,71639,71759,72751,72835,73848,73916,74946,75041,76016,76123,77122,77239,78272,79334,80422,81533,82716,92353
chip04,18001,19000,4,1000,70524,72850,76178,6920,6936,6958,67008,69506,70524,70614,70679,71653,71720,71768,72741,72791,72850,72887,73846,73898,73987,74958,75040,76043,76178,77278,85885
chip04,18001,19000,5,1000,70699,75004,80550,6921,6936,6958,67069,70522,70699,71720,71820,72811,72896,73888,73963,74025,75004,75109,76083,76174,77174,77281,78320,79410,80550,82751,94591
chip04,18001,19000,6,1000,65108,67384,69678,6919,6936,6958,62631,65027,65108,66070,66185,66247,66288,67215,67250,67334,67384,67444,68370,68412,68476,68537,69504,69560,69678,70683,74950
chip04,19001,20000,0,1000,77961,81377,85831,6925,6942,6963,71329,76887,77961,78088,79065,79158,79239,80211,80307,81286,81377,81463,82453,82530,83540,83630,84661,85704,85831,87874,110432
chip04,19001,20000,1,1000,79288,83542,89113,6921,6939,6960,73648,78197,79288,80281,80391,81384,81464,81531,82508,82579,83542,83617,83699,84705,84805,85809,86870,87931,89113,92331,112706
chip04,19001,20000,2,1000,71626,74853,78158,6922,6939,6961,66941,71456,71626,72629,72728,72784,73755,73804,73863,73909,74853,74899,74978,75928,76009,76076,77055,77125,78158,79226,85891
chip04,19001,20000,3,1000,71684,77106,82711,6922,6940,6960,67191,70573,71684,72735,72881,73891,73986,74986,76009,76114,77106,77203,78222,78339,79364,80363,80520,81584,82711,84792,91314
chip04,19001,20000,4,1000,71597,73948,77286,6921,6939,6960,68227,70585,71597,71714,72682,72753,72828,72899,73845,73894,73948,74015,74967,75028,75089,76061,76162,77160,77286,79340,87052
chip04,19001,20000,5,1000,70544,72918,78296,6921,6939,6960,66114,69493,70544,70654,71625,71685,71757,71859,72782,72864,72918,73896,73961,74057,75010,75111,76122,77157,78296,79461,88076
chip04,19001,20000,6,1000,66168,68427,70722,6921,6939,6961,63648,65971,66168,66219,67179,67246,67335,67374,68331,68364,68427,68482,68522,69470,69513,69578,69651,70622,70722,71756,76171
chip04,20001,21000,0,1000,77897,81268,84666,6922,6948,6979,73543,76865,77897,78024,78138,79097,79180,80138,80230,80308,81268,81330,81411,82376,82458,82554,83519,83644,84666,85793,93302
chip04,20001,21000,1,1000,80307,83601,88980,6922,6953,6982,75775,79238,80307,80418,81402,81497,82453,82509,82571,83527,83601,83664,84608,84714,85730,85835,86843,87856,88980,90120,111561
chip04,20001,21000,2,1000,74806,78164,83584,6922,6954,6981,70384,73716,74806,74953,75924,76003,76091,77052,77132,78101,78164,78261,79234,79318,80266,80385,81413,81562,83584,85741,92283
chip04,20001,21000,3,1000,77073,82563,90242,6921,6954,6981,69358,75035,77073,78162,78359,79346,80342,80429,81429,81529,82563,82675,83704,84725,85776,86828,87012,89005,90242,94490,114172
chip04,20001,21000,4,1000,72775,76024,79361,6921,6954,6982,69404,72596,72775,73747,73840,73924,74880,74934,75014,75069,76024,76085,76151,77111,77168,77253,78244,78347,79361,80447,84849
chip04,20001,21000,5,1000,69362,71748,78271,6922,6953,6982,66032,68366,69362,69489,69566,70519,70575,70660,71614,71675,71748,71805,72777,72850,73802,73945,74980,76069,78271,81459,91162
chip04,20001,21000,6,1000,65995,68265,70603,6922,6953,6982,62505,64976,65995,66132,66200,67132,67175,67255,67309,67345,68265,68317,68358,68450,68509,69461,69518,69631,70603,71627,74854
chip04,21001,22000,0,1000,77949,81346,85670,6918,6932,6956,73537,76915,77949,78073,79066,79168,80145,80217,80303,81276,81346,81418,82393,82453,82526,83520,83633,84628,85670,86736,93260
chip04,21001,22000,1,1000,80355,84734,90243,6918,6933,6961,74741,79272,80355,81435,81526,82518,82599,83609,83666,84665,84734,84817,85795,85886,86900,87933,88051,89120,90243,92393,112665
chip04,21001,22000,2,1000,78062,82497,86991,6918,6932,6962,72455,76958,78062,78205,79212,79326,80342,80424,81409,81482,82497,82576,82642,83629,83724,84711,85725,85883,86991,89057,111662
chip04,21001,22000,3,1000,77114,82666,89110,6919,6933,6962,70385,75948,77114,78228,79279,79412,80439,81462,81571,82564,82666,83665,83749,84750,84850,85918,86949,88035,89110,91271,111834
chip04,21001,22000,4,1000,72795,76025,80394,6919,6933,6962,68276,72671,72795,73779,73844,73899,73957,74921,74990,75057,76025,76090,76149,77118,77197,78179,78273,79320,80394,81531,87961
chip04,21001,22000,5,1000,70512,72875,77283,6918,6933,6962,67100,69460,70512,70627,71593,71673,71735,72677,72743,72820,72875,73825,73886,73972,74966,75039,76082,77147,77283,80414,88040
chip04,21001,22000,6,1000,66112,68432,71679,6918,6933,6962,62441,65898,66112,66189,67126,67247,67289,67360,68298,68349,68432,68479,69433,69466,69527,69575,70545,70616,71679,71851,76144
chip04,22001,23000,0,1000,81327,85790,92179,6919,6931,6947,76895,80253,81327,82386,82519,83517,84522,84617,84706,85691,85790,86776,86859,87858,87948,88960,90005,90136,92179,93357,112698
chip04,22001,23000,1,1000,78165,82458,86886,6917,6931,6952,73676,78016,78165,79194,79301,80285,80372,81330,81386,81468,82458,82518,82594,83577,83677,84690,84798,85833,86886,88051,112686
chip04,22001,23000,2,1000,75992,80338,85754,6918,6931,6952,71425,75819,75992,77032,78032,78164,78230,79207,79305,80280,80338,80409,81401,81475,82488,82569,83609,84678,85754,86932,94420
chip04,22001,23000,3,1000,74977,79387,84859,6918,6932,6953,70371,73845,74977,76000,76105,77126,77200,78209,78283,79278,79387,80379,80462,81452,81549,82569,83632,83752,84859,86961,110703
chip04,22001,23000,4,1000,74962,78193,82629,6919,6932,6952,71546,73885,74962,75954,76023,76092,76141,77102,77170,77227,78193,78252,78319,79264,79337,79420,80460,81504,82629,83798,92385
chip04,22001,23000,5,1000,69463,71777,75129,6918,6932,6953,65923,68401,69463,70449,70537,70589,70649,71589,71648,71716,71777,72714,72765,72849,73812,73868,73953,74961,75129,77127,81531
chip04,22001,23000,6,1000,67203,69522,72728,6917,6931,6954,63418,67024,67203,67283,68228,68328,68395,68439,69386,69440,69522,69558,70510,70558,70633,70713,71666,71720,72728,72877,76259
chip04,23001,24000,0,1000,83531,87922,93357,6921,6936,6957,77989,82436,83531,84598,85624,85721,86726,86810,87755,87861,87922,88897,89001,89985,90108,91126,91219,92256,93357,110504,112636
chip04,23001,24000,1,1000,79285,83668,91173,6919,6933,6954,75846,78196,79285,80338,81327,81424,81521,82501,82590,83574,83668,84677,84771,85785,86842,87860,88068,89142,91173,93281,112749
chip04,23001,24000,2,1000,79144,83572,90109,6918,6933,6955,73599,78025,79144,79274,80313,80423,81399,81494,82479,82579,83572,83651,84661,84762,85777,85890,86922,88026,90109,92423,111730
chip04,23001,24000,3,1000,78216,86893,110699,6919,6933,6954,71595,77081,78216,79363,80434,81508,82578,83657,84736,85830,86893,87931,89014,89167,90239,91360,93415,110650,110699,111796,113019
chip04,23001,24000,4,1000,74956,78257,82536,6918,6934,6954,72575,73870,74956,75949,76061,76135,77116,77191,78148,78203,78257,78326,79293,79355,79407,80394,80480,81519,82536,83619,90240
chip04,23001,24000,5,1000,71560,73934,77221,6919,6934,6954,68304,70540,71560,71673,72656,72726,72805,73778,73819,73879,73934,74896,74948,75013,75071,76044,76109,77059,77221,78273,82631
chip04,23001,24000,6,1000,68338,70620,72879,6919,6933,6955,64753,68166,68338,69281,69372,69478,69511,70431,70493,70535,70620,70661,71590,71639,71668,71745,71816,72785,72879,73905,79336
chip04,24001,25000,0,1000,84605,89995,110525,6922,6937,6955,80064,83441,84605,85647,86675,86791,87804,87910,88909,89004,89995,90090,91088,91184,92186,92285,93320,94392,110525,110573,112695
chip04,24001,25000,1,1000,80353,84615,90155,6920,6934,6953,76851,79329,80353,81391,81501,82453,82524,82605,83579,83640,84615,84708,84791,85798,85888,86894,87921,89007,90155,92289,112771
chip04,24001,25000,2,1000,81301,85789,91295,6920,6934,6953,74763,79264,81301,81482,82515,83526,83634,84630,84708,85713,85789,85871,86874,86965,87970,88999,89086,90168,91295,93425,112764
chip04,24001,25000,3,1000,83678,92329,111832,6920,6935,6953,73781,81467,83678,85745,86835,87945,88109,89144,90218,91241,92329,93413,94445,110654,110678,110696,110722,111802,111832,111864,114202
chip04,24001,25000,4,1000,77183,80410,83710,6920,6934,6953,73680,77034,77183,78161,78250,78318,79278,79342,79393,80358,80410,80475,80521,81482,81561,81647,82599,82687,83710,84843,91353
chip04,24001,25000,5,1000,71642,74901,78257,6921,6934,6952,68005,71450,71642,72633,72757,72801,73763,73830,73895,73955,74901,74958,75024,76006,76043,76146,77128,77241,78257,79373,89105
chip04,24001,25000,6,1000,69474,71799,75019,6921,6934,6953,65903,69309,69474,70458,70569,70613,71552,71611,71659,71720,71799,72716,72759,72843,72897,73862,73933,74017,75019,76100,79502
chip04,25001,26000,0,1000,84583,90071,111577,6919,6932,6950,77900,83472,84583,85671,86681,86812,87831,87933,88952,89979,90071,91090,91192,92266,93325,110472,110511,110545,111577,111625,114951
chip04,25001,26000,1,1000,81284,84654,90154,6919,6932,6950,76940,80222,81284,81436,82430,82508,82572,83545,83623,83684,84654,84743,85739,85831,86825,86899,87918,89013,90154,92342,112762
chip04,25001,26000,2,1000,81329,86802,94425,6918,6931,6952,74813,79246,81329,81443,82522,83556,83657,84661,84749,85782,86802,86907,87954,88958,89095,90122,91214,92306,94425,110613,112819
chip04,25001,26000,3,1000,87922,110656,111854,6919,6931,6951,75924,85743,87922,89032,90149,91223,91377,92446,93487,94515,110656,110672,110687,110698,110709,110780,111814,111835,111854,112978,115389
chip04,25001,26000,4,1000,77072,80421,85901,6918,6932,6950,71534,76042,77072,77186,78195,78275,79256,79311,79374,80341,80421,80489,81475,81560,82574,82659,83668,84751,85901,87052,111857
chip04,25001,26000,5,1000,72727,76023,79377,6918,6932,6952,69120,71628,72727,73737,73842,73899,74875,74957,75015,75977,76023,76096,77058,77130,77199,78141,78247,78360,79377,80471,89182
chip04,25001,26000,6,1000,70567,72866,75110,6918,6932,6951,68032,70403,70567,71561,71649,71700,71760,72693,72733,72820,72866,73807,73843,73902,73955,74000,74949,74990,75110,76144,80468
chip04,26001,27000,0,1000,84631,89015,110496,6926,6944,6964,80108,83519,84631,85693,86683,86771,87791,87864,88828,88955,89015,89990,90071,91052,91166,92192,92351,93357,110496,110538,112671
chip04,26001,27000,1,1000,83461,86869,91261,6923,6940,6962,76948,82405,83461,83596,84603,84680,84753,85739,85831,86804,86869,86932,87899,87973,88979,89079,90064,90178,91261,93468,113878
chip04,26001,27000,2,1000,82476,87852,93389,6923,6940,6963,75847,81348,82476,83572,84569,84708,85698,85786,86768,86875,87852,87956,88042,89037,90058,90166,91201,92285,93389,110594,112838
chip04,26001,27000,3,1000,83733,93399,111841,6923,6941,6962,76960,82545,83733,85750,86870,87959,89041,90139,91193,92298,93399,93484,110638,110673,110688,110707,110723,111804,111841,111866,113030
chip04,26001,27000,4,1000,79333,83749,90263,6922,6941,6962,75948,79183,79333,80370,80500,81502,82511,82592,82667,83658,83749,84759,84858,85860,86860,86976,88043,89135,90263,92384,111832
chip04,26001,27000,5,1000,75015,80298,85972,6923,6940,6964,70336,73894,75015,76042,77039,77158,78160,78243,79228,79323,80298,80445,81445,81563,82574,83582,83770,84816,85972,88139,111944
chip04,26001,27000,6,1000,71648,73938,77179,6923,6941,6962,69319,71488,71648,72601,72694,72777,72821,73769,73816,73896,73938,74885,74930,75000,75062,76029,76085,76196,77179,78250,82638
chip04,27001,28000,0,1000,85621,90078,110531,6928,6947,6967,81192,84490,85621,86687,86799,87801,87889,88893,88989,89997,90078,91075,91155,92177,92321,93308,94355,110501,110531,111526,113847
chip04,27001,28000,1,1000,85676,89115,110572,6925,6943,6964,79075,84567,85676,85786,86804,86886,87895,87959,88951,89039,89115,90088,90176,91185,92222,92332,93379,94458,110572,111645,113905
chip04,27001,28000,2,1000,87857,110571,111752,6925,6943,6964,79116,85681,87857,88981,90056,91156,92233,93253,93412,110526,110571,110589,110607,110623,110657,111690,111710,111727,111752,112833,114010
chip04,27001,28000,3,1000,83703,91263,111806,6923,6943,6964,78012,82506,83703,85694,85899,86937,88009,89048,89206,90251,91263,92311,92416,93484,110649,110672,110689,110715,111806,111846,113041
chip04,27001,28000,4,1000,78217,82544,88055,6924,6943,6963,73758,77123,78217,79233,79312,80291,80404,80480,81475,81554,82544,82630,83639,83722,84729,84848,85872,86966,88055,90173,111855
chip04,27001,28000,5,1000,78232,83764,91283,6923,6943,6965,73722,77095,78232,79320,80368,81408,81545,82544,82630,83655,83764,84770,85787,85903,86919,87046,88144,89259,91283,93505,112995
chip04,27001,28000,6,1000,72581,74959,77268,6924,6943,6964,68119,71462,72581,72730,72794,73757,73815,73889,73936,74899,74959,75013,75057,76020,76066,76133,77109,77164,77268,78335,81556
chip04,28001,29000,0,1000,86608,90064,110522,6925,6943,6963,82264,85482,86608,86756,87757,87850,88842,88913,89001,89984,90064,91061,91142,92133,92220,92297,93312,94330,110522,111511,113803
chip04,28001,29000,1,1000,85783,90105,110564,6922,6938,6959,82267,85626,85783,86832,87841,87938,88894,88982,89060,90041,90105,90199,91194,91278,92245,92326,93362,94426,110564,110632,115015
chip04,28001,29000,2,1000,89013,110599,112825,6922,6938,6959,80095,86883,89013,90108,91210,92274,93301,93438,110553,110585,110599,110614,110634,111661,111703,111722,111737,111754,112825,112878,115157
chip04,28001,29000,3,1000,81424,88015,110679,6922,6939,6959,75876,80237,81424,82508,83574,84610,84764,85820,86882,87920,88015,89064,90096,90224,91289,92423,94447,110649,110679,110745,113013
chip04,28001,29000,4,1000,80272,83743,90255,6921,6938,6959,75886,79189,80272,80396,81409,81507,82523,82614,83598,83664,83743,84722,84799,85812,85905,86937,88000,89108,90255,92401,111823
chip04,28001,29000,5,1000,77139,81566,88120,6921,6939,6960,73735,76969,77139,78224,79239,79337,80324,80412,80504,81465,81566,82574,82674,83672,84693,84815,85865,86965,88120,91288,111913
chip04,28001,29000,6,1000,72703,75013,78231,6922,6939,6960,68077,71670,72703,72769,73764,73845,73902,74854,74897,74973,75013,75962,76008,76067,76119,77063,77142,77222,78231,78374,82648
chip04,29001,30000,0,1000,85450,88880,93243,6927,6944,6963,81148,84403,85450,85639,86643,86733,86830,87779,87840,88794,88880,88954,89943,90040,90986,91097,91192,92192,93243,110485,112641
chip04,29001,30000,1,1000,89998,94380,111711,6923,6942,6961,83513,88933,89998,90142,91121,91211,92222,92291,93292,93384,94380,110530,110550,110572,110594,110653,111651,111678,111711,112762,115066
chip04,29001,30000,2,1000,87962,110547,111738,6923,6941,6962,81265,86779,87962,89038,90132,91171,92203,92336,93358,94379,110547,110571,110584,110597,110610,110627,111662,111711,111738,111782,114037
chip04,29001,30000,3,1000,84654,91334,111783,6924,6941,6962,78014,83489,84654,85777,86873,87948,88975,89113,90158,91193,91334,92372,93448,110595,110635,110652,110670,110694,111783,111821,115316
chip04,29001,30000,4,1000,81405,85855,92385,6924,6942,6962,75885,80329,81405,82464,82558,83577,83679,84662,84749,84834,85855,86870,86973,87995,88090,89122,90168,91254,92385,94551,112974
chip04,29001,30000,5,1000,78077,81516,87113,6925,6942,6962,74807,77073,78077,78210,79177,79282,80253,80356,80451,81441,81516,82497,82606,83620,83745,84748,85790,86860,87113,89183,111856
chip04,29001,30000,6,1000,73717,77063,80404,6924,6942,6963,70198,72673,73717,73863,74855,74940,75007,75964,76029,76103,77063,77122,77189,78168,78224,78309,79282,79383,80404,81506,85942
chip04,30001,31000,0,1000,86722,91119,110533,6920,6944,6979,83276,85657,86722,87759,88739,88874,89865,89972,90058,91040,91119,92117,92197,93177,93273,94283,110451,110502,110533,111584,113808
chip04,30001,31000,1,1000,92253,111448,112788,6921,6949,6981,86759,91077,92253,93287,94336,110479,110519,110534,110550,110573,111448,111617,111642,111665,111679,111694,111718,112735,112788,112830,115092
chip04,30001,31000,2,1000,110411,111681,112859,6920,6947,6981,86793,92320,110411,110516,110538,110563,110588,111594,111649,111664,111681,111694,111704,111722,111757,112776,112811,112832,112859,113923,117093
chip04,30001,31000,3,1000,81114,85717,92348,6921,6948,6980,74532,79299,81114,81420,82476,82569,83558,83661,84663,84748,85717,85821,86804,86931,87946,88925,89116,90230,92348,110542,113883
chip04,30001,31000,4,1000,82574,88044,110653,6920,6948,6980,78076,81429,82574,83642,84678,85696,85865,86858,86941,87938,88044,89041,89177,90202,91219,91347,92415,94402,110653,110730,112995
chip04,30001,31000,5,1000,78163,82497,89140,6920,6949,6981,74814,77078,78163,79178,79296,80289,80379,81342,81432,81520,82497,82582,83595,83718,84741,85784,86868,87975,89140,92340,111847
chip04,30001,31000,6,1000,74914,78227,82521,6920,6948,6980,71469,74740,74914,75923,76033,76982,77059,77142,78053,78165,78227,78289,79245,79319,79388,80368,80488,81500,82521,83658,89111
chip04,31001,32000,0,1000,89885,93319,111619,6918,6931,6952,84382,88804,89885,89996,91008,91116,92107,92186,93159,93225,93319,94294,110463,110488,110506,110537,111564,111595,111619,112652,113778
chip04,31001,32000,1,1000,91088,110541,111718,6916,6931,6958,84550,89992,91088,92112,92249,93223,93302,93371,94374,110519,110541,110555,110568,110584,110606,111655,111678,111698,111718,112778,113944
chip04,31001,32000,2,1000,91188,110593,112836,6918,6931,6958,85649,89999,91188,92259,93348,94390,110522,110544,110556,110569,110593,111647,111672,111686,111699,111714,111729,112795,112836,112874,115119
chip04,31001,32000,3,1000,82479,89070,110664,6918,6932,6959,76950,81250,82479,83519,84637,84792,85827,86880,87918,88040,89070,90088,90218,91274,92334,93379,94447,110633,110664,111778,112993
chip04,31001,32000,4,1000,85825,91312,110743,6917,6933,6961,79234,84635,85825,86899,87945,88962,89087,90036,90178,91188,91312,92340,92455,93478,94503,110665,110683,110705,110743,111844,114130
chip04,31001,32000,5,1000,81346,85829,92381,6918,6932,6959,74801,80244,81346,81519,82549,83562,83672,84643,84738,84832,85829,85929,86923,87036,88079,89078,89202,90325,92381,93589,113009
chip04,31001,32000,6,1000,75943,79234,82626,6917,6932,6958,72382,74888,75943,76034,77021,77110,77174,78135,78196,78273,79234,79294,79376,80324,80403,80477,81457,81572,82626,83722,88089
chip04,32001,33000,0,1000,92135,110526,112706,6919,6932,6951,86589,91043,92135,93187,94203,110413,110453,110474,110488,110506,110526,111561,111588,111601,111612,111627,111645,111681,112706,112751,114976
chip04,32001,33000,1,1000,91136,110556,111752,6917,6932,6954,83462,89993,91136,92205,93238,93358,94343,110507,110534,110547,110556,110571,110592,111640,111673,111687,111700,111716,111752,112808,115023
chip04,32001,33000,2,1000,110499,111690,112878,6917,6931,6954,87739,93271,110499,110532,110550,110563,110586,111654,111671,111681,111690,111697,111705,111716,111733,112804,112830,112851,112878,113979,116293
chip04,32001,33000,3,1000,81298,86905,110670,6918,6932,6954,75745,80180,81298,81443,82521,83550,83661,84694,85755,85891,86905,87973,89019,90104,91177,92321,93466,110634,110670,111785,114137
chip04,32001,33000,4,1000,85786,92362,111790,6918,6932,6953,78136,84594,85786,86911,87962,89009,89126,90157,91215,91331,92362,92470,93463,94480,110650,110673,110694,110716,111790,111829,113016
chip04,32001,33000,5,1000,80296,83743,89134,6918,6932,6952,75877,79230,80296,81330,81438,81526,82510,82601,83584,83668,83743,84710,84784,85753,85885,86888,86991,88013,89134,91350,113013
chip04,32001,33000,6,1000,75931,78269,82554,6919,6932,6954,71464,74897,75931,76030,77008,77081,77148,78101,78158,78224,78269,79243,79305,79373,80351,80397,81389,81516,82554,83679,90194
chip04,33001,34000,0,1000,94215,111595,112732,6922,6936,6956,87591,93063,94215,110415,110443,110461,110479,110510,111563,111584,111595,111605,111615,111624,111635,111649,112669,112711,112732,112757,114942
chip04,33001,34000,1,1000,93292,110598,112796,6919,6933,6954,84415,92117,93292,94321,110508,110531,110542,110554,110564,110580,110598,111644,111666,111683,111694,111704,111714,111741,112796,112831,115054
chip04,33001,34000,2,1000,93295,111641,112819,6919,6934,6954,86705,92102,93295,110490,110524,110538,110550,110563,110576,110601,111641,111670,111684,111696,111707,111716,111730,111758,112819,112857,115096
chip04,33001,34000,3,1000,85691,92330,111773,6920,6934,6954,76898,83479,85691,86858,87918,88959,89109,90159,91189,91318,92330,93337,93428,94463,110625,110649,110667,110697,111773,111806,114140
chip04,33001,34000,4,1000,83648,90211,110703,6919,6934,6953,79188,82526,83648,84773,85834,86865,86976,87988,89032,90083,90211,91224,91319,92341,93368,93515,110632,110678,110703,111789,112967
chip04,33001,34000,5,1000,81508,85864,92350,6920,6935,6954,76915,81357,81508,82544,83557,83663,84641,84734,84806,85786,85864,86824,86953,87961,88066,89099,90153,91246,92350,94508,113051
chip04,33001,34000,6,1000,74872,78103,80494,6919,6934,6953,71351,74757,74872,75878,75976,76040,76987,77036,77097,77144,78103,78155,78234,79161,79240,79308,79381,80359,80494,81561,85884
chip04,34001,35000,0,1000,110468,111639,113790,6922,6935,6954,91944,110416,110468,111549,111564,111575,111584,111593,111604,111618,111639,112667,112687,112697,112711,112719,112731,112751,113790,113834,114978
chip04,34001,35000,1,1000,93300,111657,112828,6919,6934,6953,87816,92197,93300,110467,110506,110522,110536,110550,110570,111633,111657,111672,111685,111697,111707,111722,112751,112802,112828,112856,115136
chip04,34001,35000,2,1000,87793,94263,111700,6919,6933,6952,81103,86640,87793,88917,89955,90110,91152,92189,92331,93280,94263,110519,110541,110554,110568,110582,110599,111672,111700,111733,113978
chip04,34001,35000,3,1000,82485,88001,110653,6919,6933,6951,76890,81371,82485,83524,84590,84697,85696,85821,86840,87871,88001,89034,90070,90205,91249,92317,93401,110613,110653,111744,112979
chip04,34001,35000,4,1000,83489,89027,110684,6920,6933,6952,78048,82399,83489,83649,84693,85721,85830,86852,87874,87986,89027,89158,90181,91203,91307,92379,93415,110630,110684,110746,113052
chip04,34001,35000,5,1000,82548,86878,92292,6920,6933,6952,76962,81455,82548,83583,83686,84689,84781,85757,85845,86790,86878,86961,87937,88018,89041,89126,90160,90303,92292,93536,112980
chip04,34001,35000,6,1000,77030,80418,85809,6919,6933,6953,73617,75925,77030,78045,78153,78247,79220,79304,80264,80339,80418,81384,81457,81532,82551,82654,83661,84719,85809,86997,110723
chip04,35001,36000,0,1000,111513,111651,113809,6921,6939,6961,90975,110409,111513,111548,111563,111575,111587,111598,111608,111622,111651,112675,112690,112701,112711,112722,112735,112756,113809,113840,116043
chip04,35001,36000,1,1000,110449,111664,112823,6919,6936,6958,87661,93198,110449,110493,110506,110522,110541,110569,111637,111653,111664,111674,111688,111695,111706,111727,112779,112803,112823,112866,115094
chip04,35001,36000,2,1000,90022,110508,111694,6919,6936,6959,85540,88957,90022,91064,91182,92186,92262,93276,93350,94342,110508,110535,110548,110564,110579,110593,110639,111673,111694,111729,113945
chip04,35001,36000,3,1000,83536,91151,111763,6919,6936,6958,77849,82338,83536,84636,85699,86730,86915,87952,88989,90056,91151,92230,92419,94404,110600,110629,110654,110731,111763,111793,114080
chip04,35001,36000,4,1000,84556,90080,110692,6919,6935,6958,79089,83457,84556,85625,85796,86811,86919,87943,88973,89078,90080,90175,91173,91307,92329,93400,94478,110657,110692,111768,112985
chip04,35001,36000,5,1000,83515,86872,91260,6920,6936,6960,78003,82419,83515,83635,84627,84693,84780,85760,85840,86811,86872,86947,87928,87999,88090,89100,89212,90213,91260,92464,111893
chip04,35001,36000,6,1000,80246,84711,89214,6919,6936,6958,74729,79164,80246,80369,81383,81511,82516,82614,83605,83713,84711,84802,85787,85877,86909,87031,88038,89079,89214,91255,111850
chip04,36001,37000,0,1000,111535,112661,113781,6928,6948,6967,92972,110408,111535,111559,111572,111582,111592,111601,111612,111628,112661,112689,112703,112715,112726,112736,112747,112767,113781,113835,114989
chip04,36001,37000,1,1000,110490,111676,112844,6925,6944,6965,89970,110455,110490,110509,110526,110546,111593,111638,111655,111667,111676,111686,111698,111712,111729,112764,112797,112815,112844,113921,115111
chip04,36001,37000,2,1000,93317,111647,112804,6925,6944,6966,84510,92159,93317,110464,110512,110529,110543,110559,110575,110604,111647,111661,111670,111681,111692,111703,111718,111746,112804,112833,115117
chip04,36001,37000,3,1000,85816,92444,111769,6925,6945,6964,79067,84692,85816,87808,88001,89028,90062,90178,91190,92236,92444,93423,94435,110599,110626,110641,110654,110683,111769,111798,112996
chip04,36001,37000,4,1000,84638,91236,111752,6925,6944,6965,79113,83474,84638,85767,86823,87882,88007,89020,90082,90188,91236,92252,92387,93452,110600,110637,110658,110681,111752,111809,114135
chip04,36001,37000,5,1000,84604,88041,93443,6924,6945,6966,79043,83579,84604,84718,85687,85802,86777,86865,86952,87950,88041,89006,89081,89173,90157,90288,91323,92361,93443,110682,112970
chip04,36001,37000,6,1000,79157,82506,87003,6925,6945,6965,74691,78095,79157,79329,80289,80364,81311,81393,81468,81550,82506,82576,83541,83628,83702,84717,84864,85885,87003,89080,110697
chip04,37001,38000,0,1000,111547,112709,113851,6925,6944,6964,110351,111529,111547,111565,111584,111608,112656,112676,112689,112699,112709,112718,112726,112738,112760,113788,113814,113831,113851,113912,116107
chip04,37001,38000,1,1000,110496,111680,112855,6922,6940,6961,89949,110473,110496,110522,111547,111627,111643,111655,111666,111673,111680,111691,111712,112736,112786,112805,112820,112834,112855,113943,115147
chip04,37001,38000,2,1000,110528,111696,112873,6922,6940,6961,91020,110505,110528,110559,111635,111655,111664,111672,111679,111687,111696,111709,111726,112773,112797,112815,112827,112840,112873,113953,115143
chip04,37001,38000,3,1000,87893,94461,111778,6923,6940,6962,81187,85787,87893,89008,90065,91121,91257,92279,92414,93426,94461,110600,110617,110631,110649,110666,111720,111750,111778,112880,115194
chip04,37001,38000,4,1000,85704,92239,111776,6922,6940,6960,79028,83617,85704,86802,87850,88004,89033,90056,90167,91234,92239,92349,93399,94440,110627,110647,110665,110692,111776,111817,114096
chip04,37001,38000,5,1000,84739,89078,110648,6923,6941,6961,81369,84582,84739,85787,86786,86896,86981,87958,88017,89001,89078,89140,90104,90180,91177,91255,92333,93420,110648,110714,113033
chip04,37001,38000,6,1000,79208,82552,86905,6923,6940,6962,74667,78081,79208,80222,80335,81318,81369,81445,81550,82484,82552,82600,83576,83661,84651,84731,84816,85878,86905,88032,93497
chip04,38001,39000,0,1000,111543,112724,114895,6926,6944,6964,110281,111521,111543,111572,112653,112669,112681,112691,112700,112713,112724,112738,113762,113787,113804,113817,113833,113851,114895,114937,117107
chip04,38001,39000,1,1000,110474,111685,112868,6926,6941,6962,92094,110444,110474,110507,111600,111630,111645,111657,111666,111674,111685,111695,111709,112767,112793,112812,112826,112843,112868,113949,116244
chip04,38001,39000,2,1000,110512,111694,112850,6924,6941,6963,88756,110488,110512,110531,110576,111642,111658,111671,111679,111687,111694,111704,111714,111726,111761,112799,112815,112831,112850,113889,116253
chip04,38001,39000,3,1000,91171,110625,111793,6923,6942,6962,83466,89982,91171,92223,93277,93379,110549,110587,110601,110612,110625,110635,110648,110670,111726,111749,111764,111777,111793,112889,114106
chip04,38001,39000,4,1000,85657,91238,111760,6924,6941,6962,80103,84508,85657,86706,86853,87888,88910,89044,90108,91120,91238,92310,93396,94449,110619,110644,110659,110690,111760,111803,112948
chip04,38001,39000,5,1000,85754,91273,111815,6923,6941,6962,79110,84574,85754,86819,87830,87982,89025,90042,90160,91166,91273,92319,93351,93494,110622,110663,110686,110712,111815,111856,113055
chip04,38001,39000,6,1000,81321,86812,94481,6923,6941,6962,76841,80219,81321,81465,82486,82614,83655,84693,85671,85806,86812,86945,87964,88113,89166,90223,91320,92425,94481,110689,113011
chip04,39001,40000,0,1000,112634,113775,114915,6924,6939,6958,111446,111530,112634,112654,112665,112680,112690,112701,112712,112742,113775,113792,113803,113814,113823,113833,113846,113865,114915,114944,117254
chip04,39001,40000,1,1000,110471,111689,112871,6920,6937,6955,89861,110438,110471,110497,110539,111628,111647,111656,111665,111677,111689,111704,111723,112781,112802,112813,112824,112835,112871,113939,115140
chip04,39001,40000,2,1000,111636,112793,113936,6921,6936,6955,93164,111607,111636,111650,111663,111673,111685,111697,111724,112775,112793,112807,112816,112823,112832,112843,112857,113899,113936,113971,117394
chip04,39001,40000,3,1000,93414,111722,112875,6920,6937,6956,86661,92248,93414,110562,110586,110602,110616,110630,110647,110686,111722,111740,111750,111760,111770,111782,111792,111811,112875,112922,115302
chip04,39001,40000,4,1000,87965,94362,111791,6920,6937,6956,82293,86807,87965,89033,90084,91112,91265,92263,92347,93363,94362,110587,110621,110638,110650,110667,110693,111759,111791,111813,114085
chip04,39001,40000,5,1000,91199,110666,111860,6921,6936,6956,85662,90075,91199,92249,93261,93425,94424,110609,110632,110651,110666,110681,110704,111776,111798,111814,111824,111840,111860,112989,114192
chip04,39001,40000,6,1000,81433,89047,110712,6921,6937,6955,74625,80298,81433,82515,83564,84619,84755,85805,86903,87960,89047,90135,91220,92308,93370,94488,110657,110680,110712,111810,114153
chip04,40001,41000,0,1000,111566,113659,114925,6919,6942,6976,110300,111507,111566,112609,112646,112664,112675,112687,112701,112719,113659,113764,113788,113804,113817,113830,113851,114777,114925,114956,118362
chip04,40001,41000,1,1000,111599,112772,113976,6921,6946,6979,110209,111512,111599,111626,111648,111663,111690,112685,112729,112757,112772,112789,112804,112819,112838,113844,113898,113933,113976,115052,118485
chip04,40001,41000,2,1000,111458,111707,113822,6921,6948,6980,92107,110480,111458,111602,111625,111642,111655,111664,111674,111684,111707,112676,112757,112777,112791,112804,112816,112834,113822,113944,116080
chip04,40001,41000,3,1000,90014,110586,112894,6920,6947,6980,84411,88802,90014,91073,91186,92261,93299,94303,110450,110553,110586,110606,110628,111609,111712,111736,111761,112842,112894,114035,116487
chip04,40001,41000,4,1000,87873,93414,111759,6920,6946,6979,81238,86732,87873,88949,89954,90139,91141,92176,92303,93310,93414,110501,110576,110602,110621,110640,111510,111732,111759,111799,115210
chip04,40001,41000,5,1000,93250,111779,112998,6920,6946,6979,85706,91225,93250,94355,110569,110609,110631,110652,110688,111738,111779,111797,111808,111822,111833,111848,111870,112969,112998,113035,115337
chip04,40001,41000,6,1000,86853,92232,110687,6921,6947,6980,78945,85696,86853,87863,87988,89013,89155,90117,91128,91237,92232,92336,92433,93405,94400,110524,110641,110666,110687,111772,114084
chip04,41001,42000,0,1000,112674,113831,114989,6918,6931,6952,111467,112655,112674,112698,113754,113786,113797,113806,113814,113823,113831,113842,113856,114891,114917,114932,114945,114959,114989,116045,118363
chip04,41001,42000,1,1000,111631,112808,113968,6917,6930,6956,110406,111612,111631,111645,111663,111715,112759,112775,112787,112797,112808,112819,112829,112846,113851,113905,113929,113947,113968,115066,116229
chip04,41001,42000,2,1000,110529,111689,112862,6917,6931,6958,93213,110475,110529,111610,111625,111638,111648,111655,111664,111676,111689,111711,112754,112784,112800,112810,112825,112838,112862,113947,115167
chip04,41001,42000,3,1000,91095,110622,112835,6917,6932,6956,83395,89006,91095,92178,93214,93382,110539,110578,110594,110607,110622,110639,111694,111727,111743,111756,111767,111789,112835,112905,115218
chip04,41001,42000,4,1000,86757,91203,110669,6917,6931,6955,82305,85689,86757,87795,87932,88945,89025,90015,90112,91094,91203,92213,92292,93277,93391,94419,110611,110635,110669,111772,112958
chip04,41001,42000,5,1000,92257,110683,112943,6916,6931,6956,82423,91107,92257,93292,93412,94473,110626,110643,110658,110670,110683,110704,111776,111804,111816,111829,111842,111859,112943,113007,114248
chip04,41001,42000,6,1000,85648,90118,110665,6918,6931,6955,80142,83614,85648,85816,86838,87841,87938,88053,89043,90040,90118,90230,91207,91315,92330,93378,93507,110625,110665,110715,112949
chip04,42001,43000,0,1000,113750,114919,116082,6919,6933,6953,112609,112666,113750,113777,113793,113806,113818,113833,113868,114906,114919,114929,114941,114951,114967,114997,116040,116062,116082,117113,119545
chip04,42001,43000,1,1000,112709,113888,115075,6917,6931,6952,110418,111620,112709,112750,112767,112779,112793,112809,113816,113871,113888,113901,113914,113930,113950,114996,115024,115048,115075,116186,118543
chip04,42001,43000,2,1000,110503,111684,112852,6917,6932,6954,90971,110465,110503,111612,111630,111642,111654,111662,111669,111677,111684,111696,111712,112763,112790,112809,112821,112835,112852,113918,115122
chip04,42001,43000,3,1000,92166,110614,111794,6917,6931,6954,86651,90104,92166,93249,93461,110536,110565,110581,110594,110604,110614,110628,110641,111691,111732,111748,111764,111778,111794,112856,114078
chip04,42001,43000,4,1000,88891,93310,111760,6917,6931,6955,83418,87769,88891,89052,90034,91021,91152,92141,92218,92301,93310,94350,110564,110600,110619,110638,110667,111737,111760,111797,114036
chip04,42001,43000,5,1000,93240,110694,112985,6918,6932,6954,85656,91175,93240,93400,110591,110626,110642,110653,110663,110678,110694,111785,111809,111825,111835,111846,111857,111877,112985,113020,115354
chip04,42001,43000,6,1000,84664,89106,110651,6917,6932,6954,80151,83572,84664,85724,86720,86829,86943,87925,88018,89009,89106,90110,90197,91211,92229,92364,93412,94520,110651,110706,112982
chip04,43001,44000,0,1000,113794,114965,117194,6922,6937,6955,112608,113767,113794,113816,113863,114891,114910,114923,114933,114948,114965,115988,116028,116043,116057,116072,116093,117148,117194,117224,120623
chip04,43001,44000,1,1000,111634,113817,115057,6920,6934,6952,110376,111602,111634,112715,112743,112756,112766,112778,112791,112804,113817,113870,113885,113899,113912,113926,113950,115021,115057,115082,117403
chip04,43001,44000,2,1000,111607,112760,113931,6919,6935,6955,92048,110492,111607,111631,111644,111654,111664,111673,111688,111728,112760,112778,112789,112799,112810,112822,112835,112858,113931,113978,117426
chip04,43001,44000,3,1000,110541,111718,112888,6919,6934,6954,89912,110502,110541,110559,110569,110583,110606,111668,111695,111709,111718,111726,111734,111743,111754,111769,111806,112867,112888,112923,115231
chip04,43001,44000,4,1000,87792,91216,111706,6919,6934,6953,82333,86735,87792,87899,88891,89004,89992,90072,91019,91128,91216,92210,92321,93311,93433,110567,110604,110631,111706,111772,112993
chip04,43001,44000,5,1000,93314,111796,113008,6920,6934,6954,87768,92154,93314,110584,110612,110634,110651,110665,110703,111783,111796,111806,111817,111824,111836,111850,111875,112980,113008,113032,115360
chip04,43001,44000,6,1000,83502,86928,92309,6919,6935,6954,79085,82415,83502,83603,84606,84722,85709,85782,86775,86855,86928,87883,87951,88050,89031,90013,90205,91249,92309,94438,112906
chip04,44001,45000,0,1000,114892,116061,117261,6919,6933,6949,112619,113828,114892,114916,114934,114954,114983,116013,116034,116048,116061,116073,116085,116104,117148,117180,117201,117222,117261,118351,121830
chip04,44001,45000,1,1000,111673,113892,115104,6918,6932,6951,110360,111597,111673,112731,112749,112766,112780,112796,112823,113868,113892,113907,113922,113936,113959,114981,115039,115062,115104,116202,118608
chip04,44001,45000,2,1000,111606,112750,113940,6917,6931,6949,110378,110477,111606,111631,111644,111654,111662,111672,111680,111702,112750,112782,112799,112810,112819,112831,112842,112871,113940,113971,116276
chip04,44001,45000,3,1000,110538,111717,112887,6917,6931,6949,89935,110494,110538,110560,110574,110586,110601,110627,111688,111707,111717,111726,111736,111745,111754,111765,111782,112838,112887,112921,115203
chip04,44001,45000,4,1000,88804,91197,110620,6917,6931,6950,83364,87792,88804,88911,89022,89988,90060,90118,91081,91147,91197,92179,92231,92310,93280,93386,94385,110583,110620,111705,112918
chip04,44001,45000,5,1000,91099,110640,111870,6918,6932,6952,85593,89915,91099,92128,92243,93275,94268,110579,110611,110624,110640,110653,110669,110701,111797,111817,111834,111848,111870,112982,114231
chip04,44001,45000,6,1000,86865,92234,110694,6918,6931,6950,82382,85755,86865,87916,88956,89064,90062,90176,91165,91246,92234,92335,93339,93433,94452,110624,110650,110668,110694,111776,113016
chip04,45001,46000,0,1000,114891,116063,118306,6921,6937,6956,112617,113808,114891,114912,114930,114950,114999,116018,116035,116050,116063,116074,116102,117146,117171,117189,117212,117247,118306,118372,121857
chip04,45001,46000,1,1000,112766,115012,116222,6919,6935,6955,111561,112727,112766,112824,113864,113882,113898,113912,113927,113954,115012,115031,115043,115056,115069,115090,116161,116196,116222,117346,118601
chip04,45001,46000,2,1000,111589,111694,112888,6919,6934,6956,94102,110460,111589,111613,111626,111637,111645,111655,111665,111677,111694,112731,112779,112793,112804,112816,112829,112845,112888,113954,115122
chip04,45001,46000,3,1000,110568,111759,112936,6919,6935,6956,92052,110533,110568,111655,111699,111713,111720,111732,111740,111749,111759,111770,111787,112852,112878,112893,112904,112918,112936,114046,115269
chip04,45001,46000,4,1000,89928,93321,111745,6919,6935,6956,84514,88786,89928,90060,91067,91150,91232,92195,92288,93262,93321,93400,94398,110581,110601,110618,110638,110710,111745,111789,114072
chip04,45001,46000,5,1000,92096,110643,111847,6919,6934,6955,85532,90052,92096,92245,93250,93379,94372,110599,110616,110629,110643,110654,110668,110700,111783,111800,111813,111826,111847,112969,115417
chip04,45001,46000,6,1000,86904,93252,111785,6919,6935,6956,82338,85723,86904,87943,88969,89985,90121,91128,91237,92256,93252,93383,94394,110589,110625,110647,110664,110698,111785,111815,114145
chip04,46001,47000,0,1000,114921,117159,119443,6925,6942,6962,113720,114885,114921,115981,116016,116032,116048,116068,117125,117147,117159,117168,117182,117203,117231,118291,118311,118337,119443,119552,124168
chip04,46001,47000,1,1000,112769,115011,116244,6923,6939,6961,111519,112728,112769,113844,113869,113885,113897,113914,113933,113975,115011,115030,115044,115061,115088,116155,116187,116211,116244,117357,118592
chip04,46001,47000,2,1000,111615,112781,113954,6922,6939,6961,110369,111592,111615,111630,111642,111655,111674,112735,112757,112772,112781,112789,112797,112806,112815,112826,112846,113920,113954,113977,116254
chip04,46001,47000,3,1000,110525,111722,112898,6923,6940,6961,89837,110501,110525,110539,110556,110577,111651,111689,111702,111712,111722,111730,111740,111750,111761,111776,112853,112876,112898,112932,116379
chip04,46001,47000,4,1000,92090,110585,111788,6921,6939,6960,86697,91014,92090,92223,93261,93346,94331,110538,110561,110574,110585,110594,110606,110621,110685,111735,111752,111767,111788,112894,114099
chip04,46001,47000,5,1000,94290,111783,113001,6922,6939,6959,88764,92201,94290,110559,110581,110595,110613,110633,111725,111768,111783,111795,111805,111815,111827,111843,112936,112976,113001,114149,115438
chip04,46001,47000,6,1000,91102,110644,112934,6922,6938,6960,84397,89950,91102,92184,93231,93374,94436,110601,110618,110630,110644,110658,110684,111758,111782,111798,111816,111833,112934,112974,115306
chip04,47001,48000,0,1000,115988,117184,119463,6927,6946,6965,113770,114923,115988,116028,116047,116063,116086,117114,117152,117171,117184,117207,117229,118281,118308,118324,118345,118388,119463,120590,125295
chip04,47001,48000,1,1000,112749,113930,116200,6923,6943,6964,111520,112717,112749,112766,112786,113852,113880,113896,113905,113916,113930,113946,114975,115036,115054,115071,115089,115120,116200,116241,118508
chip04,47001,48000,2,1000,111619,112788,113961,6925,6943,6963,110397,111592,111619,111635,111654,112727,112755,112765,112773,112780,112788,112795,112805,112819,112837,113896,113922,113943,113961,114000,116290
chip04,47001,48000,3,1000,110526,111739,112909,6925,6942,6964,89940,110503,110526,110548,110567,110613,111696,111714,111723,111732,111739,111747,111757,111767,111780,111803,112866,112890,112909,112934,115174
chip04,47001,48000,4,1000,92138,110587,111792,6924,6943,6964,87776,91065,92138,93133,93263,93331,94313,110533,110560,110576,110587,110599,110609,110625,111696,111734,111750,111770,111792,112882,114120
chip04,47001,48000,5,1000,93305,110655,112959,6925,6944,6963,86656,92160,93305,110549,110574,110587,110596,110608,110618,110630,110655,111758,111779,111789,111801,111813,111825,111843,112959,112991,114223
chip04,47001,48000,6,1000,93223,111756,112955,6924,6943,6963,85570,91113,93223,94403,110578,110598,110610,110624,110639,110671,111756,111774,111788,111796,111808,111819,111835,111879,112955,112984,116453
chip04,48001,49000,0,1000,114925,117148,118356,6923,6940,6958,113725,114898,114925,115987,116029,116047,116058,116070,116086,116110,117148,117167,117184,117195,117211,117231,118289,118321,118356,119473,120723
chip04,48001,49000,1,1000,112725,113931,116197,6921,6936,6957,110330,111624,112725,112747,112766,112790,113860,113887,113905,113916,113931,113943,113959,115003,115039,115065,115084,116136,116197,117310,119668
chip04,48001,49000,2,1000,111609,112789,113960,6921,6937,6955,110322,111588,111609,111624,111638,111655,111695,112756,112770,112780,112789,112798,112806,112814,112827,112850,113912,113939,113960,114014,116240
chip04,48001,49000,3,1000,110560,111758,112920,6920,6937,6956,90858,110529,110560,111622,111699,111712,111720,111729,111737,111748,111758,111767,111778,111804,112858,112875,112887,112900,112920,113990,115212
chip04,48001,49000,4,1000,92173,110599,111834,6921,6937,6956,85495,91087,92173,93192,93318,94348,110543,110558,110574,110585,110599,110613,111698,111730,111744,111758,111771,111789,111834,112922,115222
chip04,48001,49000,5,1000,110531,111783,112988,6921,6937,6957,89957,93296,110531,110561,110584,110603,110623,111722,111755,111770,111783,111793,111802,111813,111835,112928,112952,112972,112988,113023,115340
chip04,48001,49000,6,1000,110561,111776,112957,6920,6937,6956,84408,93313,110561,110586,110601,110619,110640,110676,111743,111765,111776,111787,111795,111804,111812,111821,111837,112920,112957,112986,115306
chip04,49001,50000,0,1000,116107,118367,121761,6922,6939,6963,114831,116031,116107,117165,117190,117209,118267,118295,118317,118343,118367,119428,119460,119483,119507,120567,120623,120668,121761,121854,125390
chip04,49001,50000,1,1000,112711,112841,115059,6920,6937,6963,110390,111580,112711,112737,112753,112766,112776,112787,112798,112809,112841,113897,113916,113930,113943,113953,113967,113989,115059,115103,116289
chip04,49001,50000,2,1000,112726,113898,115110,6920,6938,6961,110380,111627,112726,112750,112764,112777,112788,112807,113836,113882,113898,113913,113924,113938,113956,115005,115052,115074,115110,116219,118546
chip04,49001,50000,3,1000,110532,111739,112915,6921,6937,6961,90999,110503,110532,110552,110611,111682,111699,111714,111723,111731,111739,111748,111761,111773,111809,112858,112881,112897,112915,112945,115272
chip04,49001,50000,4,1000,93277,111714,112918,6919,6937,6960,86567,92160,93277,110494,110527,110547,110564,110582,110626,111698,111714,111728,111736,111746,111758,111773,112841,112896,112918,112946,115255
chip04,49001,50000,5,1000,110524,111775,112985,6919,6938,6961,88846,93215,110524,110558,110576,110596,110613,111726,111752,111765,111775,111784,111794,111804,111818,111842,112939,112965,112985,113022,116544
chip04,49001,50000,6,1000,92123,110637,111847,6920,6937,6960,84385,90987,92123,93282,94320,110570,110592,110602,110614,110625,110637,110652,110672,111763,111782,111794,111805,111820,111847,112953,115289
chip04,50001,51000,0,1000,117156,119432,121770,6919,6936,6972,114815,116950,117156,117181,118045,118269,118301,118321,118343,118384,119432,119460,119475,119492,119520,120603,120641,120668,121770,121843,124182
chip04,50001,51000,1,1000,112728,113950,116225,6918,6937,6976,111446,112678,112728,112765,113760,113862,113884,113898,113908,113924,113950,114992,115024,115044,115060,115080,116138,116188,116225,117364,122123
chip04,50001,51000,2,1000,112714,113900,115101,6918,6937,6975,111458,112665,112714,112737,112759,112796,113818,113857,113875,113888,113900,113912,113922,113938,113962,115025,115056,115072,115101,116195,117450
chip04,50001,51000,3,1000,110523,111727,112909,6918,6938,6976,88663,110483,110523,111568,111657,111677,111688,111697,111707,111718,111727,111738,111755,112781,112839,112861,112878,112891,112909,114000,115307
chip04,50001,51000,4,1000,110509,111728,112941,6918,6938,6975,90898,110473,110509,110534,110572,111624,111668,111690,111703,111717,111728,111741,111757,112735,112839,112868,112889,112904,112941,114044,115256
chip04,50001,51000,5,1000,110537,111788,113020,6919,6939,6975,88842,110489,110537,110566,111565,111694,111725,111748,111764,111775,111788,111805,111830,112822,112924,112947,112967,112987,113020,114117,115374
chip04,50001,51000,6,1000,93291,110624,111860,6918,6938,6975,87713,92164,93291,110320,110519,110545,110564,110578,110591,110607,110624,110660,111714,111747,111762,111776,111794,111812,111860,112919,114122
chip04,51001,52000,0,1000,116097,118361,120688,6919,6931,6951,113752,116055,116097,117178,117200,117220,117238,118279,118327,118346,118361,118377,118399,119485,119508,119526,119545,120654,120688,121843,125409
chip04,51001,52000,1,1000,112763,115015,116219,6917,6931,6952,111503,112733,112763,113842,113878,113892,113905,113917,113936,113962,115015,115034,115048,115060,115079,115100,116162,116190,116219,117325,119716
chip04,51001,52000,2,1000,111614,112806,113983,6917,6930,6952,111525,111581,111614,112724,112747,112760,112769,112778,112788,112797,112806,112821,112857,113904,113920,113932,113947,113959,113983,115067,116267
chip04,51001,52000,3,1000,110527,111742,112914,6917,6931,6953,92045,110498,110527,110569,111671,111694,111704,111713,111722,111732,111742,111753,111768,111805,112850,112864,112882,112894,112914,114003,115240
chip04,51001,52000,4,1000,110521,111728,112931,6918,6931,6952,92047,110496,110521,110546,110574,111673,111689,111701,111712,111720,111728,111736,111749,111764,111805,112870,112895,112913,112931,114025,115240
chip04,51001,52000,5,1000,93223,111737,112945,6917,6933,6957,87708,92118,93223,110495,110532,110552,110565,110581,110596,110617,111737,111759,111770,111781,111791,111802,111816,111836,112945,112985,114179
chip04,51001,52000,6,1000,94280,111730,112900,6918,6932,6952,88874,93191,94280,110543,110567,110584,110595,110608,110623,110644,111730,111751,111764,111775,111786,111795,111807,111823,112900,112950,114131
chip04,52001,53000,0,1000,116078,118379,120729,6921,6936,6958,113715,116040,116078,117169,117201,117220,117240,117277,118341,118361,118379,118404,119482,119506,119527,119546,120634,120676,120729,121850,125350
chip04,52001,53000,1,1000,112757,115017,116279,6919,6934,6957,111517,112730,112757,112822,113880,113896,113914,113930,113947,113968,115017,115039,115057,115074,115089,115114,116180,116221,116279,117351,119682
chip04,52001,53000,2,1000,112759,113958,116211,6919,6934,6955,110337,111636,112759,112781,112808,113869,113890,113907,113921,113937,113958,115004,115027,115040,115054,115068,115091,116182,116211,116275,119683
chip04,52001,53000,3,1000,110535,111747,112933,6918,6933,6956,89704,110507,110535,111664,111684,111701,111714,111722,111730,111738,111747,111761,111777,112830,112856,112872,112888,112904,112933,114022,116413
chip04,52001,53000,4,1000,110524,111743,112934,6919,6933,6958,92053,110501,110524,110554,111669,111695,111708,111716,111724,111734,111743,111753,111766,111807,112872,112890,112904,112915,112934,114018,115307
chip04,52001,53000,5,1000,110532,111782,112981,6919,6935,6959,90967,110493,110532,110552,110582,111700,111738,111753,111764,111773,111782,111791,111800,111815,111846,112939,112955,112967,112981,113040,115337
chip04,52001,53000,6,1000,110547,111764,112948,6918,6934,6955,91024,110517,110547,110561,110577,110594,111700,111731,111748,111757,111764,111771,111780,111790,111808,111832,112910,112931,112948,112979,115274
chip04,53001,54000,0,1000,117247,119539,123017,6924,6939,6957,116017,117199,117247,118338,118368,118388,118422,119493,119507,119523,119539,119564,120648,120675,120697,121796,121842,121873,123017,124194,127782
chip04,53001,54000,1,1000,113868,115059,117357,6921,6935,6956,111506,112748,113868,113891,113912,113934,114979,115017,115033,115047,115059,115079,116113,116163,116186,116208,116234,117313,117357,118481,119726
chip04,53001,54000,2,1000,112730,113907,115101,6920,6936,6956,110329,112694,112730,112749,112763,112777,112796,113840,113882,113896,113907,113919,113928,113941,113953,113993,115041,115064,115101,116193,119730
chip04,53001,54000,3,1000,111677,112856,114023,6921,6936,6956,89843,111649,111677,111693,111703,111714,111727,111737,111765,112835,112856,112870,112881,112891,112901,112912,112926,112978,114023,114058,116353
chip04,53001,54000,4,1000,111665,112878,114068,6921,6935,6957,110437,110516,111665,111694,111708,111721,111732,111747,111772,112861,112878,112892,112900,112909,112918,112931,112947,114041,114068,114095,117650
chip04,53001,54000,5,1000,110516,111766,112979,6921,6937,6960,89849,110459,110516,110534,110546,110566,111699,111737,111748,111758,111766,111775,111784,111794,111805,111834,112937,112960,112979,113003,114204
chip04,53001,54000,6,1000,110555,111768,112957,6921,6936,6955,86541,110526,110555,110577,111690,111719,111733,111742,111750,111757,111768,111779,111792,111818,112892,112906,112923,112937,112957,114061,116449
chip04,54001,55000,0,1000,118405,121799,125341,6922,6938,6962,116059,118345,118405,119491,119523,119565,120640,120659,120675,120707,121799,121824,121840,121876,122989,123016,124147,124184,125341,126504,130089
chip04,54001,55000,1,1000,113854,115036,116221,6920,6936,6960,111473,112725,113854,113883,113896,113909,113920,113929,113944,113969,115036,115053,115066,115080,115092,115112,116143,116197,116221,116257,118611
chip04,54001,55000,2,1000,112725,113882,115048,6919,6935,6959,110250,111602,112725,112743,112755,112766,112777,112787,112800,112825,113882,113900,113911,113920,113934,113949,113962,113982,115048,115093,117406
chip04,54001,55000,3,1000,111691,112877,114034,6920,6936,6960,110413,111669,111691,111702,111714,111739,112819,112848,112858,112870,112877,112886,112893,112900,112911,112924,112960,114008,114034,114076,117561
chip04,54001,55000,4,1000,111693,112889,114093,6920,6935,6958,110446,111674,111693,111711,111730,112821,112850,112863,112871,112878,112889,112897,112906,112927,114022,114046,114059,114073,114093,115207,117609
chip04,54001,55000,5,1000,110514,111765,112985,6920,6938,6961,92066,110489,110514,110536,110570,111713,111728,111742,111750,111757,111765,111773,111781,111793,111812,112921,112947,112969,112985,113009,115333
chip04,54001,55000,6,1000,110524,111758,112941,6920,6935,6958,90914,110495,110524,110543,110557,110573,110590,111690,111733,111750,111758,111768,111775,111784,111793,111809,111856,112919,112941,112963,115237
chip04,55001,56000,0,1000,119473,122988,126512,6923,6940,6962,116048,118349,119473,119518,120600,120655,120696,121804,121833,122899,122988,123003,123026,124142,124168,124191,125323,125358,126512,127703,132424
chip04,55001,56000,1,1000,113902,116151,117381,6921,6938,6961,112657,113873,113902,113928,114990,115018,115036,115052,115072,115113,116151,116169,116184,116201,116221,117264,117311,117343,117381,118489,122013
chip04,55001,56000,2,1000,112732,113882,115062,6921,6937,6958,111504,111639,112732,112748,112759,112769,112778,112788,112796,112817,113882,113902,113913,113924,113935,113946,113958,113981,115062,115103,116287
chip04,55001,56000,3,1000,111686,112891,114074,6920,6938,6959,110356,111658,111686,111719,112821,112838,112851,112861,112873,112881,112891,112906,113950,113988,114005,114018,114032,114049,114074,115173,117499
chip04,55001,56000,4,1000,111724,112933,115221,6921,6937,6959,110423,111674,111724,112821,112841,112853,112864,112875,112886,112902,112933,114005,114023,114034,114049,114062,114082,114122,115221,115258,118835
chip04,55001,56000,5,1000,110496,111756,112990,6922,6942,6967,89760,110469,110496,110517,110565,111705,111720,111729,111739,111748,111756,111766,111782,111811,112917,112939,112955,112969,112990,114083,115336
chip04,55001,56000,6,1000,110592,111799,114080,6921,6937,6959,92089,110531,110592,111710,111725,111736,111746,111758,111766,111779,111799,111825,112896,112917,112930,112945,112965,112998,114080,114119,116472
chip04,56001,57000,0,1000,121788,124202,128822,6927,6947,6968,118296,120654,121788,121827,122946,122979,123004,124126,124147,124164,124202,125317,125338,125371,126493,126522,126555,127695,128822,130027,135897
chip04,56001,57000,1,1000,115003,116202,118518,6924,6944,6966,112683,114962,115003,115026,115055,116120,116143,116156,116172,116184,116202,117256,117294,117315,117330,117348,118434,118478,118518,119652,123247
chip04,56001,57000,2,1000,112733,113912,115089,6924,6944,6966,111483,112713,112733,112750,112768,112790,113863,113884,113894,113903,113912,113923,113930,113939,113950,113968,115024,115060,115089,115130,118523
chip04,56001,57000,3,1000,111675,112877,114078,6925,6943,6966,110377,111651,111675,111703,112799,112823,112837,112850,112860,112868,112877,112888,112905,112945,113995,114011,114028,114048,114078,115179,117509
chip04,56001,57000,4,1000,111686,112905,115199,6924,6944,6965,110414,111652,111686,112807,112829,112845,112853,112864,112874,112888,112905,112953,114015,114026,114039,114053,114067,114086,115199,115257,116488
chip04,56001,57000,5,1000,111677,111779,112989,6926,6946,6968,110422,110508,111677,111694,111709,111719,111727,111736,111746,111761,111779,112881,112905,112917,112930,112940,112949,112961,112989,114108,116529
chip04,56001,57000,6,1000,111692,112898,114104,6924,6944,6966,92060,111659,111692,111705,111718,111730,111746,111766,112860,112882,112898,112910,112920,112932,112943,112961,114041,114077,114104,115226,117650
chip04,57001,58000,0,1000,121786,125319,128900,6929,6949,6969,117197,120652,121786,121830,122957,122987,123018,124136,124166,124187,125319,125350,125378,126509,126540,127667,127710,127757,128900,130093,135954
chip04,57001,58000,1,1000,115029,117313,119652,6926,6945,6965,112697,114972,115029,115057,116141,116162,116175,116192,116213,116263,117313,117329,117349,117366,117397,118475,118502,118539,119652,119727,124341
chip04,57001,58000,2,1000,112740,113916,115106,6926,6945,6965,111511,112718,112740,112758,112783,113853,113879,113891,113900,113910,113916,113927,113939,113957,115015,115045,115065,115083,115106,116191,118532
chip04,57001,58000,3,1000,111718,114012,115249,6925,6944,6966,110384,111673,111718,112831,112852,112867,112882,112898,112919,113985,114012,114025,114036,114049,114064,114102,115184,115211,115249,116376,121131
chip04,57001,58000,4,1000,111677,112888,114096,6924,6945,6965,110393,111650,111677,111704,112822,112838,112851,112862,112870,112877,112888,112902,112923,114014,114033,114048,114062,114074,114096,115236,116500
chip04,57001,58000,5,1000,110511,111764,112997,6928,6948,6970,91938,110482,110511,110547,111690,111705,111718,111729,111740,111749,111764,111782,112883,112901,112915,112930,112944,112957,112997,114114,115321
chip04,57001,58000,6,1000,111662,111772,112996,6925,6944,6965,93080,110515,111662,111695,111710,111721,111731,111739,111747,111757,111772,111795,112880,112909,112923,112936,112949,112967,112996,114103,115308
chip04,58001,59000,0,1000,122953,125403,129988,6925,6942,6962,117186,121793,122953,122984,124105,124149,124175,125293,125327,125347,125403,126495,126519,126545,127676,127698,127756,128872,129988,130065,134775
chip04,58001,59000,1,1000,115012,117292,119638,6921,6939,6959,112629,114984,115012,115030,115075,116145,116162,116178,116193,116227,117292,117313,117326,117348,117384,118474,118499,118525,119638,119682,124351
chip04,58001,59000,2,1000,112750,113927,115111,6922,6938,6960,111486,112726,112750,112782,113853,113876,113890,113900,113909,113918,113927,113942,113967,115027,115048,115064,115076,115091,115111,116212,118550
chip04,58001,59000,3,1000,112835,114048,116362,6922,6939,6960,110394,112807,112835,112853,112877,113967,113992,114009,114021,114033,114048,115111,115160,115175,115187,115199,115216,116301,116362,116394,119927
chip04,58001,59000,4,1000,111655,112876,114086,6921,6938,6959,110407,111638,111655,111673,111692,112806,112834,112845,112856,112867,112876,112887,112900,112914,114002,114025,114046,114060,114086,115206,116491
chip04,58001,59000,5,1000,111687,112909,114132,6923,6943,6963,110432,111665,111687,111705,111724,111752,112852,112873,112890,112900,112909,112919,112928,112939,112955,112987,114079,114110,114132,114161,116478
chip04,58001,59000,6,1000,111646,111764,112996,6922,6939,6960,93160,110486,111646,111688,111704,111714,111724,111731,111738,111752,111764,111784,112885,112908,112921,112933,112948,112963,112996,114103,115283
chip04,59001,60000,0,1000,121812,125352,129992,6932,6957,6976,117187,121722,121812,122943,122983,124113,124136,124163,125296,125321,125352,126473,126493,126513,127636,127676,127707,128854,129992,130069,134771
chip04,59001,60000,1,1000,115012,117248,118544,6929,6952,6975,112728,113896,115012,115037,115072,116147,116165,116181,116197,116218,117248,117303,117325,117344,117366,117432,118475,118501,118544,119670,123131
chip04,59001,60000,2,1000,112791,115035,116263,6927,6952,6973,111566,112733,112791,113873,113891,113904,113913,113930,113949,115007,115035,115055,115066,115079,115096,115128,116200,116233,116263,117369,120896
chip04,59001,60000,3,1000,112769,113982,115196,6927,6952,6974,110381,111655,112769,112819,112833,112845,112855,112867,112882,112906,113982,114007,114020,114030,114041,114056,114073,115151,115196,115228,116416
chip04,59001,60000,4,1000,111654,112866,114084,6927,6952,6975,110359,111633,111654,111670,111690,112789,112827,112841,112849,112858,112866,112873,112884,112896,112932,114023,114045,114065,114084,115220,116418
chip04,59001,60000,5,1000,111704,112934,114169,6929,6954,6975,110421,111680,111704,111727,112849,112877,112892,112904,112914,112924,112934,112945,112971,114057,114082,114098,114117,114132,114169,115294,117607
chip04,59001,60000,6,1000,110542,111761,112990,6927,6952,6974,90832,110485,110542,111686,111699,111709,111719,111730,111739,111750,111761,111781,112880,112904,112917,112929,112940,112958,112990,114087,115307
chip04,60001,61000,0,1000,120646,122977,125421,6923,6945,6978,118258,119554,120646,120689,120744,121776,121841,121866,121896,122899,122977,123025,123056,123874,124137,124213,124952,125354,125421,126562,130127
chip04,60001,61000,1,1000,115025,116228,118481,6922,6946,6982,112651,113928,115025,115049,115069,115093,116122,116182,116201,116215,116228,116243,116267,117222,117335,117369,117402,117447,118481,118594,120811
chip04,60001,61000,2,1000,112743,113927,115122,6923,6948,6982,111494,112697,112743,112766,112783,112798,112833,113827,113887,113912,113927,113942,113955,113966,113979,113998,114055,115073,115122,115158,117465
chip04,60001,61000,3,1000,111700,112910,114086,6923,6948,6982,110355,111662,111700,111727,112627,112829,112859,112877,112890,112900,112910,112923,112936,112966,113959,114031,114049,114066,114086,114964,116426
chip04,60001,61000,4,1000,111683,112901,114107,6924,6948,6982,110281,111654,111683,111703,111727,112609,112803,112856,112876,112888,112901,112911,112926,112945,113015,114023,114060,114082,114107,114192,116536
chip04,60001,61000,5,1000,112894,114116,116422,6923,6950,6983,111616,112847,112894,112917,112951,113961,114041,114071,114086,114103,114116,114137,114179,115230,115270,115288,115308,115342,116422,116501,120027
chip04,60001,61000,6,1000,111694,112852,114093,6923,6950,6983,110344,111422,111694,111726,111740,111755,111767,111782,111796,111823,112852,112900,112927,112942,112958,112973,112990,113017,114093,114139,115406
chip04,61001,62000,0,1000,120666,122988,125412,6921,6934,6953,117244,119536,120666,120702,120749,121812,121847,121876,121908,121962,122988,123030,123061,123094,124152,124207,124253,125328,125412,126518,130024
chip04,61001,62000,1,1000,115067,117356,118599,6919,6933,6957,113851,115037,115067,115114,116197,116214,116229,116237,116255,116293,117356,117375,117391,117401,117420,117464,118535,118563,118599,119730,120980
chip04,61001,62000,2,1000,112775,113961,115155,6919,6933,6957,111520,112751,112775,112791,112806,112824,112862,113925,113939,113950,113961,113971,113982,113995,114009,115046,115113,115134,115155,115207,118633
chip04,61001,62000,3,1000,111739,112954,114136,6920,6933,6958,111608,111703,111739,112872,112886,112899,112909,112919,112931,112941,112954,112969,114031,114055,114066,114081,114094,114111,114136,115236,116434
chip04,61001,62000,4,1000,111721,112934,114139,6919,6934,6958,110413,111699,111721,111745,112867,112884,112897,112908,112916,112925,112934,112944,112957,112978,114068,114086,114100,114117,114139,115256,116536
chip04,61001,62000,5,1000,112922,114158,116509,6920,6934,6959,111673,112896,112922,112952,112983,114091,114107,114121,114131,114142,114158,114202,115291,115308,115321,115335,115357,116462,116509,116568,118915
chip04,61001,62000,6,1000,110570,111812,113035,6920,6934,6958,92043,110523,110570,111725,111749,111761,111772,111779,111789,111800,111812,111828,112932,112957,112974,112989,113002,113016,113035,114146,116502
chip04,62001,63000,0,1000,120630,123011,125429,6922,6937,6957,116047,119527,120630,120695,120724,121805,121848,121876,121895,121930,123011,123034,123055,123087,124180,124222,124248,125378,125429,126579,130115
chip04,62001,63000,1,1000,116187,118484,120847,6920,6934,6957,113800,115077,116187,116208,116241,117328,117346,117369,117390,117415,118484,118511,118529,118552,118597,119660,119687,119726,120847,120940,124403
chip04,62001,63000,2,1000,112752,113933,115127,6920,6934,6956,111499,112729,112752,112764,112776,112797,112837,113896,113914,113925,113933,113944,113954,113965,113979,115043,115084,115106,115127,115186,117475
chip04,62001,63000,3,1000,112842,114026,115215,6920,6934,6955,110378,111694,112842,112864,112875,112886,112899,112913,112929,113996,114026,114037,114051,114063,114074,114088,114104,115178,115215,115246,117607
chip04,62001,63000,4,1000,111676,112903,114121,6920,6935,6955,110423,111653,111676,111697,111745,112845,112864,112873,112883,112892,112903,112912,112926,112945,114036,114060,114077,114093,114121,115254,116496
chip04,62001,63000,5,1000,112866,113011,115306,6919,6935,6958,110435,111715,112866,112900,112916,112926,112937,112946,112959,112973,113011,114095,114110,114128,114143,114160,114180,114225,115306,115353,117750
chip04,62001,63000,6,1000,111684,112864,114101,6920,6934,6956,110408,110505,111684,111706,111720,111732,111741,111753,111763,111780,112864,112912,112930,112944,112955,112965,112983,113006,114101,114147,116429
chip04,63001,64000,0,1000,119591,121902,125380,6923,6938,6956,117154,119517,119591,120685,120714,120739,121802,121850,121870,121886,121902,121936,123023,123044,123064,123095,124207,124244,125380,126558,130115
chip04,63001,64000,1,1000,115042,116259,118590,6920,6935,6952,112667,115012,115042,115067,115097,116179,116199,116214,116224,116239,116259,117336,117363,117382,117405,117434,118507,118544,118590,119689,123320
chip04,63001,64000,2,1000,112760,113955,115152,6920,6934,6952,111486,112737,112760,112779,112800,113888,113909,113925,113936,113946,113955,113967,113983,114016,115073,115095,115111,115124,115152,116258,118602
chip04,63001,64000,3,1000,112832,114029,115232,6921,6935,6953,110393,111683,112832,112861,112875,112887,112897,112909,112939,114013,114029,114043,114057,114071,114083,114101,114145,115205,115232,115279,117579
chip04,63001,64000,4,1000,111699,112919,115230,6920,6935,6953,111616,111663,111699,112820,112850,112866,112877,112887,112895,112906,112919,112941,114032,114060,114076,114086,114100,114119,115230,115298,117665
chip04,63001,64000,5,1000,112885,114099,115351,6921,6935,6954,111629,111736,112885,112908,112926,112944,112955,112967,112984,114041,114099,114118,114133,114149,114163,114185,115261,115311,115351,116468,117748
chip04,63001,64000,6,1000,111714,112930,114136,6920,6935,6953,110412,111672,111714,111729,111741,111753,111768,111777,111797,112906,112930,112945,112957,112970,112979,112988,113003,113040,114136,114170,115375
chip04,64001,65000,0,1000,119499,121779,124154,6923,6939,6960,117191,118394,119499,119539,119569,120623,120673,120705,120724,120746,121779,121839,121864,121891,121917,122961,123027,123070,124154,124249,126628
chip04,64001,65000,1,1000,115071,117344,118604,6920,6936,6956,112659,115037,115071,115099,116178,116206,116222,116235,116250,116272,117344,117361,117379,117398,117418,117457,118534,118566,118604,119725,122133
chip04,64001,65000,2,1000,112773,113978,116267,6921,6936,6957,111506,112741,112773,112808,113905,113922,113933,113943,113951,113965,113978,114029,115078,115093,115105,115123,115145,116213,116267,116308,118613
chip04,64001,65000,3,1000,111721,112942,115208,6921,6936,6959,110407,111674,111721,112855,112869,112879,112889,112900,112909,112923,112942,114009,114038,114055,114069,114082,114094,114122,115208,115248,116458
chip04,64001,65000,4,1000,111736,112949,115239,6922,6936,6958,111613,111673,111736,112846,112861,112873,112885,112895,112907,112923,112949,114039,114066,114079,114091,114102,114116,114133,115239,115283,116503
chip04,64001,65000,5,1000,112889,114120,115347,6921,6937,6958,111625,111765,112889,112907,112924,112940,112956,112982,114074,114104,114120,114132,114144,114156,114179,114209,115292,115317,115347,115416,117762
chip04,64001,65000,6,1000,111702,112928,114142,6922,6936,6958,110432,111686,111702,111719,111731,111742,111751,111766,111783,112896,112928,112942,112954,112964,112976,112989,113003,113044,114142,114174,116458
chip04,65001,66000,0,1000,120677,123010,125402,6924,6941,6962,116100,119553,120677,120721,121804,121843,121869,121893,121914,122978,123010,123045,123068,123094,124157,124207,124245,125307,125402,126563,131294
chip04,65001,66000,1,1000,115067,116316,118596,6922,6938,6959,112709,115034,115067,115087,115116,116200,116225,116242,116259,116277,116316,117362,117387,117407,117424,117451,118513,118562,118596,119735,122120
chip04,65001,66000,2,1000,113913,115113,117402,6922,6938,6958,111500,113879,113913,113934,113952,113996,115054,115074,115087,115100,115113,115130,116185,116228,116247,116263,116280,116317,117402,117486,120951
chip04,65001,66000,3,1000,112857,114043,115242,6923,6937,6958,110393,111706,112857,112875,112885,112897,112905,112917,112934,112963,114043,114058,114068,114080,114095,114107,114125,115209,115242,115277,117616
chip04,65001,66000,4,1000,112863,114089,115318,6922,6938,6960,111595,112841,112863,112877,112889,112907,112930,114040,114064,114077,114089,114099,114108,114123,114140,115237,115280,115298,115318,115348,117710
chip04,65001,66000,5,1000,112893,114129,115363,6923,6939,6961,111634,111772,112893,112912,112928,112941,112958,113001,114097,114116,114129,114137,114149,114163,114186,115287,115313,115334,115363,116494,118885
chip04,65001,66000,6,1000,111717,112946,114170,6923,6938,6959,110432,111699,111717,111730,111743,111754,111769,111800,112918,112937,112946,112956,112966,112977,112987,113001,113022,114138,114170,114197,116510
chip04,66001,67000,0,982,119612,121985,125407,6924,6942,6965,117199,119541,119612,120694,120735,120770,120825,121873,121910,121934,121985,123044,123074,123104,123155,124216,124266,124323,125407,126591,131298
chip04,66001,67000,1,982,115084,117350,119723,6923,6939,6964,113756,115043,115084,115128,116191,116229,116250,116272,116286,116311,117350,117386,117416,117446,117484,118541,118582,118628,119723,119883,123316
chip04,66001,67000,2,982,112846,115041,116291,6923,6939,6963,111522,112762,112846,113900,113926,113941,113958,113979,114001,114032,115041,115087,115115,115129,115147,115173,115211,116250,116291,116351,119752
chip04,66001,67000,3,982,112886,114085,115290,6922,6939,6963,110382,112850,112886,112905,112922,112940,112967,114031,114060,114072,114085,114096,114108,114125,114143,114162,115152,115252,115290,115358,117667
chip04,66001,67000,4,982,112894,114127,115367,6921,6938,6962,111607,112860,112894,112927,112995,114056,114080,114096,114106,114117,114127,114141,114160,114203,115272,115294,115312,115332,115367,116485,117739
chip04,66001,67000,5,982,112945,114197,116527,6922,6940,6964,110471,112893,112945,113000,114082,114107,114119,114134,114153,114171,114197,114269,115290,115316,115337,115363,115389,116463,116527,116618,119043
chip04,66001,67000,6,982,111740,112987,114235,6923,6939,6964,110450,111711,111740,111765,111794,112885,112931,112949,112960,112974,112987,113000,113018,113052,114110,114145,114168,114197,114235,115304,116614
chip04,67001,68000,0,1000,118505,120831,123181,6925,6939,6958,116129,118464,118505,118557,119647,119667,119685,119709,120763,120810,120831,120851,120871,120944,121986,122013,122037,122080,123181,124338,129107
chip04,67001,68000,1,1000,115146,116357,118665,6923,6937,6956,112750,115090,115146,115162,115180,115202,115250,116303,116326,116341,116357,116373,116399,117446,117477,117505,117532,117580,118665,119753,123310
chip04,67001,68000,2,1000,112842,114057,115255,6923,6937,6956,111584,112818,112842,112864,112920,114000,114015,114025,114035,114049,114057,114069,114085,114131,115178,115196,115215,115231,115255,116352,117622
chip04,67001,68000,3,1000,112944,114162,115344,6923,6937,6955,111675,112922,112944,112961,112979,113012,114114,114132,114143,114151,114162,114170,114179,114191,114209,115274,115304,115322,115344,115419,117686
chip04,67001,68000,4,1000,112961,114184,115421,6923,6937,6955,111715,112939,112961,112983,113010,114114,114138,114152,114163,114175,114184,114194,114206,114234,115347,115368,115388,115406,115421,116547,117814
chip04,67001,68000,5,1000,114184,116527,117803,6923,6938,6960,111775,114151,114184,114211,114245,115358,115376,115391,115406,115432,116527,116554,116570,116588,116604,116653,117752,117776,117803,118941,121351
chip04,67001,68000,6,1000,111782,113038,114272,6924,6938,6956,110532,111758,111782,111801,111819,111869,112994,113009,113019,113030,113038,113049,113057,113068,113081,114167,114230,114251,114272,114319,116691
chip04,68001,69000,0,1000,118527,120851,123205,6925,6938,6957,116141,118475,118527,119633,119661,119681,119700,119719,120792,120834,120851,120870,120892,121978,122014,122033,122053,123167,123205,124357,129100
chip04,68001,69000,1,1000,115121,116330,117547,6924,6937,6955,112736,113997,115121,115150,115164,115177,115188,115201,115228,116315,116330,116343,116356,116371,116381,116405,117481,117524,117547,117597,119886
chip04,68001,69000,2,1000,112862,114070,115308,6924,6937,6957,111572,112834,112862,113981,114007,114021,114034,114042,114050,114061,114070,114086,115161,115198,115212,115225,115237,115253,115308,116390,117588
chip04,68001,69000,3,1000,112966,114181,115393,6924,6937,6958,111676,112940,112966,112987,113024,114128,114142,114155,114162,114169,114181,114189,114203,114222,115307,115334,115350,115367,115393,116519,117728
chip04,68001,69000,4,1000,112957,114197,115435,6923,6936,6956,111650,112935,112957,112978,113011,114135,114154,114165,114175,114185,114197,114208,114219,114237,115329,115373,115396,115416,115435,116594,117785
chip04,68001,69000,5,1000,113011,115368,117689,6924,6938,6959,111688,112986,113011,113097,114173,114194,114211,114224,114245,114274,115368,115388,115405,115423,115444,115486,116580,116619,117689,118934,122553
chip04,68001,69000,6,1000,111808,113065,115360,6924,6937,6957,110535,111773,111808,112972,112999,113015,113025,113033,113041,113055,113065,113090,114203,114228,114243,114256,114269,114293,115360,115453,117854
chip04,69001,70000,0,1000,118524,120926,125550,6927,6946,6967,116129,118474,118524,119641,119674,119698,119748,120833,120862,120880,120926,122016,122039,122074,123194,123222,124352,124398,125550,126720,130345
chip04,69001,70000,1,1000,115149,116361,117578,6926,6943,6964,112745,115105,115149,115168,115182,115196,115217,116316,116337,116350,116361,116370,116379,116395,116421,117509,117532,117555,117578,118705,121017
chip04,69001,70000,2,1000,114013,115205,116400,6926,6942,6964,112764,113974,114013,114034,114052,114068,114085,115153,115177,115194,115205,115214,115224,115239,115251,115284,116358,116378,116400,117501,119890
chip04,69001,70000,3,1000,112970,114188,115387,6926,6942,6962,111703,112948,112970,112993,114091,114134,114147,114157,114166,114175,114188,114199,114210,114239,115316,115332,115346,115362,115387,116518,118854
chip04,69001,70000,4,1000,112991,114238,116569,6926,6942,6962,111636,112958,112991,114091,114143,114158,114173,114184,114196,114211,114238,115322,115351,115375,115387,115400,115420,115475,116569,116611,119009
chip04,69001,70000,5,1000,114183,115439,117802,6925,6944,6967,111730,114146,114183,114202,114230,115347,115374,115391,115407,115422,115439,115488,116574,116590,116606,116624,116668,117772,117802,118955,122598
chip04,69001,70000,6,1000,112979,114226,115475,6927,6943,6962,110515,112926,112979,112995,113010,113032,113052,114182,114204,114215,114226,114238,114248,114263,114300,115407,115429,115448,115475,116608,119095
chip04,70001,71000,0,1000,121875,124292,127821,6923,6937,6965,118251,120767,121875,121947,121988,123077,123108,123143,124220,124267,124292,124315,125322,125438,125465,125535,126634,126695,127821,128957,134457
chip04,70001,71000,1,1000,115123,116389,118639,6923,6937,6972,113736,115086,115123,115159,116233,116258,116275,116295,116313,116334,116389,117405,117437,117461,117474,117500,117536,118592,118639,118718,122182
chip04,70001,71000,2,1000,113918,115119,116329,6921,6938,6972,112618,112784,113918,113950,113964,113979,113994,114013,114036,115068,115119,115136,115154,115168,115180,115198,115229,116295,116329,116384,119744
chip04,70001,71000,3,1000,114082,115287,117501,6921,6938,6972,111661,114036,114082,114108,114138,115089,115224,115246,115260,115274,115287,115304,115328,116361,116407,116433,116453,116479,117501,117637,121207
chip04,70001,71000,4,1000,114051,115264,116508,6922,6938,6973,111684,112929,114051,114072,114093,114111,114126,114150,114203,115237,115264,115284,115298,115316,115338,115360,116403,116468,116508,116564,118974
chip04,70001,71000,5,1000,114061,115335,116649,6923,6941,6975,111638,112953,114061,114114,114137,114157,114180,114211,115265,115307,115335,115351,115365,115383,115450,116484,116530,116567,116649,117727,121232
chip04,70001,71000,6,1000,112886,114135,115376,6922,6939,6974,110466,111735,112886,112918,112933,112949,112965,112983,113012,114108,114135,114150,114160,114173,114186,114207,114278,115346,115376,115435,117768
chip04,71001,72000,0,1000,120813,123174,126687,6923,6937,6956,118461,119680,120813,120855,121926,121969,122006,122037,123103,123144,123174,123205,124265,124327,124361,125442,125505,125557,126687,127874,133701
chip04,71001,72000,1,1000,115159,117413,118690,6922,6936,6956,113906,115123,115159,115208,116277,116302,116322,116336,116354,116374,117413,117458,117483,117505,117521,117543,117567,118649,118690,118729,121070
chip04,71001,72000,2,1000,113934,114064,116350,6923,6936,6959,111519,112780,113934,113962,113979,113991,114002,114016,114026,114041,114064,115126,115155,115173,115189,115207,115227,115262,116350,116390,118693
chip04,71001,72000,3,1000,114108,115316,117612,6923,6936,6959,112856,114078,114108,114132,114161,115222,115261,115280,115290,115304,115316,115334,115371,116428,116448,116465,116485,116517,117612,117675,120096
chip04,71001,72000,4,1000,114100,115354,117717,6923,6936,6958,111668,114075,114100,114124,114155,115244,115285,115301,115319,115335,115354,115371,116403,116495,116517,116545,116570,117670,117717,117774,121297
chip04,71001,72000,5,1000,114122,115352,116618,6924,6938,6961,111744,112997,114122,114145,114161,114179,114194,114227,115312,115336,115352,115365,115379,115396,115416,115493,116546,116580,116618,117744,119054
chip04,71001,72000,6,1000,112943,114188,115438,6923,6937,6958,111674,112917,112943,112961,112983,113005,114104,114144,114159,114176,114188,114200,114212,114230,114259,115347,115376,115406,115438,116559,120029
chip04,72001,73000,0,1000,121990,125420,129039,6928,6944,6963,118426,121919,121990,123080,123137,123166,123209,124307,124334,124358,125420,125489,125515,125576,126662,126696,127814,127871,129039,130206,138362
chip04,72001,73000,1,1000,115195,117492,119771,6926,6941,6961,113915,115155,115195,116296,116321,116336,116355,116387,117438,117470,117492,117514,117533,117552,117616,118640,118675,118711,119771,119855,123379
chip04,72001,73000,2,1000,113963,115167,116369,6925,6940,6960,111495,112820,113963,113980,113991,114003,114016,114035,115099,115153,115167,115178,115189,115203,115213,115230,116303,116346,116369,116408,118726
chip04,72001,73000,3,1000,114085,115293,116496,6925,6939,6959,112841,114043,114085,114102,114113,114128,114140,114162,115256,115282,115293,115305,115317,115333,115348,115375,116449,116475,116496,116545,120009
chip04,72001,73000,4,1000,114114,115395,117736,6926,6940,6959,112828,114086,114114,114148,115223,115283,115302,115317,115334,115356,115395,116479,116503,116525,116547,116576,117669,117699,117736,118881,120211
chip04,72001,73000,5,1000,113009,114247,116580,6925,6942,6963,111689,112950,113009,114127,114147,114160,114173,114184,114196,114218,114247,115339,115363,115381,115398,115419,115441,116516,116580,116630,118990
chip04,72001,73000,6,1000,112958,114203,116540,6926,6941,6959,111694,112929,112958,112976,112995,113032,114140,114163,114177,114189,114203,114215,114234,115289,115358,115383,115402,115431,116540,116596,120114
chip04,73001,74000,0,1000,120853,124339,127872,6925,6940,6959,117276,120795,120853,121971,122011,123117,123152,123184,124295,124319,124339,125444,125480,125506,125551,126654,126683,127819,127872,129038,132591
chip04,73001,74000,1,1000,116302,118598,120955,6923,6938,6957,115077,116274,116302,116329,116408,117447,117467,117485,117502,117529,118598,118628,118647,118676,118703,119780,119814,119848,120955,122112,126843
chip04,73001,74000,2,1000,113961,115166,116376,6923,6938,6959,112722,113936,113961,113975,113987,114007,114036,115124,115141,115154,115166,115179,115190,115205,115228,116309,116333,116355,116376,117470,118731
chip04,73001,74000,3,1000,114056,115276,116505,6924,6939,6957,111634,112909,114056,114092,114105,114120,114136,114152,114194,115257,115276,115294,115311,115325,115343,116406,116458,116483,116505,117621,120028
chip04,73001,74000,4,1000,114093,115327,116608,6924,6938,6956,111678,114065,114093,114108,114124,114147,115250,115287,115303,115317,115327,115344,115364,115404,116489,116513,116528,116555,116608,117738,121403
chip04,73001,74000,5,1000,114107,115338,116594,6925,6941,6963,111676,112943,114107,114143,114156,114165,114181,114193,114209,114242,115338,115363,115378,115395,115409,115426,115459,116559,116594,116638,119045
chip04,73001,74000,6,1000,112955,114193,115445,6924,6938,6958,111664,112930,112955,112969,112993,114126,114152,114165,114175,114186,114193,114205,114222,114255,115352,115374,115395,115412,115445,116570,118930
chip04,74001,75000,0,1000,121928,125455,129022,6932,6952,6972,118422,120795,121928,121989,123073,123146,123175,124282,124326,124350,125455,125495,125529,126659,126686,127806,127846,128972,129022,130192,134884
chip04,74001,75000,1,1000,116300,118600,119869,6929,6947,6968,115055,116259,116300,117408,117431,117448,117465,117477,117497,118545,118600,118618,118633,118649,118675,119746,119793,119825,119869,120999,123348
chip04,74001,75000,2,1000,113950,115149,116359,6929,6947,6969,112713,113922,113950,113963,113978,113991,114007,114034,115115,115133,115149,115163,115178,115188,115203,115227,116304,116335,116359,116394,119959
chip04,74001,75000,3,1000,114088,115300,117569,6928,6947,6968,112837,114060,114088,114109,114148,115233,115252,115268,115280,115290,115300,115315,115340,116412,116433,116457,116476,116496,117569,117661,121227
chip04,74001,75000,4,1000,114086,115322,116581,6928,6948,6968,112825,114058,114086,114101,114123,114200,115273,115289,115299,115310,115322,115333,115350,115390,116483,116505,116522,116544,116581,117717,120138
chip04,74001,75000,5,1000,114128,115370,116604,6931,6952,6976,112863,114099,114128,114147,114159,114177,114194,115307,115342,115359,115370,115378,115388,115401,115412,115435,116543,116575,116604,116664,119004
chip04,74001,75000,6,1000,114113,115351,116623,6930,6947,6969,111755,112960,114113,114138,114154,114171,114187,114218,115311,115336,115351,115366,115379,115400,116484,116527,116552,116575,116623,117754,120100
chip04,75001,76000,0,1000,123091,126659,133562,6932,6952,6970,119565,121962,123091,123156,124278,124317,125374,125476,125511,126596,126659,127747,127834,128932,129021,130121,131249,132403,133562,134795,141726
chip04,75001,76000,1,1000,116240,118544,119855,6929,6947,6966,113820,116206,116240,116282,117372,117397,117414,117431,117451,117479,118544,118577,118595,118609,118631,118685,119760,119800,119855,120978,123349
chip04,75001,76000,2,1000,113949,115170,117449,6929,6947,6967,112662,113918,113949,113992,115063,115091,115104,115122,115135,115149,115170,115226,116245,116269,116290,116308,116328,116369,117449,117499,119889
chip04,75001,76000,3,1000,114060,115291,117602,6929,6947,6967,112784,114031,114060,114086,114142,115221,115234,115251,115262,115277,115291,115307,116375,116413,116439,116456,116478,116504,117602,117648,120010
chip04,75001,76000,4,1000,114079,116393,117676,6928,6947,6967,112783,114017,114079,115154,115201,115227,115247,115269,115294,115328,116393,116425,116447,116468,116486,116534,117612,117643,117676,117761,121189
chip04,75001,76000,5,1000,114088,115312,116548,6929,6951,6974,112817,112981,114088,114115,114129,114144,114163,114184,114228,115279,115312,115330,115345,115363,115380,115400,115432,116504,116548,116594,118947
chip04,75001,76000,6,1000,114104,115411,117712,6929,6947,6967,112846,114071,114104,114161,115259,115281,115303,115316,115331,115350,115411,116469,116495,116513,116532,116551,116588,117670,117712,117779,121221
chip04,76001,77000,0,1000,125361,129914,135751,6931,6951,6971,119513,124208,125361,126493,126552,127643,127697,127757,128822,128868,129914,130018,130087,131157,131241,132332,133428,134580,135751,137009,147295
chip04,76001,77000,1,1000,116155,117375,118625,6926,6948,6969,113758,115044,116155,116177,116198,116218,116253,117312,117341,117357,117375,117389,117402,117422,118468,118516,118550,118576,118625,119741,123233
chip04,76001,77000,2,1000,113882,115096,117320,6928,6947,6968,112560,113843,113882,113927,115007,115027,115042,115055,115071,115083,115096,115113,115151,116187,116215,116236,116260,116281,117320,117421,119769
chip04,76001,77000,3,1000,113984,115216,117506,6928,6948,6967,112706,113957,113984,114013,114050,115128,115152,115173,115188,115205,115216,115236,115307,116336,116358,116376,116397,116422,117506,117552,119949
chip04,76001,77000,4,1000,113984,116337,117616,6928,6947,6968,112701,113947,113984,115097,115140,115164,115179,115194,115215,116280,116337,116361,116373,116388,116412,116472,117539,117584,117616,118761,120073
chip04,76001,77000,5,1000,114043,115288,116524,6929,6950,6972,112727,114000,114043,114070,114100,115188,115221,115243,115256,115272,115288,115302,115332,116388,116424,116445,116465,116490,116524,117646,118926
chip04,76001,77000,6,1000,114081,116387,117656,6928,6948,6969,112851,114025,114081,115167,115193,115213,115237,115260,115282,115382,116387,116407,116428,116448,116473,116504,117587,117625,117656,118765,121166
chip04,77001,78000,0,1000,125283,129960,134623,6927,6944,6964,120560,124139,125283,125337,126470,127579,127632,127662,128795,128836,129960,129988,131102,131134,131161,132288,132328,133476,134623,135793,140424
chip04,77001,78000,1,1000,116133,117344,118589,6923,6940,6961,113782,115033,116133,116156,116174,116202,117279,117305,117317,117328,117344,117358,117376,118451,118481,118504,118518,118537,118589,119689,124321
chip04,77001,78000,2,1000,114986,116181,117382,6923,6940,6960,112571,113868,114986,115007,115025,115039,115055,115109,116158,116172,116181,116192,116202,116215,116227,116255,117331,117356,117382,118489,119743
chip04,77001,78000,3,1000,113919,115131,116341,6923,6939,6961,112645,112750,113919,113941,113955,113968,113980,113991,114008,114066,115131,115147,115161,115173,115185,115198,115215,116286,116341,116381,118712
chip04,77001,78000,4,1000,113958,116284,117541,6923,6940,6960,112679,113924,113958,115047,115104,115122,115139,115154,115168,115204,116284,116308,116321,116337,116351,116372,117474,117511,117541,117619,121076
chip04,77001,78000,5,1000,114002,115238,117550,6923,6942,6962,112716,113977,114002,114027,114085,115173,115192,115208,115217,115228,115238,115253,115278,116365,116386,116407,116427,116450,117550,117620,121220
chip04,77001,78000,6,1000,113985,115220,117574,6923,6940,6960,112721,113961,113985,114002,114021,114064,115175,115189,115201,115209,115220,115234,115248,115290,116384,116403,116421,116447,117574,117615,119925
chip04,78001,79000,0,1000,128817,134610,140413,6933,6956,6976,120675,127641,128817,129954,131086,131132,132272,132302,133438,133469,134610,134642,135777,135814,136941,137002,138107,139242,140413,141593,148479
chip04,78001,79000,1,1000,116198,118477,119710,6928,6951,6973,114921,116142,116198,117293,117312,117325,117339,117354,117383,118453,118477,118495,118508,118521,118546,119608,119658,119682,119710,120863,126702
chip04,78001,79000,2,1000,114958,116163,117370,6929,6952,6972,112529,113832,114958,114996,115010,115022,115032,115044,115067,116142,116163,116178,116188,116203,116216,116231,117285,117342,117370,117413,119736
chip04,78001,79000,3,1000,113944,115181,117460,6928,6951,6972,112657,113912,113944,113961,113982,114031,115126,115144,115158,115170,115181,115190,115205,115247,116316,116339,116357,116375,117460,117526,119906
chip04,78001,79000,4,1000,115087,116311,117593,6928,6950,6972,112681,113941,115087,115108,115122,115136,115152,115178,116271,116293,116311,116321,116337,116356,116393,117484,117509,117539,117593,118741,122394
chip04,78001,79000,5,1000,115153,116378,117630,6929,6954,6976,112727,114005,115153,115182,115197,115212,115223,115239,115262,116348,116378,116392,116409,116421,116436,116467,117558,117598,117630,118762,120031
chip04,78001,79000,6,1000,114002,115244,117606,6928,6951,6973,112726,113975,114002,114039,115161,115178,115191,115201,115214,115226,115244,116331,116367,116385,116399,116415,116443,117564,117606,118750,123442
chip04,79001,80000,0,1000,125304,129949,135789,6929,6948,6967,120622,124154,125304,126451,126492,127621,127646,128765,128799,128831,129949,129980,131105,131149,132278,132324,133465,134614,135789,138103,146220
chip04,79001,80000,1,1000,117297,119565,121992,6925,6943,6965,114919,117261,117297,117327,117371,118437,118467,118483,118497,118513,119565,119625,119650,119668,119686,120755,120822,120855,121992,123116,127861
chip04,79001,80000,2,1000,114988,116196,117450,6925,6943,6966,112645,114950,114988,115006,115023,115052,116136,116159,116172,116186,116196,116209,116227,116266,117322,117341,117360,117385,117450,118532,120884
chip04,79001,80000,3,1000,113946,115182,116414,6925,6943,6965,112642,113920,113946,113970,114014,115119,115137,115150,115161,115171,115182,115196,115220,116301,116325,116343,116356,116371,116414,117525,121035
chip04,79001,80000,4,1000,115092,116317,118675,6924,6943,6966,112673,113990,115092,115109,115127,115141,115168,116269,116292,116307,116317,116329,116344,116374,117470,117495,117520,117551,118675,118750,121172
chip04,79001,80000,5,1000,115167,116393,117644,6925,6944,6966,113922,115140,115167,115185,115204,115242,116338,116358,116372,116382,116393,116409,116424,116443,117524,117558,117580,117603,117644,118752,120022
chip04,79001,80000,6,1000,114007,116339,117596,6924,6943,6964,112733,113969,114007,115133,115156,115171,115183,115201,115217,115239,116339,116358,116374,116391,116407,116424,117509,117570,117596,118685,122381
chip04,80001,81000,0,1000,125201,128751,133333,6920,6937,6972,120517,124048,125201,125266,126376,126424,127493,127577,127617,128721,128751,128778,129878,129915,129957,131065,131108,132234,133333,134508,141562
chip04,80001,81000,1,1000,117274,119569,121909,6918,6938,6976,114902,117229,117274,117324,118380,118406,118427,118445,118478,119525,119569,119592,119616,119645,120637,120740,120778,120813,121909,121996,128984
chip04,80001,81000,2,1000,114946,116168,118430,6919,6938,6976,112534,114869,114946,114971,114996,115038,116077,116119,116137,116152,116168,116186,116211,117252,117291,117315,117331,117357,118430,118511,120759
chip04,80001,81000,3,1000,113901,115137,116384,6919,6939,6977,112591,113864,113901,113925,113945,115020,115079,115098,115115,115126,115137,115151,115179,116235,116276,116294,116310,116327,116384,117469,119835
chip04,80001,81000,4,1000,115091,116346,118687,6919,6938,6977,113835,115059,115091,115121,116178,116230,116251,116266,116282,116307,116346,117399,117431,117454,117476,117503,118440,118631,118687,119674,122243
chip04,80001,81000,5,1000,115133,116349,117575,6919,6939,6977,113850,115105,115133,115154,115171,115199,116272,116303,116320,116336,116349,116363,116377,116411,117463,117500,117523,117545,117575,118704,119916
chip04,80001,81000,6,1000,115002,116325,118706,6919,6938,6977,112743,113931,115002,115102,115123,115142,115163,115182,116261,116303,116325,116345,116365,116398,117479,117512,117544,118661,118706,119884,123437
chip04,81001,82000,0,1000,122904,126408,131058,6919,6933,6953,120480,121768,122904,124008,124085,124140,125228,125250,125274,126376,126408,126435,127532,127575,127643,128733,128768,129909,131058,132244,136926
chip04,81001,82000,1,1000,117295,119582,121899,6917,6930,6950,114873,117243,117295,118386,118416,118433,118449,118471,119528,119563,119582,119598,119614,119634,120713,120742,120767,120793,121899,121964,124318
chip04,81001,82000,2,1000,114969,117236,118476,6917,6930,6950,112483,114930,114969,116058,116093,116111,116124,116136,116153,116175,117236,117267,117288,117303,117317,117336,117391,118438,118476,119540,122041
chip04,81001,82000,3,1000,113889,115114,116325,6917,6931,6951,112590,113868,113889,113907,113923,113955,115065,115083,115093,115103,115114,115126,115139,115157,116226,116265,116283,116296,116325,117431,119769
chip04,81001,82000,4,1000,116236,118600,119866,6917,6931,6953,113824,116188,116236,116266,116334,117415,117435,117451,117472,117506,118600,118619,118631,118650,118675,118724,119807,119832,119866,121015,124650
chip04,81001,82000,5,1000,115134,116363,118694,6917,6932,6953,113839,115106,115134,115158,115194,116288,116308,116323,116335,116349,116363,116386,117462,117493,117507,117528,117550,117589,118694,118752,121087
chip04,81001,82000,6,1000,115094,116342,118705,6917,6931,6952,112692,113950,115094,115119,115136,115157,116274,116296,116314,116328,116342,116357,116383,117477,117502,117526,117551,118668,118705,119848,122286
chip04,82001,83000,0,1000,122907,126399,129947,6920,6937,6959,119369,121760,122907,124019,124075,124106,125199,125233,125256,126367,126399,126426,127530,127570,127596,128721,128752,129880,129947,131106,135774
chip04,82001,83000,1,1000,118380,119602,121927,6918,6935,6956,116070,117267,118380,118412,118430,118450,118473,119535,119570,119587,119602,119616,119635,120679,120739,120760,120780,120825,121927,123003,125485
chip04,82001,83000,2,1000,116092,117307,119595,6918,6933,6957,113718,116048,116092,116116,116138,116193,117248,117266,117281,117292,117307,117326,117352,118420,118440,118462,118481,118501,119595,119655,122049
chip04,82001,83000,3,1000,113900,115159,117443,6918,6933,6956,112617,113867,113900,113966,115050,115068,115078,115092,115109,115125,115159,116221,116246,116261,116275,116291,116309,117392,117443,117519,120825
chip04,82001,83000,4,1000,115087,117450,119841,6919,6934,6956,112654,115045,115087,115138,116236,116256,116276,116298,117394,117429,117450,117475,117515,118605,118625,118646,118683,119798,119841,121001,123497
chip04,82001,83000,5,1000,116262,117496,118763,6919,6934,6957,113870,115123,116262,116290,116310,116324,116341,116369,117455,117480,117496,117509,117525,117546,117580,118670,118693,118716,118763,119889,122276
chip04,82001,83000,6,1000,115107,116343,118671,6918,6935,6957,113856,115076,115107,115130,115154,116254,116289,116304,116317,116329,116343,116362,116383,117480,117503,117524,117544,117571,118671,118743,122278
chip04,83001,84000,0,1000,122936,126406,129884,6923,6940,6959,119373,122858,122936,124050,124099,125205,125234,125258,125296,126382,126406,126427,126458,127555,127584,127612,128721,128761,129884,131024,136888
chip04,83001,84000,1,1000,118406,120693,123011,6919,6935,6955,116059,118359,118406,118442,119517,119553,119570,119587,119606,119642,120693,120720,120741,120759,120788,121854,121894,121928,123011,123089,126626
chip04,83001,84000,2,1000,116091,117303,119609,6919,6935,6956,113733,114960,116091,116112,116134,116151,116210,117258,117276,117291,117303,117318,117340,118395,118438,118458,118479,118526,119609,119668,123090
chip04,83001,84000,3,1000,113935,116181,117420,6920,6936,6956,112613,113872,113935,115037,115052,115066,115079,115091,115102,115129,116181,116224,116240,116257,116272,116287,116309,117342,117420,117465,119756
chip04,83001,84000,4,1000,115047,116277,118621,6920,6934,6956,113783,114973,115047,115070,115087,115111,116218,116240,116255,116266,116277,116289,116308,117404,117443,117464,117483,117508,118621,118685,121017
chip04,83001,84000,5,1000,116290,117546,119906,6920,6936,6957,113868,116242,116290,116319,116351,117457,117475,117491,117506,117524,117546,118633,118663,118682,118702,118723,119823,119868,119906,121045,124665
chip04,83001,84000,6,1000,115099,116345,118686,6919,6935,6956,112682,115067,115099,115122,115144,115175,116274,116297,116316,116331,116345,116359,116377,116423,117494,117522,117546,117575,118686,118766,121122
chip04,84001,85000,0,1000,124073,127562,132226,6923,6943,6964,120506,122912,124073,124125,125226,125259,126353,126394,126421,127508,127562,127592,128699,128731,128763,129888,129935,131084,132226,133394,138076
chip04,84001,85000,1,1000,118395,120702,122990,6921,6937,6961,116054,118354,118395,118426,119509,119542,119564,119583,119605,120656,120702,120724,120745,120762,120810,121874,121901,121927,122990,123102,127808
chip04,84001,85000,2,1000,116101,117307,119581,6921,6937,6959,113727,116054,116101,116117,116139,116160,117249,117272,117286,117296,117307,117321,117338,117379,118442,118467,118483,118503,119581,119652,123162
chip04,84001,85000,3,1000,113868,115107,117403,6920,6937,6960,112552,113844,113868,113896,115030,115049,115063,115072,115084,115095,115107,115122,116207,116251,116267,116278,116295,116316,117403,117458,119800
chip04,84001,85000,4,1000,115038,116276,117573,6920,6937,6960,112587,113895,115038,115059,115077,115096,115149,116229,116250,116264,116276,116286,116300,116321,117411,117449,117470,117495,117573,118676,121031
chip04,84001,85000,5,1000,115157,117482,118783,6920,6937,6962,113866,115098,115157,116273,116287,116305,116323,116343,116406,117464,117482,117496,117511,117525,117550,118629,118678,118710,118783,119912,123449
chip04,84001,85000,6,1000,115080,116307,117546,6920,6936,6959,112694,113914,115080,115099,115113,115128,115144,115155,115183,116280,116307,116320,116331,116344,116357,116379,117469,117519,117546,118655,121095
chip04,85001,86000,0,1000,120610,124080,127617,6926,6946,6966,118142,120518,120610,121716,121746,122854,122900,122933,124028,124057,124080,124134,125218,125248,125285,126385,126429,127560,127617,128738,135722
chip04,85001,86000,1,1000,118402,120709,123055,6922,6941,6962,115958,118370,118402,119497,119530,119549,119569,119597,120656,120686,120709,120732,120753,120793,121855,121883,121907,121941,123055,124178,128933
chip04,85001,86000,2,1000,116081,117297,119601,6922,6941,6963,114852,116059,116081,116110,116164,117226,117248,117261,117274,117285,117297,117312,118374,118413,118430,118448,118467,118491,119601,119646,121992
chip04,85001,86000,3,1000,115004,116215,117425,6922,6940,6962,112601,113851,115004,115020,115036,115049,115061,115079,115105,116192,116215,116229,116240,116255,116267,116282,117366,117403,117425,117466,119786
chip04,85001,86000,4,1000,115038,116289,118642,6923,6941,6961,112628,115009,115038,115059,115085,116194,116222,116240,116253,116269,116289,116335,117403,117429,117448,117467,117515,118590,118642,119759,122175
chip04,85001,86000,5,1000,115087,116344,118663,6922,6941,6964,113826,115056,115087,115127,116243,116261,116276,116290,116303,116318,116344,117415,117448,117470,117485,117501,117532,118624,118663,119814,122229
chip04,85001,86000,6,1000,115055,116305,118633,6922,6940,6962,112612,113894,115055,115083,115098,115115,115130,116221,116268,116291,116305,116321,116338,116368,117446,117481,117506,117529,118633,118702,124590
chip04,86001,87000,0,1000,122868,125249,128753,6932,6953,6973,120528,121745,122868,122914,124010,124042,124066,124101,125205,125230,125249,125319,126385,126406,126435,127553,127584,128708,128753,129910,134569
chip04,86001,87000,1,1000,119541,120792,123158,6925,6947,6968,117159,118427,119541,119566,119592,120633,120701,120723,120745,120759,120792,121851,121883,121902,121930,122974,123039,123073,123158,124263,126590
chip04,86001,87000,2,1000,116124,118434,119682,6927,6948,6969,114838,116091,116124,117229,117256,117272,117285,117309,118383,118419,118434,118444,118454,118471,118495,119585,119614,119640,119682,120793,123209
chip04,86001,87000,3,1000,114990,116219,117442,6928,6948,6967,112568,113841,114990,115028,115044,115058,115070,115084,115101,115137,116219,116233,116248,116260,116274,116293,116315,117407,117442,117478,119772
chip04,86001,87000,4,1000,115070,116314,118639,6926,6947,6969,113790,115040,115070,115101,116213,116234,116247,116261,116275,116290,116314,117401,117430,117445,117460,117477,117502,118599,118639,118692,121073
chip04,86001,87000,5,1000,116239,117476,118721,6927,6950,6971,113844,115093,116239,116270,116287,116299,116314,116327,116347,117452,117476,117491,117505,117517,117529,117552,118651,118689,118721,119852,123455
chip04,86001,87000,6,1000,113938,116318,118632,6928,6948,6968,112616,113878,113938,115079,115097,115116,115138,115174,116275,116298,116318,116331,116350,116383,117462,117491,117516,117537,118632,118697,121057
chip04,87001,88000,0,1000,121714,124071,127522,6928,6945,6966,118251,120613,121714,121761,122841,122880,122908,122950,124020,124050,124071,124097,125157,125214,125236,125266,126379,126415,127522,127614,132220
chip04,87001,88000,1,1000,119541,120770,123117,6922,6943,6962,117189,118415,119541,119568,119585,119616,120697,120723,120738,120754,120770,120794,121854,121889,121912,121935,121998,123062,123117,124242,125510
chip04,87001,88000,2,1000,117261,119573,120859,6924,6941,6962,114878,117240,117261,117292,118375,118415,118433,118449,118467,118499,119573,119595,119612,119625,119643,119695,120769,120794,120859,121967,125450
chip04,87001,88000,3,1000,113890,116216,117428,6923,6940,6962,112571,113843,113890,115035,115055,115066,115077,115089,115105,115126,116216,116241,116253,116262,116271,116288,116305,116327,117428,117460,119776
chip04,87001,88000,4,1000,115074,116343,118659,6923,6942,6963,113784,115044,115074,115099,116229,116250,116263,116275,116289,116304,116343,117426,117446,117460,117474,117497,117528,118622,118659,118709,122288
chip04,87001,88000,5,1000,116287,117554,119893,6923,6943,6964,113788,116252,116287,116312,116365,117467,117485,117496,117511,117526,117554,118649,118674,118690,118708,118729,119840,119868,119893,121026,124562
chip04,87001,88000,6,1000,115097,116402,118712,6923,6942,6961,112644,115074,115097,115117,115158,116280,116298,116313,116328,116344,116402,117470,117491,117502,117519,117542,117593,118677,118712,119837,123453
chip04,88001,89000,0,1000,124022,127515,132172,6927,6951,6975,118195,122874,124022,124094,125197,125226,126325,126359,126385,126447,127515,127537,127574,128683,128717,129845,129884,131019,132172,133381,143791
chip04,88001,89000,1,1000,119604,121899,124240,6922,6945,6970,117233,119552,119604,120696,120725,120746,120766,121792,121863,121884,121899,121922,121938,123008,123045,123073,123104,124180,124240,125364,127795
chip04,88001,89000,2,1000,117270,119576,120838,6922,6945,6971,114917,117243,117270,117311,118399,118420,118440,118457,118479,118522,119576,119599,119614,119630,119652,120727,120775,120806,120838,121961,125431
chip04,88001,89000,3,1000,115067,117337,118585,6923,6945,6970,113792,115031,115067,116171,116200,116215,116227,116241,116255,116276,117337,117374,117390,117407,117423,117444,117488,118551,118585,119697,122144
chip04,88001,89000,4,1000,115177,117438,118682,6923,6946,6970,113786,115052,115177,116226,116245,116260,116276,116297,117378,117418,117438,117448,117462,117477,117496,118603,118634,118654,118682,119836,122255
chip04,88001,89000,5,1000,116280,117532,119875,6923,6948,6972,113892,116241,116280,116306,116352,117457,117475,117490,117502,117517,117532,118581,118656,118677,118694,118710,118734,119835,119875,121025,123457
chip04,88001,89000,6,1000,115099,116372,118717,6924,6946,6970,113835,115073,115099,115125,115156,116271,116294,116308,116318,116339,116372,117462,117480,117500,117518,117540,118644,118677,118717,119852,124590
chip04,89001,90000,0,1000,124080,127525,131016,6931,6953,6973,119377,123964,124080,125181,125221,125267,126356,126383,126406,127469,127525,127554,127576,128671,128715,128740,129852,129888,131016,132177,135682
chip04,89001,90000,1,1000,120702,123017,125390,6926,6948,6970,117265,119598,120702,120731,120779,121847,121870,121892,121912,121938,123017,123043,123064,123091,123176,124203,124235,124288,125390,126503,130074
chip04,89001,90000,2,1000,117263,118503,120843,6927,6948,6968,114885,117183,117263,117293,117329,118416,118437,118452,118465,118480,118503,119577,119604,119624,119645,119671,120742,120796,120843,121976,124323
chip04,89001,90000,3,1000,115056,116294,118588,6927,6948,6969,113785,115034,115056,115088,116204,116220,116231,116242,116254,116268,116294,117370,117393,117412,117426,117442,117458,117502,118588,118639,120975
chip04,89001,90000,4,1000,116170,117410,118662,6926,6948,6970,113756,115041,116170,116224,116242,116255,116264,116277,116293,116313,117410,117438,117452,117465,117476,117489,117507,118617,118662,118700,121010
chip04,89001,90000,5,1000,116308,118665,121026,6926,6948,6972,113799,116269,116308,117426,117472,117489,117503,117519,117536,117572,118665,118684,118699,118716,118748,119843,119870,119900,121026,121100,126971
chip04,89001,90000,6,1000,115094,116349,118707,6927,6948,6970,112586,115064,115094,115123,115144,116253,116285,116301,116314,116329,116349,116373,117460,117487,117506,117524,117548,118658,118707,119830,122245
chip04,90001,91000,0,1000,125125,127558,133335,6919,6939,6973,120508,124021,125125,125196,125250,126332,126369,126440,127498,127527,127558,128644,128696,128753,129856,130959,131035,132181,133335,134518,144297
chip04,90001,91000,1,1000,120779,124061,126487,6919,6942,6977,118366,120682,120779,121843,121878,121937,122957,123007,123043,123077,124061,124144,124183,124226,124278,125324,125366,125419,126487,126576,130089
chip04,90001,91000,2,1000,117284,119641,123108,6919,6941,6976,113682,117209,117284,118384,118422,118450,119463,119568,119595,119613,119641,120724,120759,120782,120809,121900,121940,121981,123108,124299,130126
chip04,90001,91000,3,1000,115019,116264,118556,6919,6942,6978,113584,114979,115019,115043,115077,116127,116190,116215,116229,116247,116264,116288,117302,117378,117409,117425,117449,117488,118556,118655,122012
chip04,90001,91000,4,1000,115069,117314,118654,6920,6942,6979,113755,115033,115069,116175,116209,116227,116243,116255,116272,116293,117314,117404,117429,117450,117463,117482,117547,118606,118654,118768,122277
chip04,90001,91000,5,1000,116308,118637,119914,6920,6943,6978,114996,116263,116308,117430,117460,117477,117491,117508,117541,118590,118637,118658,118673,118692,118718,119741,119824,119864,119914,121035,123405
chip04,90001,91000,6,1000,115090,116363,118720,6921,6943,6979,113764,115057,115090,115122,116222,116259,116281,116295,116311,116328,116363,117427,117465,117498,117524,117564,118638,118682,118720,119842,124137
chip04,91001,92000,0,1000,124049,127522,131050,6920,6934,6956,120529,123990,124049,125147,125202,125255,126339,126368,126408,127493,127522,127547,128665,128693,128720,129841,129872,130999,131050,132213,138011
chip04,91001,92000,1,1000,120756,124195,127767,6918,6931,6951,118325,120687,120756,121854,121895,122989,123017,123047,123121,124170,124195,124223,125306,125354,125396,126495,126528,127645,127767,128949,134649
chip04,91001,92000,2,1000,117281,119574,121877,6918,6930,6952,116015,117247,117281,118388,118412,118429,118443,118458,118474,119524,119574,119596,119613,119631,119653,120747,120779,120807,121877,121960,124280
chip04,91001,92000,3,1000,115029,116270,118572,6918,6931,6950,113764,115012,115029,115051,115087,116201,116217,116229,116243,116253,116270,116298,117371,117398,117416,117433,117452,118529,118572,119694,123246
chip04,91001,92000,4,1000,115050,116302,118652,6918,6930,6950,113775,115018,115050,116151,116205,116224,116240,116253,116268,116276,116302,117377,117427,117446,117457,117476,117495,118596,118652,118689,121073
chip04,91001,92000,5,1000,116275,117539,119916,6919,6933,6954,114998,116249,116275,116303,117416,117452,117471,117482,117495,117510,117539,118628,118655,118670,118694,118727,119821,119857,119916,121058,125763
chip04,91001,92000,6,1000,115081,117444,118702,6918,6931,6951,113809,115051,115081,116212,116260,116275,116292,116305,116320,116355,117444,117464,117480,117497,117518,117542,118635,118664,118702,119826,122227
chip04,92001,93000,0,1000,125116,127535,132167,6923,6939,6961,120532,124011,125116,125186,125223,126295,126347,126384,126432,127503,127535,127567,128670,128707,128767,129847,129891,131028,132167,133335,137981
chip04,92001,93000,1,1000,121813,124195,128832,6919,6934,6955,118378,120699,121813,121847,121882,122967,123003,123032,123077,124158,124195,124251,125326,125362,125440,126507,126607,127687,128832,130005,134668
chip04,92001,93000,2,1000,117255,118477,120807,6919,6934,6955,114908,116143,117255,117279,117299,117348,118418,118438,118448,118459,118477,118504,119581,119609,119626,119644,119664,120753,120807,121919,125458
chip04,92001,93000,3,1000,115069,117360,118588,6919,6934,6953,113845,115035,115069,116187,116206,116221,116234,116249,116264,116284,117360,117382,117398,117412,117423,117439,117474,118551,118588,118619,120937
chip04,92001,93000,4,1000,115065,117394,118675,6919,6934,6953,113792,115022,115065,116203,116224,116234,116247,116260,116276,116297,117394,117427,117443,117460,117477,117497,117529,118635,118675,118715,121082
chip04,92001,93000,5,1000,116283,118633,120989,6919,6936,6960,114993,116242,116283,116336,117441,117457,117477,117493,117516,118597,118633,118652,118669,118689,118723,119812,119850,119878,120989,121049,125754
chip04,92001,93000,6,1000,116269,118642,121021,6919,6933,6954,112676,115148,116269,116296,116364,117459,117477,117496,117518,118613,118642,118664,118686,118723,119818,119839,119859,119927,121021,122129,125671
chip04,93001,94000,0,1000,125144,128701,134466,6925,6940,6962,121644,124023,125144,125212,126331,126368,126409,127522,127550,128667,128701,128732,129850,129885,131007,131035,132172,133317,134466,135684,143745
chip04,93001,94000,1,1000,120698,123033,125388,6920,6936,6957,118390,120637,120698,120740,121829,121856,121879,121911,122982,123007,123033,123055,123083,124147,124184,124207,124238,125314,125388,126530,128923
chip04,93001,94000,2,1000,118421,119673,123101,6920,6935,6955,116067,117292,118421,118448,118469,118515,119594,119611,119626,119642,119673,120746,120777,120801,120823,121917,121954,121994,123101,124251,130064
chip04,93001,94000,3,1000,115127,117380,118602,6921,6935,6954,113742,115017,115127,116197,116213,116222,116236,116248,116268,117339,117380,117397,117409,117426,117443,117461,118534,118577,118602,118674,123223
chip04,93001,94000,4,1000,116204,117439,118690,6920,6936,6957,113792,115058,116204,116227,116241,116254,116270,116300,117408,117428,117439,117455,117467,117477,117492,117539,118633,118661,118690,119816,121090
chip04,93001,94000,5,1000,116338,118674,121029,6922,6940,6961,115007,116266,116338,117451,117469,117490,117513,117542,118634,118651,118674,118689,118708,119796,119837,119857,119877,119915,121029,122173,124612
chip04,93001,94000,6,1000,116262,117518,119896,6921,6935,6955,113784,115091,116262,116287,116304,116333,117432,117469,117488,117502,117518,117542,118618,118662,118682,118709,118757,119850,119896,121032,125762
chip04,94001,95000,0,1000,125143,128645,132179,6924,6943,6965,121688,124013,125143,125193,126310,126349,126386,127494,127513,127539,128645,128679,128709,129821,129844,129904,131000,131050,132179,133359,140253
chip04,94001,95000,1,1000,120688,123009,125421,6921,6938,6960,118334,120645,120688,120729,121817,121842,121861,121881,121916,122992,123009,123031,123059,124108,124174,124210,124248,125334,125421,126535,132405
chip04,94001,95000,2,1000,119602,123052,125483,6922,6939,6960,117189,119566,119602,120712,120748,120773,120807,121901,121928,121950,123052,123076,123100,123125,124230,124255,124312,125411,125483,127725,133567
chip04,94001,95000,3,1000,116175,117389,119679,6920,6938,6958,113748,115046,116175,116193,116206,116227,116254,117346,117367,117378,117389,117403,117418,117454,118521,118552,118573,118596,119679,119739,121017
chip04,94001,95000,4,1000,116190,117436,118674,6921,6938,6960,113754,115021,116190,116212,116230,116243,116260,116288,117395,117419,117436,117446,117458,117467,117481,117514,118627,118649,118674,118731,121040
chip04,94001,95000,5,1000,117424,118665,121025,6922,6943,6967,115033,116277,117424,117451,117473,117492,117539,118616,118636,118651,118665,118681,118702,119788,119824,119854,119880,120968,121025,121088,124551
chip04,94001,95000,6,1000,116312,118653,121031,6920,6936,6960,113777,116251,116312,117432,117458,117474,117500,118577,118616,118635,118653,118675,118707,119804,119827,119851,119885,120985,121031,122187,124571
chip04,95001,96000,0,1000,124067,127521,131019,6926,6949,6972,121629,124003,124067,125177,125217,126319,126343,126366,126416,127496,127521,127544,128638,128667,128695,129810,129849,130969,131019,132188,137940
chip04,95001,96000,1,1000,119617,121908,125393,6922,6943,6966,117207,119516,119617,120680,120701,120723,120767,121833,121859,121877,121908,122980,123018,123049,123075,124146,124198,124254,125393,126549,133451
chip04,95001,96000,2,1000,120724,123133,127731,6923,6943,6965,117212,119580,120724,120756,120806,121902,121928,121984,123059,123084,123133,124224,124255,124286,125396,125424,126541,126582,127731,128894,133608
chip04,95001,96000,3,1000,116143,117365,118580,6924,6942,6963,113713,114996,116143,116167,116186,116195,116209,116229,116275,117351,117365,117379,117389,117400,117415,117433,118521,118558,118580,118623,120943
chip04,95001,96000,4,1000,116178,117411,118663,6922,6943,6966,113728,115021,116178,116198,116210,116225,116235,116251,116279,117391,117411,117425,117437,117447,117459,117482,117505,118627,118663,118697,121049
chip04,95001,96000,5,1000,117470,119837,122217,6925,6949,6971,116155,117428,117470,118618,118646,118664,118685,118728,119794,119817,119837,119856,119876,120969,121002,121026,121062,122173,122217,123372,127022
chip04,95001,96000,6,1000,117433,119798,122203,6923,6943,6964,115037,117384,117433,117479,118587,118611,118631,118655,118690,119776,119798,119818,119842,119902,120978,121008,121047,122159,122203,123342,125763
chip04,96001,97000,0,1000,126362,132096,137959,6935,6956,6976,121568,125194,126362,127494,128622,128670,129792,129832,130956,130984,132096,132140,133258,133301,134425,134457,135591,136751,137959,141348,152859
chip04,96001,97000,1,1000,120694,123045,126500,6931,6951,6972,117223,119646,120694,120749,121835,121856,121884,122939,123002,123023,123045,123099,124158,124187,124217,124261,125342,125382,126500,127660,130058
chip04,96001,97000,2,1000,119606,123065,126569,6929,6948,6969,117187,119556,119606,120727,120750,120785,121895,121916,121940,123034,123065,123094,123130,124223,124245,124279,125396,125444,126569,127721,132467
chip04,96001,97000,3,1000,116151,117371,118611,6931,6950,6969,113750,116123,116151,116169,116184,116202,117276,117329,117347,117358,117371,117383,117402,117434,118506,118524,118546,118572,118611,119728,120952
chip04,96001,97000,4,1000,116190,117440,118707,6930,6949,6971,113704,116151,116190,116213,116238,116316,117388,117401,117417,117429,117440,117452,117469,118541,118606,118628,118646,118664,118707,119832,123440
chip04,96001,97000,5,1000,117392,118651,121018,6931,6954,6978,114960,116242,117392,117425,117444,117464,117493,118584,118619,118636,118651,118667,118690,118742,119807,119833,119869,119926,121018,122150,124535
chip04,96001,97000,6,1000,117364,118654,121023,6929,6949,6968,114987,116224,117364,117413,117432,117458,117487,118590,118616,118634,118654,118673,118713,119796,119819,119844,119885,120978,121023,122168,125741
chip04,97001,98000,0,1000,125210,129772,134473,6929,6947,6967,121669,124058,125210,126317,127366,127470,127497,127531,128636,128669,129772,129816,130909,130964,131009,132136,133260,133322,134473,136787,143725
chip04,97001,98000,1,1000,119526,121866,125297,6923,6942,6962,117119,119482,119526,119560,120638,120675,120709,120735,120789,121836,121866,121885,121911,122976,123022,123061,124154,124196,125297,125428,130110
chip04,97001,98000,2,1000,119553,121885,124269,6924,6941,6961,117187,118445,119553,119583,119622,120715,120740,120756,120771,120795,121885,121906,121927,121955,123025,123079,123115,124218,124269,125408,130056
chip04,97001,98000,3,1000,117294,118525,120847,6924,6943,6961,114946,116159,117294,117320,117342,117361,117387,118473,118498,118512,118525,118541,118567,119616,119665,119692,119717,119753,120847,120907,124374
chip04,97001,98000,4,1000,116183,117418,119732,6924,6942,6960,114955,116153,116183,116202,116228,117319,117367,117381,117393,117407,117418,117431,117446,117478,118573,118593,118618,118639,119732,119825,123337
chip04,97001,98000,5,1000,116270,118625,120982,6925,6947,6968,114959,116223,116270,117402,117422,117440,117458,117479,117533,118605,118625,118643,118661,118687,119788,119814,119834,119866,120982,121038,124538
chip04,97001,98000,6,1000,116236,118605,120954,6923,6940,6959,114959,116195,116236,117366,117395,117417,117437,117460,117490,118579,118605,118622,118643,118660,118690,119772,119811,119848,120954,121039,123442
chip04,98001,99000,0,1000,125133,128641,133267,6932,6960,6984,121601,123977,125133,125183,126308,126340,127434,127477,127505,128579,128641,128668,129774,129807,129832,130953,130994,132130,133267,134441,140248
chip04,98001,99000,1,1000,119542,121844,124170,6925,6950,6973,117120,119501,119542,119580,120659,120690,120708,120725,120744,121808,121844,121866,121884,121904,121959,123011,123048,123080,124170,124274,130058
chip04,98001,99000,2,1000,118410,120739,123079,6925,6950,6973,115969,118365,118410,119517,119550,119570,119589,119610,120688,120717,120739,120756,120777,121856,121894,121917,121950,123036,123079,124213,127712
chip04,98001,99000,3,1000,117298,118524,120838,6926,6948,6972,113733,116168,117298,117328,117344,117360,117394,118484,118499,118511,118524,118538,118557,118654,119663,119680,119708,119744,120838,120908,124413
chip04,98001,99000,4,1000,116181,117429,119747,6927,6949,6972,114896,116149,116181,116208,116273,117357,117373,117387,117401,117413,117429,117449,118539,118564,118586,118604,118617,118637,119747,119808,122197
chip04,98001,99000,5,1000,116261,118632,120986,6928,6955,6977,114947,116217,116261,117400,117422,117444,117470,117502,118589,118612,118632,118650,118675,118715,119792,119820,119850,119893,120986,121063,128053
chip04,98001,99000,6,1000,117346,118618,120975,6925,6949,6974,114904,116189,117346,117380,117402,117427,117459,118561,118585,118603,118618,118634,118659,119750,119779,119805,119830,120902,120975,121056,127990
chip04,99001,100000,0,1000,125165,129786,135588,6934,6956,6978,121573,124034,125165,126290,126336,127446,127483,128571,128630,128685,129786,129820,130940,130977,132101,132142,133276,134424,135588,137883,143638
chip04,99001,100000,1,1000,119592,122970,125363,6927,6948,6971,117118,119524,119592,120680,120709,120766,121828,121853,121875,121910,122970,122999,123032,123077,124136,124177,124209,125295,125363,126518,130035
chip04,99001,100000,2,1000,118447,120740,123076,6925,6947,6969,115955,118379,118447,119527,119546,119568,119593,120691,120711,120727,120740,120758,120804,121878,121897,121913,121943,123037,123076,124237,127680
chip04,99001,100000,3,1000,117278,118509,120818,6926,6947,6966,114885,116149,117278,117312,117328,117342,117369,118454,118476,118495,118509,118522,118544,119614,119645,119665,119688,119723,120818,120870,123239
chip04,99001,100000,4,1000,116175,117411,119774,6926,6947,6968,114886,116143,116175,116194,116231,117349,117364,117374,117389,117399,117411,117426,117451,118555,118580,118596,118615,118640,119774,119812,123388
chip04,99001,100000,5,1000,117398,119763,121058,6931,6954,6975,114975,117372,117398,117437,118537,118582,118606,118623,118639,118671,119763,119786,119803,119819,119845,120935,120978,121000,121058,122189,125690
chip04,99001,100000,6,1000,117336,118603,120930,6926,6945,6968,114963,116177,117336,117380,117399,117416,117437,117470,118561,118584,118603,118615,118634,118662,119742,119781,119804,119827,120930,120996,123377
